2025-11-15 09:33:56.294 [main] INFO  com.otabi.jcodroneedu.Drone - Drone instance created and ready for connection.
2025-11-15 09:33:56.732 [main] INFO  com.otabi.jcodroneedu.SerialPortManager - Detected CoDrone EDU controller at port cu.usbmodem3973337534311
2025-11-15 09:33:56.772 [main] INFO  com.otabi.jcodroneedu.SerialPortManager - Connected to cu.usbmodem3973337534311
2025-11-15 09:33:56.985 [main] ERROR com.otabi.jcodroneedu.Drone - Connection verification failed - State ready: false, Info available: true
2025-11-15 09:33:57.005 [main] INFO  com.otabi.jcodroneedu.SerialPortManager - Serial port disconnected.
2025-11-15 09:33:57.005 [main] ERROR com.otabi.jcodroneedu.SerialPortManager - Cannot write, serial port is not open.
2025-11-15 09:33:57.018 [main] ERROR com.otabi.jcodroneedu.SerialPortManager - Cannot write, serial port is not open.
2025-11-15 09:33:57.031 [main] ERROR com.otabi.jcodroneedu.SerialPortManager - Cannot write, serial port is not open.
2025-11-15 09:33:57.045 [main] ERROR com.otabi.jcodroneedu.SerialPortManager - Cannot write, serial port is not open.
2025-11-15 09:33:57.057 [main] ERROR com.otabi.jcodroneedu.SerialPortManager - Cannot write, serial port is not open.
2025-11-15 09:33:57.070 [main] ERROR com.otabi.jcodroneedu.SerialPortManager - Cannot write, serial port is not open.
2025-11-15 09:33:57.083 [main] ERROR com.otabi.jcodroneedu.SerialPortManager - Cannot write, serial port is not open.
2025-11-15 09:33:57.096 [main] ERROR com.otabi.jcodroneedu.SerialPortManager - Cannot write, serial port is not open.
2025-11-15 09:33:57.109 [main] ERROR com.otabi.jcodroneedu.SerialPortManager - Cannot write, serial port is not open.
2025-11-15 09:33:57.121 [main] ERROR com.otabi.jcodroneedu.SerialPortManager - Cannot write, serial port is not open.
2025-11-15 09:33:57.134 [main] ERROR com.otabi.jcodroneedu.SerialPortManager - Cannot write, serial port is not open.
2025-11-15 09:33:57.147 [main] ERROR com.otabi.jcodroneedu.SerialPortManager - Cannot write, serial port is not open.
2025-11-15 09:33:57.160 [main] ERROR com.otabi.jcodroneedu.SerialPortManager - Cannot write, serial port is not open.
2025-11-15 09:33:57.199 [main] ERROR com.otabi.jcodroneedu.SerialPortManager - Cannot write, serial port is not open.
2025-11-15 09:33:57.253 [main] ERROR com.otabi.jcodroneedu.SerialPortManager - Cannot write, serial port is not open.
2025-11-15 09:33:57.318 [main] ERROR com.otabi.jcodroneedu.SerialPortManager - Cannot write, serial port is not open.
2025-11-15 09:33:57.378 [main] ERROR com.otabi.jcodroneedu.SerialPortManager - Cannot write, serial port is not open.
2025-11-15 09:33:57.435 [main] ERROR com.otabi.jcodroneedu.SerialPortManager - Cannot write, serial port is not open.
2025-11-15 09:33:57.495 [main] ERROR com.otabi.jcodroneedu.SerialPortManager - Cannot write, serial port is not open.
2025-11-15 09:33:57.555 [main] ERROR com.otabi.jcodroneedu.SerialPortManager - Cannot write, serial port is not open.
2025-11-15 09:33:57.614 [main] ERROR com.otabi.jcodroneedu.SerialPortManager - Cannot write, serial port is not open.
2025-11-15 09:33:57.675 [main] ERROR com.otabi.jcodroneedu.SerialPortManager - Cannot write, serial port is not open.
2025-11-15 09:33:57.738 [main] ERROR com.otabi.jcodroneedu.SerialPortManager - Cannot write, serial port is not open.
2025-11-15 09:33:57.797 [main] ERROR com.otabi.jcodroneedu.SerialPortManager - Cannot write, serial port is not open.
2025-11-15 09:33:57.857 [main] ERROR com.otabi.jcodroneedu.SerialPortManager - Cannot write, serial port is not open.
2025-11-15 09:33:57.915 [main] ERROR com.otabi.jcodroneedu.SerialPortManager - Cannot write, serial port is not open.
2025-11-15 09:33:57.978 [main] ERROR com.otabi.jcodroneedu.SerialPortManager - Cannot write, serial port is not open.
2025-11-15 09:33:58.038 [main] ERROR com.otabi.jcodroneedu.SerialPortManager - Cannot write, serial port is not open.
2025-11-15 09:33:58.098 [main] ERROR com.otabi.jcodroneedu.SerialPortManager - Cannot write, serial port is not open.
2025-11-15 09:33:58.158 [main] ERROR com.otabi.jcodroneedu.SerialPortManager - Cannot write, serial port is not open.
2025-11-15 09:33:58.213 [main] ERROR com.otabi.jcodroneedu.SerialPortManager - Cannot write, serial port is not open.
2025-11-15 09:33:58.278 [main] ERROR com.otabi.jcodroneedu.SerialPortManager - Cannot write, serial port is not open.
2025-11-15 09:33:58.336 [main] ERROR com.otabi.jcodroneedu.SerialPortManager - Cannot write, serial port is not open.
2025-11-15 09:33:58.395 [main] ERROR com.otabi.jcodroneedu.SerialPortManager - Cannot write, serial port is not open.
2025-11-15 09:33:58.453 [main] ERROR com.otabi.jcodroneedu.SerialPortManager - Cannot write, serial port is not open.
2025-11-15 09:33:58.518 [main] ERROR com.otabi.jcodroneedu.SerialPortManager - Cannot write, serial port is not open.
2025-11-15 09:33:58.578 [main] ERROR com.otabi.jcodroneedu.SerialPortManager - Cannot write, serial port is not open.
2025-11-15 09:33:58.636 [main] ERROR com.otabi.jcodroneedu.SerialPortManager - Cannot write, serial port is not open.
2025-11-15 09:33:58.694 [main] ERROR com.otabi.jcodroneedu.SerialPortManager - Cannot write, serial port is not open.
2025-11-15 09:33:58.753 [main] ERROR com.otabi.jcodroneedu.SerialPortManager - Cannot write, serial port is not open.
2025-11-15 09:33:58.818 [main] ERROR com.otabi.jcodroneedu.SerialPortManager - Cannot write, serial port is not open.
2025-11-15 09:33:58.877 [main] ERROR com.otabi.jcodroneedu.SerialPortManager - Cannot write, serial port is not open.
2025-11-15 09:33:58.938 [main] ERROR com.otabi.jcodroneedu.SerialPortManager - Cannot write, serial port is not open.
2025-11-15 09:33:58.998 [main] ERROR com.otabi.jcodroneedu.SerialPortManager - Cannot write, serial port is not open.
2025-11-15 09:33:59.057 [main] ERROR com.otabi.jcodroneedu.SerialPortManager - Cannot write, serial port is not open.
2025-11-15 09:33:59.118 [main] ERROR com.otabi.jcodroneedu.SerialPortManager - Cannot write, serial port is not open.
2025-11-15 09:33:59.177 [main] ERROR com.otabi.jcodroneedu.SerialPortManager - Cannot write, serial port is not open.
2025-11-15 09:33:59.236 [main] ERROR com.otabi.jcodroneedu.SerialPortManager - Cannot write, serial port is not open.
2025-11-15 09:33:59.297 [main] ERROR com.otabi.jcodroneedu.SerialPortManager - Cannot write, serial port is not open.
2025-11-15 09:33:59.358 [main] ERROR com.otabi.jcodroneedu.SerialPortManager - Cannot write, serial port is not open.
2025-11-15 09:33:59.416 [main] ERROR com.otabi.jcodroneedu.SerialPortManager - Cannot write, serial port is not open.
2025-11-15 09:33:59.477 [main] ERROR com.otabi.jcodroneedu.SerialPortManager - Cannot write, serial port is not open.
2025-11-15 09:33:59.536 [main] ERROR com.otabi.jcodroneedu.SerialPortManager - Cannot write, serial port is not open.
2025-11-15 09:33:59.594 [main] ERROR com.otabi.jcodroneedu.SerialPortManager - Cannot write, serial port is not open.
2025-11-15 09:33:59.653 [main] ERROR com.otabi.jcodroneedu.SerialPortManager - Cannot write, serial port is not open.
2025-11-15 09:33:59.718 [main] ERROR com.otabi.jcodroneedu.SerialPortManager - Cannot write, serial port is not open.
2025-11-15 09:33:59.777 [main] ERROR com.otabi.jcodroneedu.SerialPortManager - Cannot write, serial port is not open.
2025-11-15 09:33:59.835 [main] ERROR com.otabi.jcodroneedu.SerialPortManager - Cannot write, serial port is not open.
2025-11-15 09:33:59.893 [main] ERROR com.otabi.jcodroneedu.SerialPortManager - Cannot write, serial port is not open.
2025-11-15 09:33:59.954 [main] ERROR com.otabi.jcodroneedu.SerialPortManager - Cannot write, serial port is not open.
2025-11-15 09:34:00.014 [main] ERROR com.otabi.jcodroneedu.SerialPortManager - Cannot write, serial port is not open.
2025-11-15 09:34:00.078 [main] ERROR com.otabi.jcodroneedu.SerialPortManager - Cannot write, serial port is not open.
2025-11-15 09:34:00.138 [main] ERROR com.otabi.jcodroneedu.SerialPortManager - Cannot write, serial port is not open.
2025-11-15 09:34:00.198 [main] ERROR com.otabi.jcodroneedu.SerialPortManager - Cannot write, serial port is not open.
2025-11-15 09:34:00.256 [main] ERROR com.otabi.jcodroneedu.SerialPortManager - Cannot write, serial port is not open.
2025-11-15 09:34:00.318 [main] ERROR com.otabi.jcodroneedu.SerialPortManager - Cannot write, serial port is not open.
2025-11-15 09:34:00.377 [main] ERROR com.otabi.jcodroneedu.SerialPortManager - Cannot write, serial port is not open.
2025-11-15 09:34:00.436 [main] ERROR com.otabi.jcodroneedu.SerialPortManager - Cannot write, serial port is not open.
2025-11-15 09:34:00.494 [main] ERROR com.otabi.jcodroneedu.SerialPortManager - Cannot write, serial port is not open.
2025-11-15 09:34:00.554 [main] ERROR com.otabi.jcodroneedu.SerialPortManager - Cannot write, serial port is not open.
2025-11-15 09:34:00.614 [main] ERROR com.otabi.jcodroneedu.SerialPortManager - Cannot write, serial port is not open.
2025-11-15 09:34:00.678 [main] ERROR com.otabi.jcodroneedu.SerialPortManager - Cannot write, serial port is not open.
2025-11-15 09:34:00.736 [main] ERROR com.otabi.jcodroneedu.SerialPortManager - Cannot write, serial port is not open.
2025-11-15 09:34:00.796 [main] ERROR com.otabi.jcodroneedu.SerialPortManager - Cannot write, serial port is not open.
2025-11-15 09:34:00.853 [main] ERROR com.otabi.jcodroneedu.SerialPortManager - Cannot write, serial port is not open.
2025-11-15 09:34:00.918 [main] ERROR com.otabi.jcodroneedu.SerialPortManager - Cannot write, serial port is not open.
2025-11-15 09:34:00.974 [main] ERROR com.otabi.jcodroneedu.SerialPortManager - Cannot write, serial port is not open.
2025-11-15 09:34:01.038 [main] ERROR com.otabi.jcodroneedu.SerialPortManager - Cannot write, serial port is not open.
2025-11-15 09:34:05.055 [main] ERROR com.otabi.jcodroneedu.SerialPortManager - Cannot write, serial port is not open.
2025-11-15 09:34:05.056 [main] ERROR com.otabi.jcodroneedu.SerialPortManager - Cannot write, serial port is not open.
2025-11-15 09:34:05.056 [main] ERROR com.otabi.jcodroneedu.SerialPortManager - Cannot write, serial port is not open.
2025-11-15 09:34:05.056 [main] ERROR com.otabi.jcodroneedu.SerialPortManager - Cannot write, serial port is not open.
2025-11-15 09:34:05.056 [main] ERROR com.otabi.jcodroneedu.SerialPortManager - Cannot write, serial port is not open.
2025-11-15 09:34:05.056 [main] ERROR com.otabi.jcodroneedu.SerialPortManager - Cannot write, serial port is not open.
2025-11-15 09:34:05.057 [main] ERROR com.otabi.jcodroneedu.SerialPortManager - Cannot write, serial port is not open.
2025-11-15 09:34:05.057 [main] ERROR com.otabi.jcodroneedu.SerialPortManager - Cannot write, serial port is not open.
2025-11-15 09:34:05.057 [main] ERROR com.otabi.jcodroneedu.SerialPortManager - Cannot write, serial port is not open.
2025-11-15 09:34:05.057 [main] ERROR com.otabi.jcodroneedu.SerialPortManager - Cannot write, serial port is not open.
2025-11-15 09:34:05.057 [main] ERROR com.otabi.jcodroneedu.SerialPortManager - Cannot write, serial port is not open.
2025-11-15 09:34:05.057 [main] ERROR com.otabi.jcodroneedu.SerialPortManager - Cannot write, serial port is not open.
2025-11-15 09:34:05.057 [main] ERROR com.otabi.jcodroneedu.SerialPortManager - Cannot write, serial port is not open.
2025-11-15 09:34:05.057 [main] ERROR com.otabi.jcodroneedu.SerialPortManager - Cannot write, serial port is not open.
2025-11-15 09:34:05.057 [main] ERROR com.otabi.jcodroneedu.SerialPortManager - Cannot write, serial port is not open.
2025-11-15 09:34:05.058 [main] ERROR com.otabi.jcodroneedu.SerialPortManager - Cannot write, serial port is not open.
2025-11-15 09:34:05.058 [main] ERROR com.otabi.jcodroneedu.SerialPortManager - Cannot write, serial port is not open.
2025-11-15 09:34:05.077 [main] ERROR com.otabi.jcodroneedu.SerialPortManager - Cannot write, serial port is not open.
2025-11-15 09:34:05.136 [main] ERROR com.otabi.jcodroneedu.SerialPortManager - Cannot write, serial port is not open.
2025-11-15 09:34:05.200 [main] ERROR com.otabi.jcodroneedu.SerialPortManager - Cannot write, serial port is not open.
2025-11-15 09:34:05.258 [main] ERROR com.otabi.jcodroneedu.SerialPortManager - Cannot write, serial port is not open.
2025-11-15 09:34:05.320 [main] ERROR com.otabi.jcodroneedu.SerialPortManager - Cannot write, serial port is not open.
2025-11-15 09:34:05.376 [main] ERROR com.otabi.jcodroneedu.SerialPortManager - Cannot write, serial port is not open.
2025-11-15 09:34:05.436 [main] ERROR com.otabi.jcodroneedu.SerialPortManager - Cannot write, serial port is not open.
2025-11-15 09:34:05.498 [main] ERROR com.otabi.jcodroneedu.SerialPortManager - Cannot write, serial port is not open.
2025-11-15 09:34:05.561 [main] ERROR com.otabi.jcodroneedu.SerialPortManager - Cannot write, serial port is not open.
2025-11-15 09:34:05.620 [main] ERROR com.otabi.jcodroneedu.SerialPortManager - Cannot write, serial port is not open.
2025-11-15 09:34:05.679 [main] ERROR com.otabi.jcodroneedu.SerialPortManager - Cannot write, serial port is not open.
2025-11-15 09:34:05.738 [main] ERROR com.otabi.jcodroneedu.SerialPortManager - Cannot write, serial port is not open.
2025-11-15 09:34:05.797 [main] ERROR com.otabi.jcodroneedu.SerialPortManager - Cannot write, serial port is not open.
2025-11-15 09:34:05.856 [main] ERROR com.otabi.jcodroneedu.SerialPortManager - Cannot write, serial port is not open.
2025-11-15 09:34:05.919 [main] ERROR com.otabi.jcodroneedu.SerialPortManager - Cannot write, serial port is not open.
2025-11-15 09:34:05.978 [main] ERROR com.otabi.jcodroneedu.SerialPortManager - Cannot write, serial port is not open.
2025-11-15 09:34:06.037 [main] ERROR com.otabi.jcodroneedu.SerialPortManager - Cannot write, serial port is not open.
2025-11-15 09:34:06.100 [main] ERROR com.otabi.jcodroneedu.SerialPortManager - Cannot write, serial port is not open.
2025-11-15 09:34:06.160 [main] ERROR com.otabi.jcodroneedu.SerialPortManager - Cannot write, serial port is not open.
2025-11-15 09:34:06.220 [main] ERROR com.otabi.jcodroneedu.SerialPortManager - Cannot write, serial port is not open.
2025-11-15 09:34:06.281 [main] ERROR com.otabi.jcodroneedu.SerialPortManager - Cannot write, serial port is not open.
2025-11-15 09:34:06.337 [main] ERROR com.otabi.jcodroneedu.SerialPortManager - Cannot write, serial port is not open.
2025-11-15 09:34:06.401 [main] ERROR com.otabi.jcodroneedu.SerialPortManager - Cannot write, serial port is not open.
2025-11-15 09:34:06.460 [main] ERROR com.otabi.jcodroneedu.SerialPortManager - Cannot write, serial port is not open.
2025-11-15 09:34:06.520 [main] ERROR com.otabi.jcodroneedu.SerialPortManager - Cannot write, serial port is not open.
2025-11-15 09:34:06.577 [main] ERROR com.otabi.jcodroneedu.SerialPortManager - Cannot write, serial port is not open.
2025-11-15 09:34:06.637 [main] ERROR com.otabi.jcodroneedu.SerialPortManager - Cannot write, serial port is not open.
2025-11-15 09:34:06.701 [main] ERROR com.otabi.jcodroneedu.SerialPortManager - Cannot write, serial port is not open.
2025-11-15 09:34:06.757 [main] ERROR com.otabi.jcodroneedu.SerialPortManager - Cannot write, serial port is not open.
2025-11-15 09:34:06.820 [main] ERROR com.otabi.jcodroneedu.SerialPortManager - Cannot write, serial port is not open.
2025-11-15 09:34:06.880 [main] ERROR com.otabi.jcodroneedu.SerialPortManager - Cannot write, serial port is not open.
2025-11-15 09:34:06.938 [main] ERROR com.otabi.jcodroneedu.SerialPortManager - Cannot write, serial port is not open.
2025-11-15 09:34:06.996 [main] ERROR com.otabi.jcodroneedu.SerialPortManager - Cannot write, serial port is not open.
2025-11-15 09:34:07.061 [main] ERROR com.otabi.jcodroneedu.SerialPortManager - Cannot write, serial port is not open.
2025-11-15 09:34:07.119 [main] ERROR com.otabi.jcodroneedu.SerialPortManager - Cannot write, serial port is not open.
2025-11-15 09:34:07.179 [main] ERROR com.otabi.jcodroneedu.SerialPortManager - Cannot write, serial port is not open.
2025-11-15 09:34:07.236 [main] ERROR com.otabi.jcodroneedu.SerialPortManager - Cannot write, serial port is not open.
2025-11-15 09:34:07.300 [main] ERROR com.otabi.jcodroneedu.SerialPortManager - Cannot write, serial port is not open.
2025-11-15 09:34:07.360 [main] ERROR com.otabi.jcodroneedu.SerialPortManager - Cannot write, serial port is not open.
2025-11-15 09:34:07.421 [main] ERROR com.otabi.jcodroneedu.SerialPortManager - Cannot write, serial port is not open.
2025-11-15 09:34:07.481 [main] ERROR com.otabi.jcodroneedu.SerialPortManager - Cannot write, serial port is not open.
2025-11-15 09:34:07.540 [main] ERROR com.otabi.jcodroneedu.SerialPortManager - Cannot write, serial port is not open.
2025-11-15 09:34:07.600 [main] ERROR com.otabi.jcodroneedu.SerialPortManager - Cannot write, serial port is not open.
2025-11-15 09:34:07.659 [main] ERROR com.otabi.jcodroneedu.SerialPortManager - Cannot write, serial port is not open.
2025-11-15 09:34:07.720 [main] ERROR com.otabi.jcodroneedu.SerialPortManager - Cannot write, serial port is not open.
2025-11-15 09:34:07.780 [main] ERROR com.otabi.jcodroneedu.SerialPortManager - Cannot write, serial port is not open.
2025-11-15 09:34:07.840 [main] ERROR com.otabi.jcodroneedu.SerialPortManager - Cannot write, serial port is not open.
2025-11-15 09:34:07.898 [main] ERROR com.otabi.jcodroneedu.SerialPortManager - Cannot write, serial port is not open.
2025-11-15 09:34:07.959 [main] ERROR com.otabi.jcodroneedu.SerialPortManager - Cannot write, serial port is not open.
2025-11-15 09:34:08.018 [main] ERROR com.otabi.jcodroneedu.SerialPortManager - Cannot write, serial port is not open.
2025-11-15 09:34:08.077 [main] ERROR com.otabi.jcodroneedu.SerialPortManager - Cannot write, serial port is not open.
2025-11-15 09:34:08.138 [main] ERROR com.otabi.jcodroneedu.SerialPortManager - Cannot write, serial port is not open.
2025-11-15 09:34:08.200 [main] ERROR com.otabi.jcodroneedu.SerialPortManager - Cannot write, serial port is not open.
2025-11-15 09:34:08.259 [main] ERROR com.otabi.jcodroneedu.SerialPortManager - Cannot write, serial port is not open.
2025-11-15 09:34:08.318 [main] ERROR com.otabi.jcodroneedu.SerialPortManager - Cannot write, serial port is not open.
2025-11-15 09:34:08.377 [main] ERROR com.otabi.jcodroneedu.SerialPortManager - Cannot write, serial port is not open.
2025-11-15 09:34:08.436 [main] ERROR com.otabi.jcodroneedu.SerialPortManager - Cannot write, serial port is not open.
2025-11-15 09:34:08.500 [main] ERROR com.otabi.jcodroneedu.SerialPortManager - Cannot write, serial port is not open.
2025-11-15 09:34:08.560 [main] ERROR com.otabi.jcodroneedu.SerialPortManager - Cannot write, serial port is not open.
2025-11-15 09:34:08.620 [main] ERROR com.otabi.jcodroneedu.SerialPortManager - Cannot write, serial port is not open.
2025-11-15 09:34:08.679 [main] ERROR com.otabi.jcodroneedu.SerialPortManager - Cannot write, serial port is not open.
2025-11-15 09:34:08.736 [main] ERROR com.otabi.jcodroneedu.SerialPortManager - Cannot write, serial port is not open.
2025-11-15 09:34:08.800 [main] ERROR com.otabi.jcodroneedu.SerialPortManager - Cannot write, serial port is not open.
2025-11-15 09:34:08.859 [main] ERROR com.otabi.jcodroneedu.SerialPortManager - Cannot write, serial port is not open.
2025-11-15 09:34:08.920 [main] ERROR com.otabi.jcodroneedu.SerialPortManager - Cannot write, serial port is not open.
2025-11-15 09:34:08.977 [main] ERROR com.otabi.jcodroneedu.SerialPortManager - Cannot write, serial port is not open.
2025-11-15 09:34:09.038 [main] ERROR com.otabi.jcodroneedu.SerialPortManager - Cannot write, serial port is not open.
2025-11-15 09:34:09.096 [main] ERROR com.otabi.jcodroneedu.SerialPortManager - Cannot write, serial port is not open.
2025-11-15 09:34:09.158 [main] ERROR com.otabi.jcodroneedu.SerialPortManager - Cannot write, serial port is not open.
2025-11-15 09:34:09.220 [main] ERROR com.otabi.jcodroneedu.SerialPortManager - Cannot write, serial port is not open.
2025-11-15 09:34:09.280 [main] ERROR com.otabi.jcodroneedu.SerialPortManager - Cannot write, serial port is not open.
2025-11-15 09:34:09.336 [main] ERROR com.otabi.jcodroneedu.SerialPortManager - Cannot write, serial port is not open.
2025-11-15 09:34:09.399 [main] ERROR com.otabi.jcodroneedu.SerialPortManager - Cannot write, serial port is not open.
2025-11-15 09:34:09.457 [main] ERROR com.otabi.jcodroneedu.SerialPortManager - Cannot write, serial port is not open.
2025-11-15 09:34:09.520 [main] ERROR com.otabi.jcodroneedu.SerialPortManager - Cannot write, serial port is not open.
2025-11-15 09:34:09.577 [main] ERROR com.otabi.jcodroneedu.SerialPortManager - Cannot write, serial port is not open.
2025-11-15 09:34:09.637 [main] ERROR com.otabi.jcodroneedu.SerialPortManager - Cannot write, serial port is not open.
2025-11-15 09:34:09.696 [main] ERROR com.otabi.jcodroneedu.SerialPortManager - Cannot write, serial port is not open.
2025-11-15 09:34:09.756 [main] ERROR com.otabi.jcodroneedu.SerialPortManager - Cannot write, serial port is not open.
2025-11-15 09:34:09.817 [main] ERROR com.otabi.jcodroneedu.SerialPortManager - Cannot write, serial port is not open.
2025-11-15 09:34:09.880 [main] ERROR com.otabi.jcodroneedu.SerialPortManager - Cannot write, serial port is not open.
2025-11-15 09:34:09.939 [main] ERROR com.otabi.jcodroneedu.SerialPortManager - Cannot write, serial port is not open.
2025-11-15 09:34:09.998 [main] ERROR com.otabi.jcodroneedu.SerialPortManager - Cannot write, serial port is not open.
2025-11-15 09:34:10.060 [main] ERROR com.otabi.jcodroneedu.SerialPortManager - Cannot write, serial port is not open.
2025-11-15 09:34:10.119 [main] ERROR com.otabi.jcodroneedu.SerialPortManager - Cannot write, serial port is not open.
2025-11-15 09:34:10.178 [main] ERROR com.otabi.jcodroneedu.SerialPortManager - Cannot write, serial port is not open.
2025-11-15 09:34:10.240 [main] ERROR com.otabi.jcodroneedu.SerialPortManager - Cannot write, serial port is not open.
2025-11-15 09:34:10.298 [main] ERROR com.otabi.jcodroneedu.SerialPortManager - Cannot write, serial port is not open.
2025-11-15 09:34:10.357 [main] ERROR com.otabi.jcodroneedu.SerialPortManager - Cannot write, serial port is not open.
2025-11-15 09:34:10.419 [main] ERROR com.otabi.jcodroneedu.SerialPortManager - Cannot write, serial port is not open.
2025-11-15 09:34:10.477 [main] ERROR com.otabi.jcodroneedu.SerialPortManager - Cannot write, serial port is not open.
2025-11-15 09:34:10.536 [main] ERROR com.otabi.jcodroneedu.SerialPortManager - Cannot write, serial port is not open.
2025-11-15 09:34:10.600 [main] ERROR com.otabi.jcodroneedu.SerialPortManager - Cannot write, serial port is not open.
2025-11-15 09:34:10.660 [main] ERROR com.otabi.jcodroneedu.SerialPortManager - Cannot write, serial port is not open.
2025-11-15 09:34:10.715 [main] ERROR com.otabi.jcodroneedu.SerialPortManager - Cannot write, serial port is not open.
2025-11-15 09:34:10.780 [main] ERROR com.otabi.jcodroneedu.SerialPortManager - Cannot write, serial port is not open.
2025-11-15 09:34:10.836 [main] ERROR com.otabi.jcodroneedu.SerialPortManager - Cannot write, serial port is not open.
2025-11-15 09:34:10.898 [main] ERROR com.otabi.jcodroneedu.SerialPortManager - Cannot write, serial port is not open.
2025-11-15 09:34:10.957 [main] ERROR com.otabi.jcodroneedu.SerialPortManager - Cannot write, serial port is not open.
2025-11-15 09:34:11.020 [main] ERROR com.otabi.jcodroneedu.SerialPortManager - Cannot write, serial port is not open.
2025-11-15 09:34:11.080 [main] ERROR com.otabi.jcodroneedu.SerialPortManager - Cannot write, serial port is not open.
2025-11-15 09:34:11.137 [main] ERROR com.otabi.jcodroneedu.SerialPortManager - Cannot write, serial port is not open.
2025-11-15 09:34:11.198 [main] ERROR com.otabi.jcodroneedu.SerialPortManager - Cannot write, serial port is not open.
2025-11-15 09:34:11.255 [main] ERROR com.otabi.jcodroneedu.SerialPortManager - Cannot write, serial port is not open.
2025-11-15 09:34:11.320 [main] ERROR com.otabi.jcodroneedu.SerialPortManager - Cannot write, serial port is not open.
2025-11-15 09:34:11.376 [main] ERROR com.otabi.jcodroneedu.SerialPortManager - Cannot write, serial port is not open.
2025-11-15 09:34:11.437 [main] ERROR com.otabi.jcodroneedu.SerialPortManager - Cannot write, serial port is not open.
2025-11-15 09:34:11.497 [main] ERROR com.otabi.jcodroneedu.SerialPortManager - Cannot write, serial port is not open.
2025-11-15 09:34:11.557 [main] ERROR com.otabi.jcodroneedu.SerialPortManager - Cannot write, serial port is not open.
2025-11-15 09:34:11.619 [main] ERROR com.otabi.jcodroneedu.SerialPortManager - Cannot write, serial port is not open.
2025-11-15 09:34:11.678 [main] ERROR com.otabi.jcodroneedu.SerialPortManager - Cannot write, serial port is not open.
2025-11-15 09:34:11.736 [main] ERROR com.otabi.jcodroneedu.SerialPortManager - Cannot write, serial port is not open.
2025-11-15 09:34:11.796 [main] ERROR com.otabi.jcodroneedu.SerialPortManager - Cannot write, serial port is not open.
2025-11-15 09:34:11.860 [main] ERROR com.otabi.jcodroneedu.SerialPortManager - Cannot write, serial port is not open.
2025-11-15 09:34:11.919 [main] ERROR com.otabi.jcodroneedu.SerialPortManager - Cannot write, serial port is not open.
2025-11-15 09:34:11.980 [main] ERROR com.otabi.jcodroneedu.SerialPortManager - Cannot write, serial port is not open.
2025-11-15 09:34:12.039 [main] ERROR com.otabi.jcodroneedu.SerialPortManager - Cannot write, serial port is not open.
2025-11-15 09:34:12.097 [main] ERROR com.otabi.jcodroneedu.SerialPortManager - Cannot write, serial port is not open.
2025-11-15 09:34:12.158 [main] ERROR com.otabi.jcodroneedu.SerialPortManager - Cannot write, serial port is not open.
2025-11-15 09:34:12.220 [main] ERROR com.otabi.jcodroneedu.SerialPortManager - Cannot write, serial port is not open.
2025-11-15 09:34:12.279 [main] ERROR com.otabi.jcodroneedu.SerialPortManager - Cannot write, serial port is not open.
2025-11-15 09:34:12.338 [main] ERROR com.otabi.jcodroneedu.SerialPortManager - Cannot write, serial port is not open.
2025-11-15 09:35:01.950 [main] INFO  com.otabi.jcodroneedu.Drone - Drone instance created and ready for connection.
2025-11-15 09:35:01.962 [main] INFO  com.otabi.jcodroneedu.SerialPortManager - Detected CoDrone EDU controller at port cu.usbmodem3973337534311
2025-11-15 09:35:02.001 [main] INFO  com.otabi.jcodroneedu.SerialPortManager - Connected to cu.usbmodem3973337534311
2025-11-15 09:35:02.209 [main] INFO  com.otabi.jcodroneedu.Drone - Connection established - Model: DRONE_8_DRONE_P1, Firmware: 25.2.1, Battery: 74%
2025-11-15 09:35:26.416 [Thread-1] WARN  com.otabi.jcodroneedu.SerialPortManager - Error reading from serial port: The read operation timed out before any data was returned.
2025-11-15 09:35:26.519 [Thread-1] WARN  com.otabi.jcodroneedu.SerialPortManager - Error reading from serial port: The read operation timed out before any data was returned.
2025-11-15 09:35:26.621 [Thread-1] WARN  com.otabi.jcodroneedu.SerialPortManager - Error reading from serial port: The read operation timed out before any data was returned.
2025-11-15 09:35:26.723 [Thread-1] WARN  com.otabi.jcodroneedu.SerialPortManager - Error reading from serial port: The read operation timed out before any data was returned.
2025-11-15 09:35:26.825 [Thread-1] WARN  com.otabi.jcodroneedu.SerialPortManager - Error reading from serial port: The read operation timed out before any data was returned.
2025-11-15 09:35:26.927 [Thread-1] WARN  com.otabi.jcodroneedu.SerialPortManager - Error reading from serial port: The read operation timed out before any data was returned.
2025-11-15 09:35:26.927 [Thread-1] ERROR com.otabi.jcodroneedu.SerialPortManager - Repeated communication errors. Closing port.
2025-11-15 09:35:27.447 [Thread-1] INFO  com.otabi.jcodroneedu.SerialPortManager - Serial port disconnected.
2025-11-15 09:35:27.637 [main] ERROR com.otabi.jcodroneedu.SerialPortManager - Cannot write, serial port is not open.
2025-11-15 09:35:27.637 [main] ERROR com.otabi.jcodroneedu.SerialPortManager - Cannot write, serial port is not open.
2025-11-15 09:35:27.637 [main] ERROR com.otabi.jcodroneedu.SerialPortManager - Cannot write, serial port is not open.
2025-11-15 09:35:27.638 [main] ERROR com.otabi.jcodroneedu.SerialPortManager - Cannot write, serial port is not open.
2025-11-15 09:35:27.638 [main] ERROR com.otabi.jcodroneedu.SerialPortManager - Cannot write, serial port is not open.
2025-11-15 09:35:27.638 [main] ERROR com.otabi.jcodroneedu.SerialPortManager - Cannot write, serial port is not open.
2025-11-15 09:35:27.638 [main] ERROR com.otabi.jcodroneedu.SerialPortManager - Cannot write, serial port is not open.
2025-11-15 09:35:27.638 [main] ERROR com.otabi.jcodroneedu.SerialPortManager - Cannot write, serial port is not open.
2025-11-15 09:35:27.638 [main] ERROR com.otabi.jcodroneedu.SerialPortManager - Cannot write, serial port is not open.
2025-11-15 09:35:27.639 [main] ERROR com.otabi.jcodroneedu.SerialPortManager - Cannot write, serial port is not open.
2025-11-15 09:35:27.639 [main] ERROR com.otabi.jcodroneedu.SerialPortManager - Cannot write, serial port is not open.
2025-11-15 09:35:27.639 [main] ERROR com.otabi.jcodroneedu.SerialPortManager - Cannot write, serial port is not open.
2025-11-15 09:35:27.639 [main] ERROR com.otabi.jcodroneedu.SerialPortManager - Cannot write, serial port is not open.
2025-11-15 09:35:27.639 [main] ERROR com.otabi.jcodroneedu.SerialPortManager - Cannot write, serial port is not open.
2025-11-15 09:35:27.639 [main] ERROR com.otabi.jcodroneedu.SerialPortManager - Cannot write, serial port is not open.
2025-11-15 09:35:27.639 [main] ERROR com.otabi.jcodroneedu.SerialPortManager - Cannot write, serial port is not open.
2025-11-15 09:35:27.650 [main] ERROR com.otabi.jcodroneedu.SerialPortManager - Cannot write, serial port is not open.
2025-11-15 09:35:27.709 [main] ERROR com.otabi.jcodroneedu.SerialPortManager - Cannot write, serial port is not open.
2025-11-15 09:35:27.773 [main] ERROR com.otabi.jcodroneedu.SerialPortManager - Cannot write, serial port is not open.
2025-11-15 09:35:27.831 [main] ERROR com.otabi.jcodroneedu.SerialPortManager - Cannot write, serial port is not open.
2025-11-15 09:35:27.888 [main] ERROR com.otabi.jcodroneedu.SerialPortManager - Cannot write, serial port is not open.
2025-11-15 09:35:27.953 [main] ERROR com.otabi.jcodroneedu.SerialPortManager - Cannot write, serial port is not open.
2025-11-15 09:35:28.013 [main] ERROR com.otabi.jcodroneedu.SerialPortManager - Cannot write, serial port is not open.
2025-11-15 09:35:28.073 [main] ERROR com.otabi.jcodroneedu.SerialPortManager - Cannot write, serial port is not open.
2025-11-15 09:35:28.133 [main] ERROR com.otabi.jcodroneedu.SerialPortManager - Cannot write, serial port is not open.
2025-11-15 09:35:28.189 [main] ERROR com.otabi.jcodroneedu.SerialPortManager - Cannot write, serial port is not open.
2025-11-15 09:35:28.253 [main] ERROR com.otabi.jcodroneedu.SerialPortManager - Cannot write, serial port is not open.
2025-11-15 09:35:28.313 [main] ERROR com.otabi.jcodroneedu.SerialPortManager - Cannot write, serial port is not open.
2025-11-15 09:35:28.372 [main] ERROR com.otabi.jcodroneedu.SerialPortManager - Cannot write, serial port is not open.
2025-11-15 09:35:28.431 [main] ERROR com.otabi.jcodroneedu.SerialPortManager - Cannot write, serial port is not open.
2025-11-15 09:35:28.493 [main] ERROR com.otabi.jcodroneedu.SerialPortManager - Cannot write, serial port is not open.
2025-11-15 09:35:28.553 [main] ERROR com.otabi.jcodroneedu.SerialPortManager - Cannot write, serial port is not open.
2025-11-15 09:35:28.611 [main] ERROR com.otabi.jcodroneedu.SerialPortManager - Cannot write, serial port is not open.
2025-11-15 09:35:28.670 [main] ERROR com.otabi.jcodroneedu.SerialPortManager - Cannot write, serial port is not open.
2025-11-15 09:35:28.733 [main] ERROR com.otabi.jcodroneedu.SerialPortManager - Cannot write, serial port is not open.
2025-11-15 09:35:28.793 [main] ERROR com.otabi.jcodroneedu.SerialPortManager - Cannot write, serial port is not open.
2025-11-15 09:35:28.850 [main] ERROR com.otabi.jcodroneedu.SerialPortManager - Cannot write, serial port is not open.
2025-11-15 09:35:28.909 [main] ERROR com.otabi.jcodroneedu.SerialPortManager - Cannot write, serial port is not open.
2025-11-15 09:35:28.973 [main] ERROR com.otabi.jcodroneedu.SerialPortManager - Cannot write, serial port is not open.
2025-11-15 09:35:29.033 [main] ERROR com.otabi.jcodroneedu.SerialPortManager - Cannot write, serial port is not open.
2025-11-15 09:35:29.093 [main] ERROR com.otabi.jcodroneedu.SerialPortManager - Cannot write, serial port is not open.
2025-11-15 09:35:29.153 [main] ERROR com.otabi.jcodroneedu.SerialPortManager - Cannot write, serial port is not open.
2025-11-15 09:35:29.209 [main] ERROR com.otabi.jcodroneedu.SerialPortManager - Cannot write, serial port is not open.
2025-11-15 09:35:29.270 [main] ERROR com.otabi.jcodroneedu.SerialPortManager - Cannot write, serial port is not open.
2025-11-15 09:35:29.333 [main] ERROR com.otabi.jcodroneedu.SerialPortManager - Cannot write, serial port is not open.
2025-11-15 09:35:29.390 [main] ERROR com.otabi.jcodroneedu.SerialPortManager - Cannot write, serial port is not open.
2025-11-15 09:35:29.449 [main] ERROR com.otabi.jcodroneedu.SerialPortManager - Cannot write, serial port is not open.
2025-11-15 09:35:29.508 [main] ERROR com.otabi.jcodroneedu.SerialPortManager - Cannot write, serial port is not open.
2025-11-15 09:35:29.570 [main] ERROR com.otabi.jcodroneedu.SerialPortManager - Cannot write, serial port is not open.
2025-11-15 09:35:29.630 [main] ERROR com.otabi.jcodroneedu.SerialPortManager - Cannot write, serial port is not open.
2025-11-15 09:35:29.689 [main] ERROR com.otabi.jcodroneedu.SerialPortManager - Cannot write, serial port is not open.
2025-11-15 09:35:29.752 [main] ERROR com.otabi.jcodroneedu.SerialPortManager - Cannot write, serial port is not open.
2025-11-15 09:35:29.813 [main] ERROR com.otabi.jcodroneedu.SerialPortManager - Cannot write, serial port is not open.
2025-11-15 09:35:30.818 [main] ERROR com.otabi.jcodroneedu.SerialPortManager - Cannot write, serial port is not open.
2025-11-15 09:35:30.819 [main] ERROR com.otabi.jcodroneedu.SerialPortManager - Cannot write, serial port is not open.
2025-11-15 09:35:30.819 [main] ERROR com.otabi.jcodroneedu.SerialPortManager - Cannot write, serial port is not open.
2025-11-15 09:35:30.819 [main] ERROR com.otabi.jcodroneedu.SerialPortManager - Cannot write, serial port is not open.
2025-11-15 09:35:30.819 [main] ERROR com.otabi.jcodroneedu.SerialPortManager - Cannot write, serial port is not open.
2025-11-15 09:35:30.819 [main] ERROR com.otabi.jcodroneedu.SerialPortManager - Cannot write, serial port is not open.
2025-11-15 09:35:30.819 [main] ERROR com.otabi.jcodroneedu.SerialPortManager - Cannot write, serial port is not open.
2025-11-15 09:35:30.820 [main] ERROR com.otabi.jcodroneedu.SerialPortManager - Cannot write, serial port is not open.
2025-11-15 09:35:30.820 [main] ERROR com.otabi.jcodroneedu.SerialPortManager - Cannot write, serial port is not open.
2025-11-15 09:35:30.820 [main] ERROR com.otabi.jcodroneedu.SerialPortManager - Cannot write, serial port is not open.
2025-11-15 09:35:30.821 [main] ERROR com.otabi.jcodroneedu.SerialPortManager - Cannot write, serial port is not open.
2025-11-15 09:35:30.821 [main] ERROR com.otabi.jcodroneedu.SerialPortManager - Cannot write, serial port is not open.
2025-11-15 09:35:30.821 [main] ERROR com.otabi.jcodroneedu.SerialPortManager - Cannot write, serial port is not open.
2025-11-15 09:35:30.821 [main] ERROR com.otabi.jcodroneedu.SerialPortManager - Cannot write, serial port is not open.
2025-11-15 09:35:30.822 [main] ERROR com.otabi.jcodroneedu.SerialPortManager - Cannot write, serial port is not open.
2025-11-15 09:35:30.822 [main] ERROR com.otabi.jcodroneedu.SerialPortManager - Cannot write, serial port is not open.
2025-11-15 09:35:30.829 [main] ERROR com.otabi.jcodroneedu.SerialPortManager - Cannot write, serial port is not open.
2025-11-15 09:35:30.893 [main] ERROR com.otabi.jcodroneedu.SerialPortManager - Cannot write, serial port is not open.
2025-11-15 09:35:30.953 [main] ERROR com.otabi.jcodroneedu.SerialPortManager - Cannot write, serial port is not open.
2025-11-15 09:35:31.008 [main] ERROR com.otabi.jcodroneedu.SerialPortManager - Cannot write, serial port is not open.
2025-11-15 09:35:31.072 [main] ERROR com.otabi.jcodroneedu.SerialPortManager - Cannot write, serial port is not open.
2025-11-15 09:35:31.132 [main] ERROR com.otabi.jcodroneedu.SerialPortManager - Cannot write, serial port is not open.
2025-11-15 09:35:31.191 [main] ERROR com.otabi.jcodroneedu.SerialPortManager - Cannot write, serial port is not open.
2025-11-15 09:35:31.252 [main] ERROR com.otabi.jcodroneedu.SerialPortManager - Cannot write, serial port is not open.
2025-11-15 09:35:31.313 [main] ERROR com.otabi.jcodroneedu.SerialPortManager - Cannot write, serial port is not open.
2025-11-15 09:35:31.371 [main] ERROR com.otabi.jcodroneedu.SerialPortManager - Cannot write, serial port is not open.
2025-11-15 09:35:31.431 [main] ERROR com.otabi.jcodroneedu.SerialPortManager - Cannot write, serial port is not open.
2025-11-15 09:35:31.493 [main] ERROR com.otabi.jcodroneedu.SerialPortManager - Cannot write, serial port is not open.
2025-11-15 09:35:31.549 [main] ERROR com.otabi.jcodroneedu.SerialPortManager - Cannot write, serial port is not open.
2025-11-15 09:35:31.611 [main] ERROR com.otabi.jcodroneedu.SerialPortManager - Cannot write, serial port is not open.
2025-11-15 09:35:31.672 [main] ERROR com.otabi.jcodroneedu.SerialPortManager - Cannot write, serial port is not open.
2025-11-15 09:35:31.733 [main] ERROR com.otabi.jcodroneedu.SerialPortManager - Cannot write, serial port is not open.
2025-11-15 09:35:31.793 [main] ERROR com.otabi.jcodroneedu.SerialPortManager - Cannot write, serial port is not open.
2025-11-15 09:35:31.851 [main] ERROR com.otabi.jcodroneedu.SerialPortManager - Cannot write, serial port is not open.
2025-11-15 09:35:31.912 [main] ERROR com.otabi.jcodroneedu.SerialPortManager - Cannot write, serial port is not open.
2025-11-15 09:35:31.971 [main] ERROR com.otabi.jcodroneedu.SerialPortManager - Cannot write, serial port is not open.
2025-11-15 09:35:32.032 [main] ERROR com.otabi.jcodroneedu.SerialPortManager - Cannot write, serial port is not open.
2025-11-15 09:35:32.092 [main] ERROR com.otabi.jcodroneedu.SerialPortManager - Cannot write, serial port is not open.
2025-11-15 09:35:32.150 [main] ERROR com.otabi.jcodroneedu.SerialPortManager - Cannot write, serial port is not open.
2025-11-15 09:35:32.213 [main] ERROR com.otabi.jcodroneedu.SerialPortManager - Cannot write, serial port is not open.
2025-11-15 09:35:32.272 [main] ERROR com.otabi.jcodroneedu.SerialPortManager - Cannot write, serial port is not open.
2025-11-15 09:35:32.329 [main] ERROR com.otabi.jcodroneedu.SerialPortManager - Cannot write, serial port is not open.
2025-11-15 09:35:32.393 [main] ERROR com.otabi.jcodroneedu.SerialPortManager - Cannot write, serial port is not open.
2025-11-15 09:35:32.452 [main] ERROR com.otabi.jcodroneedu.SerialPortManager - Cannot write, serial port is not open.
2025-11-15 09:35:32.509 [main] ERROR com.otabi.jcodroneedu.SerialPortManager - Cannot write, serial port is not open.
2025-11-15 09:35:32.573 [main] ERROR com.otabi.jcodroneedu.SerialPortManager - Cannot write, serial port is not open.
2025-11-15 09:35:32.631 [main] ERROR com.otabi.jcodroneedu.SerialPortManager - Cannot write, serial port is not open.
2025-11-15 09:35:32.693 [main] ERROR com.otabi.jcodroneedu.SerialPortManager - Cannot write, serial port is not open.
2025-11-15 09:35:32.753 [main] ERROR com.otabi.jcodroneedu.SerialPortManager - Cannot write, serial port is not open.
2025-11-15 09:35:32.810 [main] ERROR com.otabi.jcodroneedu.SerialPortManager - Cannot write, serial port is not open.
2025-11-15 09:35:32.870 [main] ERROR com.otabi.jcodroneedu.SerialPortManager - Cannot write, serial port is not open.
2025-11-15 09:35:32.933 [main] ERROR com.otabi.jcodroneedu.SerialPortManager - Cannot write, serial port is not open.
2025-11-15 09:35:32.992 [main] ERROR com.otabi.jcodroneedu.SerialPortManager - Cannot write, serial port is not open.
2025-11-15 09:35:33.995 [main] ERROR com.otabi.jcodroneedu.SerialPortManager - Cannot write, serial port is not open.
2025-11-15 09:35:33.996 [main] ERROR com.otabi.jcodroneedu.SerialPortManager - Cannot write, serial port is not open.
2025-11-15 09:35:33.996 [main] ERROR com.otabi.jcodroneedu.SerialPortManager - Cannot write, serial port is not open.
2025-11-15 09:35:33.996 [main] ERROR com.otabi.jcodroneedu.SerialPortManager - Cannot write, serial port is not open.
2025-11-15 09:35:33.996 [main] ERROR com.otabi.jcodroneedu.SerialPortManager - Cannot write, serial port is not open.
2025-11-15 09:35:33.996 [main] ERROR com.otabi.jcodroneedu.SerialPortManager - Cannot write, serial port is not open.
2025-11-15 09:35:33.996 [main] ERROR com.otabi.jcodroneedu.SerialPortManager - Cannot write, serial port is not open.
2025-11-15 09:35:33.996 [main] ERROR com.otabi.jcodroneedu.SerialPortManager - Cannot write, serial port is not open.
2025-11-15 09:35:33.996 [main] ERROR com.otabi.jcodroneedu.SerialPortManager - Cannot write, serial port is not open.
2025-11-15 09:35:33.997 [main] ERROR com.otabi.jcodroneedu.SerialPortManager - Cannot write, serial port is not open.
2025-11-15 09:35:33.997 [main] ERROR com.otabi.jcodroneedu.SerialPortManager - Cannot write, serial port is not open.
2025-11-15 09:35:33.997 [main] ERROR com.otabi.jcodroneedu.SerialPortManager - Cannot write, serial port is not open.
2025-11-15 09:35:33.997 [main] ERROR com.otabi.jcodroneedu.SerialPortManager - Cannot write, serial port is not open.
2025-11-15 09:35:33.997 [main] ERROR com.otabi.jcodroneedu.SerialPortManager - Cannot write, serial port is not open.
2025-11-15 09:35:33.997 [main] ERROR com.otabi.jcodroneedu.SerialPortManager - Cannot write, serial port is not open.
2025-11-15 09:35:33.997 [main] ERROR com.otabi.jcodroneedu.SerialPortManager - Cannot write, serial port is not open.
2025-11-15 09:35:34.010 [main] ERROR com.otabi.jcodroneedu.SerialPortManager - Cannot write, serial port is not open.
2025-11-15 09:35:34.069 [main] ERROR com.otabi.jcodroneedu.SerialPortManager - Cannot write, serial port is not open.
2025-11-15 09:35:34.129 [main] ERROR com.otabi.jcodroneedu.SerialPortManager - Cannot write, serial port is not open.
2025-11-15 09:35:34.193 [main] ERROR com.otabi.jcodroneedu.SerialPortManager - Cannot write, serial port is not open.
2025-11-15 09:35:34.249 [main] ERROR com.otabi.jcodroneedu.SerialPortManager - Cannot write, serial port is not open.
2025-11-15 09:35:34.310 [main] ERROR com.otabi.jcodroneedu.SerialPortManager - Cannot write, serial port is not open.
2025-11-15 09:35:34.368 [main] ERROR com.otabi.jcodroneedu.SerialPortManager - Cannot write, serial port is not open.
2025-11-15 09:35:34.433 [main] ERROR com.otabi.jcodroneedu.SerialPortManager - Cannot write, serial port is not open.
2025-11-15 09:35:34.493 [main] ERROR com.otabi.jcodroneedu.SerialPortManager - Cannot write, serial port is not open.
2025-11-15 09:35:34.553 [main] ERROR com.otabi.jcodroneedu.SerialPortManager - Cannot write, serial port is not open.
2025-11-15 09:35:34.613 [main] ERROR com.otabi.jcodroneedu.SerialPortManager - Cannot write, serial port is not open.
2025-11-15 09:35:34.671 [main] ERROR com.otabi.jcodroneedu.SerialPortManager - Cannot write, serial port is not open.
2025-11-15 09:35:34.731 [main] ERROR com.otabi.jcodroneedu.SerialPortManager - Cannot write, serial port is not open.
2025-11-15 09:35:34.789 [main] ERROR com.otabi.jcodroneedu.SerialPortManager - Cannot write, serial port is not open.
2025-11-15 09:35:34.852 [main] ERROR com.otabi.jcodroneedu.SerialPortManager - Cannot write, serial port is not open.
2025-11-15 09:35:34.913 [main] ERROR com.otabi.jcodroneedu.SerialPortManager - Cannot write, serial port is not open.
2025-11-15 09:35:34.971 [main] ERROR com.otabi.jcodroneedu.SerialPortManager - Cannot write, serial port is not open.
2025-11-15 09:35:35.030 [main] ERROR com.otabi.jcodroneedu.SerialPortManager - Cannot write, serial port is not open.
2025-11-15 09:35:35.088 [main] ERROR com.otabi.jcodroneedu.SerialPortManager - Cannot write, serial port is not open.
2025-11-15 09:35:35.151 [main] ERROR com.otabi.jcodroneedu.SerialPortManager - Cannot write, serial port is not open.
2025-11-15 09:35:35.212 [main] ERROR com.otabi.jcodroneedu.SerialPortManager - Cannot write, serial port is not open.
2025-11-15 09:35:35.270 [main] ERROR com.otabi.jcodroneedu.SerialPortManager - Cannot write, serial port is not open.
2025-11-15 09:35:35.328 [main] ERROR com.otabi.jcodroneedu.SerialPortManager - Cannot write, serial port is not open.
2025-11-15 09:35:35.392 [main] ERROR com.otabi.jcodroneedu.SerialPortManager - Cannot write, serial port is not open.
2025-11-15 09:35:35.449 [main] ERROR com.otabi.jcodroneedu.SerialPortManager - Cannot write, serial port is not open.
2025-11-15 09:35:35.511 [main] ERROR com.otabi.jcodroneedu.SerialPortManager - Cannot write, serial port is not open.
2025-11-15 09:35:35.570 [main] ERROR com.otabi.jcodroneedu.SerialPortManager - Cannot write, serial port is not open.
2025-11-15 09:35:35.629 [main] ERROR com.otabi.jcodroneedu.SerialPortManager - Cannot write, serial port is not open.
2025-11-15 09:35:35.688 [main] ERROR com.otabi.jcodroneedu.SerialPortManager - Cannot write, serial port is not open.
2025-11-15 09:35:35.748 [main] ERROR com.otabi.jcodroneedu.SerialPortManager - Cannot write, serial port is not open.
2025-11-15 09:35:35.809 [main] ERROR com.otabi.jcodroneedu.SerialPortManager - Cannot write, serial port is not open.
2025-11-15 09:35:35.868 [main] ERROR com.otabi.jcodroneedu.SerialPortManager - Cannot write, serial port is not open.
2025-11-15 09:35:35.933 [main] ERROR com.otabi.jcodroneedu.SerialPortManager - Cannot write, serial port is not open.
2025-11-15 09:35:35.988 [main] ERROR com.otabi.jcodroneedu.SerialPortManager - Cannot write, serial port is not open.
2025-11-15 09:35:36.053 [main] ERROR com.otabi.jcodroneedu.SerialPortManager - Cannot write, serial port is not open.
2025-11-15 09:35:36.113 [main] ERROR com.otabi.jcodroneedu.SerialPortManager - Cannot write, serial port is not open.
2025-11-15 09:35:36.172 [main] ERROR com.otabi.jcodroneedu.SerialPortManager - Cannot write, serial port is not open.
2025-11-15 09:35:37.183 [main] ERROR com.otabi.jcodroneedu.SerialPortManager - Cannot write, serial port is not open.
2025-11-15 09:35:37.194 [main] ERROR com.otabi.jcodroneedu.SerialPortManager - Cannot write, serial port is not open.
2025-11-15 09:35:37.195 [main] ERROR com.otabi.jcodroneedu.SerialPortManager - Cannot write, serial port is not open.
2025-11-15 09:35:37.195 [main] ERROR com.otabi.jcodroneedu.SerialPortManager - Cannot write, serial port is not open.
2025-11-15 09:35:37.195 [main] ERROR com.otabi.jcodroneedu.SerialPortManager - Cannot write, serial port is not open.
2025-11-15 09:35:37.195 [main] ERROR com.otabi.jcodroneedu.SerialPortManager - Cannot write, serial port is not open.
2025-11-15 09:35:37.195 [main] ERROR com.otabi.jcodroneedu.SerialPortManager - Cannot write, serial port is not open.
2025-11-15 09:35:37.195 [main] ERROR com.otabi.jcodroneedu.SerialPortManager - Cannot write, serial port is not open.
2025-11-15 09:35:37.195 [main] ERROR com.otabi.jcodroneedu.SerialPortManager - Cannot write, serial port is not open.
2025-11-15 09:35:37.195 [main] ERROR com.otabi.jcodroneedu.SerialPortManager - Cannot write, serial port is not open.
2025-11-15 09:35:37.196 [main] ERROR com.otabi.jcodroneedu.SerialPortManager - Cannot write, serial port is not open.
2025-11-15 09:35:37.196 [main] ERROR com.otabi.jcodroneedu.SerialPortManager - Cannot write, serial port is not open.
2025-11-15 09:35:37.196 [main] ERROR com.otabi.jcodroneedu.SerialPortManager - Cannot write, serial port is not open.
2025-11-15 09:35:37.197 [main] ERROR com.otabi.jcodroneedu.SerialPortManager - Cannot write, serial port is not open.
2025-11-15 09:35:37.197 [main] ERROR com.otabi.jcodroneedu.SerialPortManager - Cannot write, serial port is not open.
2025-11-15 09:35:37.197 [main] ERROR com.otabi.jcodroneedu.SerialPortManager - Cannot write, serial port is not open.
2025-11-15 09:35:37.197 [main] ERROR com.otabi.jcodroneedu.SerialPortManager - Cannot write, serial port is not open.
2025-11-15 09:35:37.248 [main] ERROR com.otabi.jcodroneedu.SerialPortManager - Cannot write, serial port is not open.
2025-11-15 09:35:37.312 [main] ERROR com.otabi.jcodroneedu.SerialPortManager - Cannot write, serial port is not open.
2025-11-15 09:35:37.370 [main] ERROR com.otabi.jcodroneedu.SerialPortManager - Cannot write, serial port is not open.
2025-11-15 09:35:37.428 [main] ERROR com.otabi.jcodroneedu.SerialPortManager - Cannot write, serial port is not open.
2025-11-15 09:35:37.492 [main] ERROR com.otabi.jcodroneedu.SerialPortManager - Cannot write, serial port is not open.
2025-11-15 09:35:37.552 [main] ERROR com.otabi.jcodroneedu.SerialPortManager - Cannot write, serial port is not open.
2025-11-15 09:35:37.611 [main] ERROR com.otabi.jcodroneedu.SerialPortManager - Cannot write, serial port is not open.
2025-11-15 09:35:37.677 [main] ERROR com.otabi.jcodroneedu.SerialPortManager - Cannot write, serial port is not open.
2025-11-15 09:35:37.731 [main] ERROR com.otabi.jcodroneedu.SerialPortManager - Cannot write, serial port is not open.
2025-11-15 09:35:37.795 [main] ERROR com.otabi.jcodroneedu.SerialPortManager - Cannot write, serial port is not open.
2025-11-15 09:35:37.852 [main] ERROR com.otabi.jcodroneedu.SerialPortManager - Cannot write, serial port is not open.
2025-11-15 09:35:37.908 [main] ERROR com.otabi.jcodroneedu.SerialPortManager - Cannot write, serial port is not open.
2025-11-15 09:35:37.973 [main] ERROR com.otabi.jcodroneedu.SerialPortManager - Cannot write, serial port is not open.
2025-11-15 09:35:38.030 [main] ERROR com.otabi.jcodroneedu.SerialPortManager - Cannot write, serial port is not open.
2025-11-15 09:35:38.092 [main] ERROR com.otabi.jcodroneedu.SerialPortManager - Cannot write, serial port is not open.
2025-11-15 09:35:38.148 [main] ERROR com.otabi.jcodroneedu.SerialPortManager - Cannot write, serial port is not open.
2025-11-15 09:35:38.208 [main] ERROR com.otabi.jcodroneedu.SerialPortManager - Cannot write, serial port is not open.
2025-11-15 09:35:38.286 [main] ERROR com.otabi.jcodroneedu.SerialPortManager - Cannot write, serial port is not open.
2025-11-15 09:35:38.331 [main] ERROR com.otabi.jcodroneedu.SerialPortManager - Cannot write, serial port is not open.
2025-11-15 09:35:39.337 [main] ERROR com.otabi.jcodroneedu.SerialPortManager - Cannot write, serial port is not open.
2025-11-15 09:35:39.349 [main] ERROR com.otabi.jcodroneedu.SerialPortManager - Cannot write, serial port is not open.
2025-11-15 09:35:39.362 [main] ERROR com.otabi.jcodroneedu.SerialPortManager - Cannot write, serial port is not open.
2025-11-15 09:35:39.375 [main] ERROR com.otabi.jcodroneedu.SerialPortManager - Cannot write, serial port is not open.
2025-11-15 09:35:39.387 [main] ERROR com.otabi.jcodroneedu.SerialPortManager - Cannot write, serial port is not open.
2025-11-15 09:35:39.399 [main] ERROR com.otabi.jcodroneedu.SerialPortManager - Cannot write, serial port is not open.
2025-11-15 09:35:39.412 [main] ERROR com.otabi.jcodroneedu.SerialPortManager - Cannot write, serial port is not open.
2025-11-15 09:35:39.425 [main] ERROR com.otabi.jcodroneedu.SerialPortManager - Cannot write, serial port is not open.
2025-11-15 09:35:39.437 [main] ERROR com.otabi.jcodroneedu.SerialPortManager - Cannot write, serial port is not open.
2025-11-15 09:35:39.449 [main] ERROR com.otabi.jcodroneedu.SerialPortManager - Cannot write, serial port is not open.
2025-11-15 09:35:39.462 [main] ERROR com.otabi.jcodroneedu.SerialPortManager - Cannot write, serial port is not open.
2025-11-15 09:35:39.475 [main] ERROR com.otabi.jcodroneedu.SerialPortManager - Cannot write, serial port is not open.
2025-11-15 09:35:39.487 [main] ERROR com.otabi.jcodroneedu.SerialPortManager - Cannot write, serial port is not open.
2025-11-15 09:35:39.499 [main] ERROR com.otabi.jcodroneedu.SerialPortManager - Cannot write, serial port is not open.
2025-11-15 09:35:39.512 [main] ERROR com.otabi.jcodroneedu.SerialPortManager - Cannot write, serial port is not open.
2025-11-15 09:35:39.525 [main] ERROR com.otabi.jcodroneedu.SerialPortManager - Cannot write, serial port is not open.
2025-11-15 09:35:39.537 [main] ERROR com.otabi.jcodroneedu.SerialPortManager - Cannot write, serial port is not open.
2025-11-15 09:35:39.550 [main] ERROR com.otabi.jcodroneedu.SerialPortManager - Cannot write, serial port is not open.
2025-11-15 09:35:39.562 [main] ERROR com.otabi.jcodroneedu.SerialPortManager - Cannot write, serial port is not open.
2025-11-15 09:35:39.575 [main] ERROR com.otabi.jcodroneedu.SerialPortManager - Cannot write, serial port is not open.
2025-11-15 09:35:39.587 [main] ERROR com.otabi.jcodroneedu.SerialPortManager - Cannot write, serial port is not open.
2025-11-15 09:35:39.649 [main] ERROR com.otabi.jcodroneedu.SerialPortManager - Cannot write, serial port is not open.
2025-11-15 09:35:39.712 [main] ERROR com.otabi.jcodroneedu.SerialPortManager - Cannot write, serial port is not open.
2025-11-15 09:35:39.772 [main] ERROR com.otabi.jcodroneedu.SerialPortManager - Cannot write, serial port is not open.
2025-11-15 09:35:39.831 [main] ERROR com.otabi.jcodroneedu.SerialPortManager - Cannot write, serial port is not open.
2025-11-15 09:35:39.888 [main] ERROR com.otabi.jcodroneedu.SerialPortManager - Cannot write, serial port is not open.
2025-11-15 09:35:39.952 [main] ERROR com.otabi.jcodroneedu.SerialPortManager - Cannot write, serial port is not open.
2025-11-15 09:35:40.012 [main] ERROR com.otabi.jcodroneedu.SerialPortManager - Cannot write, serial port is not open.
2025-11-15 09:35:40.071 [main] ERROR com.otabi.jcodroneedu.SerialPortManager - Cannot write, serial port is not open.
2025-11-15 09:35:40.132 [main] ERROR com.otabi.jcodroneedu.SerialPortManager - Cannot write, serial port is not open.
2025-11-15 09:35:40.190 [main] ERROR com.otabi.jcodroneedu.SerialPortManager - Cannot write, serial port is not open.
2025-11-15 09:35:40.253 [main] ERROR com.otabi.jcodroneedu.SerialPortManager - Cannot write, serial port is not open.
2025-11-15 09:35:40.312 [main] ERROR com.otabi.jcodroneedu.SerialPortManager - Cannot write, serial port is not open.
2025-11-15 09:35:40.372 [main] ERROR com.otabi.jcodroneedu.SerialPortManager - Cannot write, serial port is not open.
2025-11-15 09:35:40.432 [main] ERROR com.otabi.jcodroneedu.SerialPortManager - Cannot write, serial port is not open.
2025-11-15 09:35:40.490 [main] ERROR com.otabi.jcodroneedu.SerialPortManager - Cannot write, serial port is not open.
2025-11-15 09:35:40.552 [main] ERROR com.otabi.jcodroneedu.SerialPortManager - Cannot write, serial port is not open.
2025-11-15 09:35:40.609 [main] ERROR com.otabi.jcodroneedu.SerialPortManager - Cannot write, serial port is not open.
2025-11-15 09:35:40.672 [main] ERROR com.otabi.jcodroneedu.SerialPortManager - Cannot write, serial port is not open.
2025-11-15 09:35:40.731 [main] ERROR com.otabi.jcodroneedu.SerialPortManager - Cannot write, serial port is not open.
2025-11-15 09:35:40.788 [main] ERROR com.otabi.jcodroneedu.SerialPortManager - Cannot write, serial port is not open.
2025-11-15 09:35:40.852 [main] ERROR com.otabi.jcodroneedu.SerialPortManager - Cannot write, serial port is not open.
2025-11-15 09:35:40.912 [main] ERROR com.otabi.jcodroneedu.SerialPortManager - Cannot write, serial port is not open.
2025-11-15 09:35:40.972 [main] ERROR com.otabi.jcodroneedu.SerialPortManager - Cannot write, serial port is not open.
2025-11-15 09:35:41.030 [main] ERROR com.otabi.jcodroneedu.SerialPortManager - Cannot write, serial port is not open.
2025-11-15 09:35:41.092 [main] ERROR com.otabi.jcodroneedu.SerialPortManager - Cannot write, serial port is not open.
2025-11-15 09:35:41.151 [main] ERROR com.otabi.jcodroneedu.SerialPortManager - Cannot write, serial port is not open.
2025-11-15 09:35:41.212 [main] ERROR com.otabi.jcodroneedu.SerialPortManager - Cannot write, serial port is not open.
2025-11-15 09:35:41.272 [main] ERROR com.otabi.jcodroneedu.SerialPortManager - Cannot write, serial port is not open.
2025-11-15 09:35:41.328 [main] ERROR com.otabi.jcodroneedu.SerialPortManager - Cannot write, serial port is not open.
2025-11-15 09:35:41.391 [main] ERROR com.otabi.jcodroneedu.SerialPortManager - Cannot write, serial port is not open.
2025-11-15 09:35:41.452 [main] ERROR com.otabi.jcodroneedu.SerialPortManager - Cannot write, serial port is not open.
2025-11-15 09:35:41.510 [main] ERROR com.otabi.jcodroneedu.SerialPortManager - Cannot write, serial port is not open.
2025-11-15 09:35:41.572 [main] ERROR com.otabi.jcodroneedu.SerialPortManager - Cannot write, serial port is not open.
2025-11-15 09:35:41.632 [main] ERROR com.otabi.jcodroneedu.SerialPortManager - Cannot write, serial port is not open.
2025-11-15 09:35:41.692 [main] ERROR com.otabi.jcodroneedu.SerialPortManager - Cannot write, serial port is not open.
2025-11-15 09:35:41.749 [main] ERROR com.otabi.jcodroneedu.SerialPortManager - Cannot write, serial port is not open.
2025-11-15 09:35:41.812 [main] ERROR com.otabi.jcodroneedu.SerialPortManager - Cannot write, serial port is not open.
2025-11-15 09:35:41.871 [main] ERROR com.otabi.jcodroneedu.SerialPortManager - Cannot write, serial port is not open.
2025-11-15 09:35:41.930 [main] ERROR com.otabi.jcodroneedu.SerialPortManager - Cannot write, serial port is not open.
2025-11-15 09:35:41.990 [main] ERROR com.otabi.jcodroneedu.SerialPortManager - Cannot write, serial port is not open.
2025-11-15 09:35:42.049 [main] ERROR com.otabi.jcodroneedu.SerialPortManager - Cannot write, serial port is not open.
2025-11-15 09:35:42.112 [main] ERROR com.otabi.jcodroneedu.SerialPortManager - Cannot write, serial port is not open.
2025-11-15 09:35:42.170 [main] ERROR com.otabi.jcodroneedu.SerialPortManager - Cannot write, serial port is not open.
2025-11-15 09:35:42.232 [main] ERROR com.otabi.jcodroneedu.SerialPortManager - Cannot write, serial port is not open.
2025-11-15 09:35:42.292 [main] ERROR com.otabi.jcodroneedu.SerialPortManager - Cannot write, serial port is not open.
2025-11-15 09:35:42.349 [main] ERROR com.otabi.jcodroneedu.SerialPortManager - Cannot write, serial port is not open.
2025-11-15 09:35:42.412 [main] ERROR com.otabi.jcodroneedu.SerialPortManager - Cannot write, serial port is not open.
2025-11-15 09:35:42.471 [main] ERROR com.otabi.jcodroneedu.SerialPortManager - Cannot write, serial port is not open.
2025-11-15 09:35:42.529 [main] ERROR com.otabi.jcodroneedu.SerialPortManager - Cannot write, serial port is not open.
2025-11-15 09:35:42.592 [main] ERROR com.otabi.jcodroneedu.SerialPortManager - Cannot write, serial port is not open.
2025-11-15 09:35:42.652 [main] ERROR com.otabi.jcodroneedu.SerialPortManager - Cannot write, serial port is not open.
2025-11-15 09:35:42.712 [main] ERROR com.otabi.jcodroneedu.SerialPortManager - Cannot write, serial port is not open.
2025-11-15 09:35:42.772 [main] ERROR com.otabi.jcodroneedu.SerialPortManager - Cannot write, serial port is not open.
2025-11-15 09:35:42.828 [main] ERROR com.otabi.jcodroneedu.SerialPortManager - Cannot write, serial port is not open.
2025-11-15 09:35:42.889 [main] ERROR com.otabi.jcodroneedu.SerialPortManager - Cannot write, serial port is not open.
2025-11-15 09:35:42.952 [main] ERROR com.otabi.jcodroneedu.SerialPortManager - Cannot write, serial port is not open.
2025-11-15 09:35:43.012 [main] ERROR com.otabi.jcodroneedu.SerialPortManager - Cannot write, serial port is not open.
2025-11-15 09:35:43.072 [main] ERROR com.otabi.jcodroneedu.SerialPortManager - Cannot write, serial port is not open.
2025-11-15 09:35:43.128 [main] ERROR com.otabi.jcodroneedu.SerialPortManager - Cannot write, serial port is not open.
2025-11-15 09:35:43.189 [main] ERROR com.otabi.jcodroneedu.SerialPortManager - Cannot write, serial port is not open.
2025-11-15 09:35:43.252 [main] ERROR com.otabi.jcodroneedu.SerialPortManager - Cannot write, serial port is not open.
2025-11-15 09:35:43.311 [main] ERROR com.otabi.jcodroneedu.SerialPortManager - Cannot write, serial port is not open.
2025-11-15 09:35:43.370 [main] ERROR com.otabi.jcodroneedu.SerialPortManager - Cannot write, serial port is not open.
2025-11-15 09:37:18.906 [main] INFO  com.otabi.jcodroneedu.Drone - Drone instance created and ready for connection.
2025-11-15 09:37:18.922 [main] INFO  com.otabi.jcodroneedu.SerialPortManager - Detected CoDrone EDU controller at port cu.usbmodem3973337534311
2025-11-15 09:37:18.962 [main] INFO  com.otabi.jcodroneedu.SerialPortManager - Connected to cu.usbmodem3973337534311
2025-11-15 09:37:19.176 [main] INFO  com.otabi.jcodroneedu.Drone - Connection established - Model: DRONE_8_DRONE_P1, Firmware: 25.2.1, Battery: 72%
2025-11-15 09:37:43.396 [main] INFO  com.otabi.jcodroneedu.SerialPortManager - Serial port disconnected.
2025-11-15 09:39:21.923 [main] INFO  com.otabi.jcodroneedu.Drone - Drone instance created and ready for connection.
2025-11-15 09:39:21.937 [main] INFO  com.otabi.jcodroneedu.SerialPortManager - Detected CoDrone EDU controller at port cu.usbmodem3973337534311
2025-11-15 09:39:21.979 [main] INFO  com.otabi.jcodroneedu.SerialPortManager - Connected to cu.usbmodem3973337534311
2025-11-15 09:39:22.208 [main] ERROR com.otabi.jcodroneedu.Drone - Connection verification failed - State ready: false, Info available: true
2025-11-15 09:39:22.237 [main] INFO  com.otabi.jcodroneedu.SerialPortManager - Serial port disconnected.
2025-11-15 09:39:22.238 [main] ERROR com.otabi.jcodroneedu.SerialPortManager - Cannot write, serial port is not open.
2025-11-15 09:39:22.250 [main] ERROR com.otabi.jcodroneedu.SerialPortManager - Cannot write, serial port is not open.
2025-11-15 09:39:22.262 [main] ERROR com.otabi.jcodroneedu.SerialPortManager - Cannot write, serial port is not open.
2025-11-15 09:39:22.276 [main] ERROR com.otabi.jcodroneedu.SerialPortManager - Cannot write, serial port is not open.
2025-11-15 09:39:22.289 [main] ERROR com.otabi.jcodroneedu.SerialPortManager - Cannot write, serial port is not open.
2025-11-15 09:39:22.344 [main] ERROR com.otabi.jcodroneedu.SerialPortManager - Cannot write, serial port is not open.
2025-11-15 09:39:22.405 [main] ERROR com.otabi.jcodroneedu.SerialPortManager - Cannot write, serial port is not open.
2025-11-15 09:39:22.464 [main] ERROR com.otabi.jcodroneedu.SerialPortManager - Cannot write, serial port is not open.
2025-11-15 09:39:22.521 [main] ERROR com.otabi.jcodroneedu.SerialPortManager - Cannot write, serial port is not open.
2025-11-15 09:39:22.585 [main] ERROR com.otabi.jcodroneedu.SerialPortManager - Cannot write, serial port is not open.
2025-11-15 09:39:22.645 [main] ERROR com.otabi.jcodroneedu.SerialPortManager - Cannot write, serial port is not open.
2025-11-15 09:39:22.704 [main] ERROR com.otabi.jcodroneedu.SerialPortManager - Cannot write, serial port is not open.
2025-11-15 09:39:22.761 [main] ERROR com.otabi.jcodroneedu.SerialPortManager - Cannot write, serial port is not open.
2025-11-15 09:39:22.825 [main] ERROR com.otabi.jcodroneedu.SerialPortManager - Cannot write, serial port is not open.
2025-11-15 09:39:22.882 [main] ERROR com.otabi.jcodroneedu.SerialPortManager - Cannot write, serial port is not open.
2025-11-15 09:39:22.945 [main] ERROR com.otabi.jcodroneedu.SerialPortManager - Cannot write, serial port is not open.
2025-11-15 09:39:23.004 [main] ERROR com.otabi.jcodroneedu.SerialPortManager - Cannot write, serial port is not open.
2025-11-15 09:39:23.064 [main] ERROR com.otabi.jcodroneedu.SerialPortManager - Cannot write, serial port is not open.
2025-11-15 09:39:23.126 [main] ERROR com.otabi.jcodroneedu.SerialPortManager - Cannot write, serial port is not open.
2025-11-15 09:39:23.183 [main] ERROR com.otabi.jcodroneedu.SerialPortManager - Cannot write, serial port is not open.
2025-11-15 09:39:23.245 [main] ERROR com.otabi.jcodroneedu.SerialPortManager - Cannot write, serial port is not open.
2025-11-15 09:39:23.306 [main] ERROR com.otabi.jcodroneedu.SerialPortManager - Cannot write, serial port is not open.
2025-11-15 09:39:23.363 [main] ERROR com.otabi.jcodroneedu.SerialPortManager - Cannot write, serial port is not open.
2025-11-15 09:39:23.425 [main] ERROR com.otabi.jcodroneedu.SerialPortManager - Cannot write, serial port is not open.
2025-11-15 09:39:23.485 [main] ERROR com.otabi.jcodroneedu.SerialPortManager - Cannot write, serial port is not open.
2025-11-15 09:39:23.545 [main] ERROR com.otabi.jcodroneedu.SerialPortManager - Cannot write, serial port is not open.
2025-11-15 09:39:23.605 [main] ERROR com.otabi.jcodroneedu.SerialPortManager - Cannot write, serial port is not open.
2025-11-15 09:39:23.665 [main] ERROR com.otabi.jcodroneedu.SerialPortManager - Cannot write, serial port is not open.
2025-11-15 09:39:23.722 [main] ERROR com.otabi.jcodroneedu.SerialPortManager - Cannot write, serial port is not open.
2025-11-15 09:39:23.783 [main] ERROR com.otabi.jcodroneedu.SerialPortManager - Cannot write, serial port is not open.
2025-11-15 09:39:23.845 [main] ERROR com.otabi.jcodroneedu.SerialPortManager - Cannot write, serial port is not open.
2025-11-15 09:39:23.905 [main] ERROR com.otabi.jcodroneedu.SerialPortManager - Cannot write, serial port is not open.
2025-11-15 09:39:23.962 [main] ERROR com.otabi.jcodroneedu.SerialPortManager - Cannot write, serial port is not open.
2025-11-15 09:39:24.021 [main] ERROR com.otabi.jcodroneedu.SerialPortManager - Cannot write, serial port is not open.
2025-11-15 09:39:24.085 [main] ERROR com.otabi.jcodroneedu.SerialPortManager - Cannot write, serial port is not open.
2025-11-15 09:39:24.143 [main] ERROR com.otabi.jcodroneedu.SerialPortManager - Cannot write, serial port is not open.
2025-11-15 09:39:24.205 [main] ERROR com.otabi.jcodroneedu.SerialPortManager - Cannot write, serial port is not open.
2025-11-15 09:39:24.265 [main] ERROR com.otabi.jcodroneedu.SerialPortManager - Cannot write, serial port is not open.
2025-11-15 09:39:24.321 [main] ERROR com.otabi.jcodroneedu.SerialPortManager - Cannot write, serial port is not open.
2025-11-15 09:39:24.385 [main] ERROR com.otabi.jcodroneedu.SerialPortManager - Cannot write, serial port is not open.
2025-11-15 09:39:24.443 [main] ERROR com.otabi.jcodroneedu.SerialPortManager - Cannot write, serial port is not open.
2025-11-15 09:39:24.504 [main] ERROR com.otabi.jcodroneedu.SerialPortManager - Cannot write, serial port is not open.
2025-11-15 09:39:24.565 [main] ERROR com.otabi.jcodroneedu.SerialPortManager - Cannot write, serial port is not open.
2025-11-15 09:39:24.625 [main] ERROR com.otabi.jcodroneedu.SerialPortManager - Cannot write, serial port is not open.
2025-11-15 09:39:24.683 [main] ERROR com.otabi.jcodroneedu.SerialPortManager - Cannot write, serial port is not open.
2025-11-15 09:39:24.742 [main] ERROR com.otabi.jcodroneedu.SerialPortManager - Cannot write, serial port is not open.
2025-11-15 09:39:24.801 [main] ERROR com.otabi.jcodroneedu.SerialPortManager - Cannot write, serial port is not open.
2025-11-15 09:39:24.860 [main] ERROR com.otabi.jcodroneedu.SerialPortManager - Cannot write, serial port is not open.
2025-11-15 09:39:24.921 [main] ERROR com.otabi.jcodroneedu.SerialPortManager - Cannot write, serial port is not open.
2025-11-15 09:39:24.985 [main] ERROR com.otabi.jcodroneedu.SerialPortManager - Cannot write, serial port is not open.
2025-11-15 09:39:25.043 [main] ERROR com.otabi.jcodroneedu.SerialPortManager - Cannot write, serial port is not open.
2025-11-15 09:39:25.102 [main] ERROR com.otabi.jcodroneedu.SerialPortManager - Cannot write, serial port is not open.
2025-11-15 09:39:25.161 [main] ERROR com.otabi.jcodroneedu.SerialPortManager - Cannot write, serial port is not open.
2025-11-15 09:39:25.224 [main] ERROR com.otabi.jcodroneedu.SerialPortManager - Cannot write, serial port is not open.
2025-11-15 09:39:25.283 [main] ERROR com.otabi.jcodroneedu.SerialPortManager - Cannot write, serial port is not open.
2025-11-15 09:39:25.345 [main] ERROR com.otabi.jcodroneedu.SerialPortManager - Cannot write, serial port is not open.
2025-11-15 09:39:25.405 [main] ERROR com.otabi.jcodroneedu.SerialPortManager - Cannot write, serial port is not open.
2025-11-15 09:39:25.464 [main] ERROR com.otabi.jcodroneedu.SerialPortManager - Cannot write, serial port is not open.
2025-11-15 09:39:25.521 [main] ERROR com.otabi.jcodroneedu.SerialPortManager - Cannot write, serial port is not open.
2025-11-15 09:39:25.585 [main] ERROR com.otabi.jcodroneedu.SerialPortManager - Cannot write, serial port is not open.
2025-11-15 09:39:25.645 [main] ERROR com.otabi.jcodroneedu.SerialPortManager - Cannot write, serial port is not open.
2025-11-15 09:39:25.705 [main] ERROR com.otabi.jcodroneedu.SerialPortManager - Cannot write, serial port is not open.
2025-11-15 09:39:25.761 [main] ERROR com.otabi.jcodroneedu.SerialPortManager - Cannot write, serial port is not open.
2025-11-15 09:39:25.821 [main] ERROR com.otabi.jcodroneedu.SerialPortManager - Cannot write, serial port is not open.
2025-11-15 09:39:25.885 [main] ERROR com.otabi.jcodroneedu.SerialPortManager - Cannot write, serial port is not open.
2025-11-15 09:39:25.944 [main] ERROR com.otabi.jcodroneedu.SerialPortManager - Cannot write, serial port is not open.
2025-11-15 09:39:26.005 [main] ERROR com.otabi.jcodroneedu.SerialPortManager - Cannot write, serial port is not open.
2025-11-15 09:39:26.065 [main] ERROR com.otabi.jcodroneedu.SerialPortManager - Cannot write, serial port is not open.
2025-11-15 09:39:26.125 [main] ERROR com.otabi.jcodroneedu.SerialPortManager - Cannot write, serial port is not open.
2025-11-15 09:39:26.181 [main] ERROR com.otabi.jcodroneedu.SerialPortManager - Cannot write, serial port is not open.
2025-11-15 09:39:26.242 [main] ERROR com.otabi.jcodroneedu.SerialPortManager - Cannot write, serial port is not open.
2025-11-15 09:39:26.304 [main] ERROR com.otabi.jcodroneedu.SerialPortManager - Cannot write, serial port is not open.
2025-11-15 09:39:52.609 [main] INFO  com.otabi.jcodroneedu.Drone - Drone instance created and ready for connection.
2025-11-15 09:39:52.622 [main] INFO  com.otabi.jcodroneedu.SerialPortManager - Detected CoDrone EDU controller at port cu.usbmodem3973337534311
2025-11-15 09:39:52.661 [main] INFO  com.otabi.jcodroneedu.SerialPortManager - Connected to cu.usbmodem3973337534311
2025-11-15 09:39:52.872 [main] INFO  com.otabi.jcodroneedu.Drone - Connection established - Model: DRONE_8_DRONE_P1, Firmware: 25.2.1, Battery: 69%
2025-11-15 09:40:17.086 [main] INFO  com.otabi.jcodroneedu.SerialPortManager - Serial port disconnected.
2025-11-15 09:41:27.508 [main] INFO  com.otabi.jcodroneedu.Drone - Drone instance created and ready for connection.
2025-11-15 09:41:27.520 [main] INFO  com.otabi.jcodroneedu.SerialPortManager - Detected CoDrone EDU controller at port cu.usbmodem3973337534311
2025-11-15 09:41:27.559 [main] INFO  com.otabi.jcodroneedu.SerialPortManager - Connected to cu.usbmodem3973337534311
2025-11-15 09:41:27.772 [main] INFO  com.otabi.jcodroneedu.Drone - Connection established - Model: DRONE_8_DRONE_P1, Firmware: 25.2.1, Battery: 67%
2025-11-15 09:41:51.929 [main] INFO  com.otabi.jcodroneedu.SerialPortManager - Serial port disconnected.
2025-11-15 09:43:49.105 [main] INFO  com.otabi.jcodroneedu.Drone - Drone instance created and ready for connection.
2025-11-15 09:43:49.117 [main] INFO  com.otabi.jcodroneedu.SerialPortManager - Detected CoDrone EDU controller at port cu.usbmodem3973337534311
2025-11-15 09:43:49.158 [main] INFO  com.otabi.jcodroneedu.SerialPortManager - Connected to cu.usbmodem3973337534311
2025-11-15 09:43:49.367 [main] INFO  com.otabi.jcodroneedu.Drone - Connection established - Model: DRONE_8_DRONE_P1, Firmware: 25.2.1, Battery: 64%
2025-11-15 09:44:13.613 [main] INFO  com.otabi.jcodroneedu.SerialPortManager - Serial port disconnected.
2025-11-15 17:06:59.912 [main] INFO  com.otabi.jcodroneedu.Drone - Drone instance created and ready for connection.
2025-11-15 17:06:59.993 [main] INFO  com.otabi.jcodroneedu.SerialPortManager - Detected CoDrone EDU controller at port cu.usbmodem3973337534311
2025-11-15 17:07:00.033 [main] INFO  com.otabi.jcodroneedu.SerialPortManager - Connected to cu.usbmodem3973337534311
2025-11-15 17:07:00.246 [main] INFO  com.otabi.jcodroneedu.Drone - Connection established - Model: DRONE_8_DRONE_P1, Firmware: 25.2.1, Battery: 62%
2025-11-15 17:07:15.493 [main] INFO  com.otabi.jcodroneedu.SerialPortManager - Serial port disconnected.
2025-11-15 17:07:45.431 [main] INFO  com.otabi.jcodroneedu.Drone - Drone instance created and ready for connection.
2025-11-15 17:07:45.448 [main] INFO  com.otabi.jcodroneedu.SerialPortManager - Detected CoDrone EDU controller at port cu.usbmodem3973337534311
2025-11-15 17:07:45.487 [main] INFO  com.otabi.jcodroneedu.SerialPortManager - Connected to cu.usbmodem3973337534311
2025-11-15 17:07:45.698 [main] INFO  com.otabi.jcodroneedu.Drone - Connection established - Model: DRONE_8_DRONE_P1, Firmware: 25.2.1, Battery: 62%
2025-11-15 17:07:57.374 [main] INFO  com.otabi.jcodroneedu.SerialPortManager - Serial port disconnected.
2025-11-15 17:10:37.448 [main] INFO  com.otabi.jcodroneedu.Drone - Drone instance created and ready for connection.
2025-11-15 17:10:37.460 [main] INFO  com.otabi.jcodroneedu.SerialPortManager - Detected CoDrone EDU controller at port cu.usbmodem3973337534311
2025-11-15 17:10:37.499 [main] INFO  com.otabi.jcodroneedu.SerialPortManager - Connected to cu.usbmodem3973337534311
2025-11-15 17:10:37.711 [main] INFO  com.otabi.jcodroneedu.Drone - Connection established - Model: DRONE_8_DRONE_P1, Firmware: 25.2.1, Battery: 61%
2025-11-15 17:10:49.707 [main] INFO  com.otabi.jcodroneedu.SerialPortManager - Serial port disconnected.
2025-11-15 17:12:05.293 [main] INFO  com.otabi.jcodroneedu.Drone - Drone instance created and ready for connection.
2025-11-15 17:12:05.304 [main] INFO  com.otabi.jcodroneedu.SerialPortManager - Detected CoDrone EDU controller at port cu.usbmodem3973337534311
2025-11-15 17:12:05.343 [main] INFO  com.otabi.jcodroneedu.SerialPortManager - Connected to cu.usbmodem3973337534311
2025-11-15 17:12:05.552 [main] INFO  com.otabi.jcodroneedu.Drone - Connection established - Model: DRONE_8_DRONE_P1, Firmware: 25.2.1, Battery: 60%
2025-11-15 17:12:17.234 [main] INFO  com.otabi.jcodroneedu.SerialPortManager - Serial port disconnected.
2025-11-15 17:15:35.434 [main] INFO  com.otabi.jcodroneedu.Drone - Drone instance created and ready for connection.
2025-11-15 17:15:35.445 [main] INFO  com.otabi.jcodroneedu.SerialPortManager - Detected CoDrone EDU controller at port cu.usbmodem3973337534311
2025-11-15 17:15:35.484 [main] INFO  com.otabi.jcodroneedu.SerialPortManager - Connected to cu.usbmodem3973337534311
2025-11-15 17:15:35.694 [main] INFO  com.otabi.jcodroneedu.Drone - Connection established - Model: DRONE_8_DRONE_P1, Firmware: 25.2.1, Battery: 59%
2025-11-15 17:15:48.072 [main] INFO  com.otabi.jcodroneedu.SerialPortManager - Serial port disconnected.
2025-11-15 17:18:10.079 [main] INFO  com.otabi.jcodroneedu.Drone - Drone instance created and ready for connection.
2025-11-15 17:18:10.091 [main] INFO  com.otabi.jcodroneedu.SerialPortManager - Detected CoDrone EDU controller at port cu.usbmodem3973337534311
2025-11-15 17:18:10.129 [main] INFO  com.otabi.jcodroneedu.SerialPortManager - Connected to cu.usbmodem3973337534311
2025-11-15 17:18:10.342 [main] INFO  com.otabi.jcodroneedu.Drone - Connection established - Model: DRONE_8_DRONE_P1, Firmware: 25.2.1, Battery: 59%
2025-11-15 17:18:22.356 [main] INFO  com.otabi.jcodroneedu.SerialPortManager - Serial port disconnected.
2025-11-15 17:20:07.050 [main] INFO  com.otabi.jcodroneedu.Drone - Drone instance created and ready for connection.
2025-11-15 17:20:07.061 [main] INFO  com.otabi.jcodroneedu.SerialPortManager - Detected CoDrone EDU controller at port cu.usbmodem3973337534311
2025-11-15 17:20:07.100 [main] INFO  com.otabi.jcodroneedu.SerialPortManager - Connected to cu.usbmodem3973337534311
2025-11-15 17:20:07.313 [main] INFO  com.otabi.jcodroneedu.Drone - Connection established - Model: DRONE_8_DRONE_P1, Firmware: 25.2.1, Battery: 59%
2025-11-15 17:20:11.711 [Thread-1] WARN  com.otabi.jcodroneedu.receiver.Receiver - Invalid start sequence. Expected 0x55, got 0x50
2025-11-15 17:20:19.063 [main] INFO  com.otabi.jcodroneedu.SerialPortManager - Serial port disconnected.
2025-11-15 17:21:22.800 [main] INFO  com.otabi.jcodroneedu.Drone - Drone instance created and ready for connection.
2025-11-15 17:21:22.811 [main] INFO  com.otabi.jcodroneedu.SerialPortManager - Detected CoDrone EDU controller at port cu.usbmodem3973337534311
2025-11-15 17:21:22.850 [main] INFO  com.otabi.jcodroneedu.SerialPortManager - Connected to cu.usbmodem3973337534311
2025-11-15 17:21:23.058 [main] INFO  com.otabi.jcodroneedu.Drone - Connection established - Model: DRONE_8_DRONE_P1, Firmware: 25.2.1, Battery: 58%
2025-11-15 17:21:34.716 [main] INFO  com.otabi.jcodroneedu.SerialPortManager - Serial port disconnected.
2025-11-15 17:21:55.135 [main] INFO  com.otabi.jcodroneedu.Drone - Drone instance created and ready for connection.
2025-11-15 17:21:55.145 [main] INFO  com.otabi.jcodroneedu.SerialPortManager - Detected CoDrone EDU controller at port cu.usbmodem3973337534311
2025-11-15 17:21:55.184 [main] INFO  com.otabi.jcodroneedu.SerialPortManager - Connected to cu.usbmodem3973337534311
2025-11-15 17:21:55.394 [main] INFO  com.otabi.jcodroneedu.Drone - Connection established - Model: DRONE_8_DRONE_P1, Firmware: 25.2.1, Battery: 58%
2025-11-15 17:22:06.999 [main] INFO  com.otabi.jcodroneedu.SerialPortManager - Serial port disconnected.
2025-11-15 17:22:31.369 [main] INFO  com.otabi.jcodroneedu.Drone - Drone instance created and ready for connection.
2025-11-15 17:22:31.379 [main] INFO  com.otabi.jcodroneedu.SerialPortManager - Detected CoDrone EDU controller at port cu.usbmodem3973337534311
2025-11-15 17:22:31.418 [main] INFO  com.otabi.jcodroneedu.SerialPortManager - Connected to cu.usbmodem3973337534311
2025-11-15 17:22:31.632 [main] INFO  com.otabi.jcodroneedu.Drone - Connection established - Model: DRONE_8_DRONE_P1, Firmware: 25.2.1, Battery: 58%
2025-11-15 17:22:43.268 [main] INFO  com.otabi.jcodroneedu.SerialPortManager - Serial port disconnected.
2025-11-15 17:23:47.640 [main] INFO  com.otabi.jcodroneedu.Drone - Drone instance created and ready for connection.
2025-11-15 17:23:47.651 [main] INFO  com.otabi.jcodroneedu.SerialPortManager - Detected CoDrone EDU controller at port cu.usbmodem3973337534311
2025-11-15 17:23:47.690 [main] INFO  com.otabi.jcodroneedu.SerialPortManager - Connected to cu.usbmodem3973337534311
2025-11-15 17:23:47.901 [main] INFO  com.otabi.jcodroneedu.Drone - Connection established - Model: DRONE_8_DRONE_P1, Firmware: 25.2.1, Battery: 0%
2025-11-15 17:23:59.651 [main] INFO  com.otabi.jcodroneedu.SerialPortManager - Serial port disconnected.
2025-11-15 17:27:26.429 [main] INFO  com.otabi.jcodroneedu.Drone - Drone instance created and ready for connection.
2025-11-15 17:27:27.180 [main] ERROR com.otabi.jcodroneedu.SerialPortManager - Cannot write, serial port is not open.
2025-11-15 17:27:27.180 [main] ERROR com.otabi.jcodroneedu.SerialPortManager - Cannot write, serial port is not open.
2025-11-15 17:27:27.180 [main] ERROR com.otabi.jcodroneedu.SerialPortManager - Cannot write, serial port is not open.
2025-11-15 17:27:27.180 [main] ERROR com.otabi.jcodroneedu.SerialPortManager - Cannot write, serial port is not open.
2025-11-15 17:27:27.180 [main] ERROR com.otabi.jcodroneedu.SerialPortManager - Cannot write, serial port is not open.
2025-11-15 17:27:28.685 [main] ERROR com.otabi.jcodroneedu.SerialPortManager - Cannot write, serial port is not open.
2025-11-15 17:27:28.685 [main] ERROR com.otabi.jcodroneedu.SerialPortManager - Cannot write, serial port is not open.
2025-11-15 17:27:28.685 [main] ERROR com.otabi.jcodroneedu.SerialPortManager - Cannot write, serial port is not open.
2025-11-15 17:27:28.685 [main] ERROR com.otabi.jcodroneedu.SerialPortManager - Cannot write, serial port is not open.
2025-11-15 17:27:28.686 [main] ERROR com.otabi.jcodroneedu.SerialPortManager - Cannot write, serial port is not open.
2025-11-15 17:27:30.193 [main] ERROR com.otabi.jcodroneedu.SerialPortManager - Cannot write, serial port is not open.
2025-11-15 17:27:30.194 [main] ERROR com.otabi.jcodroneedu.SerialPortManager - Cannot write, serial port is not open.
2025-11-15 17:27:30.194 [main] ERROR com.otabi.jcodroneedu.SerialPortManager - Cannot write, serial port is not open.
2025-11-15 17:27:30.194 [main] ERROR com.otabi.jcodroneedu.SerialPortManager - Cannot write, serial port is not open.
2025-11-15 17:27:30.194 [main] ERROR com.otabi.jcodroneedu.SerialPortManager - Cannot write, serial port is not open.
2025-11-15 17:27:31.702 [main] ERROR com.otabi.jcodroneedu.SerialPortManager - Cannot write, serial port is not open.
2025-11-15 17:27:31.702 [main] ERROR com.otabi.jcodroneedu.SerialPortManager - Cannot write, serial port is not open.
2025-11-15 17:27:31.702 [main] ERROR com.otabi.jcodroneedu.SerialPortManager - Cannot write, serial port is not open.
2025-11-15 17:27:31.702 [main] ERROR com.otabi.jcodroneedu.SerialPortManager - Cannot write, serial port is not open.
2025-11-15 17:27:31.703 [main] ERROR com.otabi.jcodroneedu.SerialPortManager - Cannot write, serial port is not open.
2025-11-15 17:27:40.814 [main] INFO  com.otabi.jcodroneedu.Drone - Drone instance created and ready for connection.
2025-11-15 17:27:40.826 [main] INFO  com.otabi.jcodroneedu.SerialPortManager - Detected CoDrone EDU controller at port cu.usbmodem3973337534311
2025-11-15 17:27:40.865 [main] INFO  com.otabi.jcodroneedu.SerialPortManager - Connected to cu.usbmodem3973337534311
2025-11-15 17:27:41.074 [main] INFO  com.otabi.jcodroneedu.Drone - Connection established - Model: DRONE_8_DRONE_P1, Firmware: 25.2.1, Battery: 58%
2025-11-15 17:27:52.675 [main] INFO  com.otabi.jcodroneedu.SerialPortManager - Serial port disconnected.
2025-11-15 17:29:01.648 [main] INFO  com.otabi.jcodroneedu.Drone - Drone instance created and ready for connection.
2025-11-15 17:29:01.659 [main] INFO  com.otabi.jcodroneedu.SerialPortManager - Detected CoDrone EDU controller at port cu.usbmodem3973337534311
2025-11-15 17:29:01.698 [main] INFO  com.otabi.jcodroneedu.SerialPortManager - Connected to cu.usbmodem3973337534311
2025-11-15 17:29:01.911 [main] INFO  com.otabi.jcodroneedu.Drone - Connection established - Model: DRONE_8_DRONE_P1, Firmware: 25.2.1, Battery: 57%
2025-11-15 17:29:13.610 [main] INFO  com.otabi.jcodroneedu.SerialPortManager - Serial port disconnected.
2025-11-15 17:30:24.203 [main] INFO  com.otabi.jcodroneedu.Drone - Drone instance created and ready for connection.
2025-11-15 17:30:24.808 [main] ERROR com.otabi.jcodroneedu.SerialPortManager - Cannot write, serial port is not open.
2025-11-15 17:30:24.809 [main] ERROR com.otabi.jcodroneedu.SerialPortManager - Cannot write, serial port is not open.
2025-11-15 17:30:24.809 [main] ERROR com.otabi.jcodroneedu.SerialPortManager - Cannot write, serial port is not open.
2025-11-15 17:30:24.809 [main] ERROR com.otabi.jcodroneedu.SerialPortManager - Cannot write, serial port is not open.
2025-11-15 17:30:24.809 [main] ERROR com.otabi.jcodroneedu.SerialPortManager - Cannot write, serial port is not open.
2025-11-15 17:30:26.821 [main] ERROR com.otabi.jcodroneedu.SerialPortManager - Cannot write, serial port is not open.
2025-11-15 17:30:26.822 [main] ERROR com.otabi.jcodroneedu.SerialPortManager - Cannot write, serial port is not open.
2025-11-15 17:30:26.822 [main] ERROR com.otabi.jcodroneedu.SerialPortManager - Cannot write, serial port is not open.
2025-11-15 17:30:26.822 [main] ERROR com.otabi.jcodroneedu.SerialPortManager - Cannot write, serial port is not open.
2025-11-15 17:30:26.822 [main] ERROR com.otabi.jcodroneedu.SerialPortManager - Cannot write, serial port is not open.
2025-11-15 17:30:28.830 [main] ERROR com.otabi.jcodroneedu.SerialPortManager - Cannot write, serial port is not open.
2025-11-15 17:30:28.831 [main] ERROR com.otabi.jcodroneedu.SerialPortManager - Cannot write, serial port is not open.
2025-11-15 17:30:28.831 [main] ERROR com.otabi.jcodroneedu.SerialPortManager - Cannot write, serial port is not open.
2025-11-15 17:30:28.832 [main] ERROR com.otabi.jcodroneedu.SerialPortManager - Cannot write, serial port is not open.
2025-11-15 17:30:28.832 [main] ERROR com.otabi.jcodroneedu.SerialPortManager - Cannot write, serial port is not open.
2025-11-15 17:30:39.883 [main] INFO  com.otabi.jcodroneedu.Drone - Drone instance created and ready for connection.
2025-11-15 17:30:40.123 [main] ERROR com.otabi.jcodroneedu.SerialPortManager - Cannot write, serial port is not open.
2025-11-15 17:30:40.124 [main] ERROR com.otabi.jcodroneedu.SerialPortManager - Cannot write, serial port is not open.
2025-11-15 17:30:40.124 [main] ERROR com.otabi.jcodroneedu.SerialPortManager - Cannot write, serial port is not open.
2025-11-15 17:30:40.124 [main] ERROR com.otabi.jcodroneedu.SerialPortManager - Cannot write, serial port is not open.
2025-11-15 17:30:40.124 [main] ERROR com.otabi.jcodroneedu.SerialPortManager - Cannot write, serial port is not open.
2025-11-15 17:30:42.204 [main] ERROR com.otabi.jcodroneedu.SerialPortManager - Cannot write, serial port is not open.
2025-11-15 17:30:42.205 [main] ERROR com.otabi.jcodroneedu.SerialPortManager - Cannot write, serial port is not open.
2025-11-15 17:30:42.205 [main] ERROR com.otabi.jcodroneedu.SerialPortManager - Cannot write, serial port is not open.
2025-11-15 17:30:42.205 [main] ERROR com.otabi.jcodroneedu.SerialPortManager - Cannot write, serial port is not open.
2025-11-15 17:30:42.205 [main] ERROR com.otabi.jcodroneedu.SerialPortManager - Cannot write, serial port is not open.
2025-11-15 17:30:44.219 [main] ERROR com.otabi.jcodroneedu.SerialPortManager - Cannot write, serial port is not open.
2025-11-15 17:30:44.221 [main] ERROR com.otabi.jcodroneedu.SerialPortManager - Cannot write, serial port is not open.
2025-11-15 17:30:44.222 [main] ERROR com.otabi.jcodroneedu.SerialPortManager - Cannot write, serial port is not open.
2025-11-15 17:30:44.222 [main] ERROR com.otabi.jcodroneedu.SerialPortManager - Cannot write, serial port is not open.
2025-11-15 17:30:44.222 [main] ERROR com.otabi.jcodroneedu.SerialPortManager - Cannot write, serial port is not open.
2025-11-15 17:31:45.520 [main] INFO  com.otabi.jcodroneedu.Drone - Drone instance created and ready for connection.
2025-11-15 17:31:46.257 [main] ERROR com.otabi.jcodroneedu.SerialPortManager - Cannot write, serial port is not open.
2025-11-15 17:31:46.257 [main] ERROR com.otabi.jcodroneedu.SerialPortManager - Cannot write, serial port is not open.
2025-11-15 17:31:46.257 [main] ERROR com.otabi.jcodroneedu.SerialPortManager - Cannot write, serial port is not open.
2025-11-15 17:31:46.257 [main] ERROR com.otabi.jcodroneedu.SerialPortManager - Cannot write, serial port is not open.
2025-11-15 17:31:46.257 [main] ERROR com.otabi.jcodroneedu.SerialPortManager - Cannot write, serial port is not open.
2025-11-15 17:31:48.283 [main] ERROR com.otabi.jcodroneedu.SerialPortManager - Cannot write, serial port is not open.
2025-11-15 17:31:48.289 [main] ERROR com.otabi.jcodroneedu.SerialPortManager - Cannot write, serial port is not open.
2025-11-15 17:31:48.289 [main] ERROR com.otabi.jcodroneedu.SerialPortManager - Cannot write, serial port is not open.
2025-11-15 17:31:48.289 [main] ERROR com.otabi.jcodroneedu.SerialPortManager - Cannot write, serial port is not open.
2025-11-15 17:31:48.290 [main] ERROR com.otabi.jcodroneedu.SerialPortManager - Cannot write, serial port is not open.
2025-11-15 17:31:50.350 [main] ERROR com.otabi.jcodroneedu.SerialPortManager - Cannot write, serial port is not open.
2025-11-15 17:31:50.357 [main] ERROR com.otabi.jcodroneedu.SerialPortManager - Cannot write, serial port is not open.
2025-11-15 17:31:50.358 [main] ERROR com.otabi.jcodroneedu.SerialPortManager - Cannot write, serial port is not open.
2025-11-15 17:31:50.358 [main] ERROR com.otabi.jcodroneedu.SerialPortManager - Cannot write, serial port is not open.
2025-11-15 17:31:50.367 [main] ERROR com.otabi.jcodroneedu.SerialPortManager - Cannot write, serial port is not open.
2025-11-15 17:33:11.819 [main] INFO  com.otabi.jcodroneedu.Drone - Drone instance created and ready for connection.
2025-11-15 17:33:38.594 [main] INFO  com.otabi.jcodroneedu.Drone - Drone instance created and ready for connection.
2025-11-15 17:33:59.249 [main] ERROR com.otabi.jcodroneedu.SerialPortManager - Cannot write, serial port is not open.
2025-11-15 17:33:59.250 [main] ERROR com.otabi.jcodroneedu.SerialPortManager - Cannot write, serial port is not open.
2025-11-15 17:33:59.251 [main] ERROR com.otabi.jcodroneedu.SerialPortManager - Cannot write, serial port is not open.
2025-11-15 17:33:59.251 [main] ERROR com.otabi.jcodroneedu.SerialPortManager - Cannot write, serial port is not open.
2025-11-15 17:33:59.252 [main] ERROR com.otabi.jcodroneedu.SerialPortManager - Cannot write, serial port is not open.
2025-11-15 17:35:08.093 [main] INFO  com.otabi.jcodroneedu.Drone - Drone instance created and ready for connection.
2025-11-15 17:35:08.547 [main] ERROR com.otabi.jcodroneedu.SerialPortManager - Cannot write, serial port is not open.
2025-11-15 17:35:08.547 [main] ERROR com.otabi.jcodroneedu.SerialPortManager - Cannot write, serial port is not open.
2025-11-15 17:35:08.547 [main] ERROR com.otabi.jcodroneedu.SerialPortManager - Cannot write, serial port is not open.
2025-11-15 17:35:08.547 [main] ERROR com.otabi.jcodroneedu.SerialPortManager - Cannot write, serial port is not open.
2025-11-15 17:35:08.547 [main] ERROR com.otabi.jcodroneedu.SerialPortManager - Cannot write, serial port is not open.
2025-11-15 17:35:11.565 [main] ERROR com.otabi.jcodroneedu.SerialPortManager - Cannot write, serial port is not open.
2025-11-15 17:35:11.568 [main] ERROR com.otabi.jcodroneedu.SerialPortManager - Cannot write, serial port is not open.
2025-11-15 17:35:11.568 [main] ERROR com.otabi.jcodroneedu.SerialPortManager - Cannot write, serial port is not open.
2025-11-15 17:35:11.568 [main] ERROR com.otabi.jcodroneedu.SerialPortManager - Cannot write, serial port is not open.
2025-11-15 17:35:11.569 [main] ERROR com.otabi.jcodroneedu.SerialPortManager - Cannot write, serial port is not open.
2025-11-15 17:35:14.582 [main] ERROR com.otabi.jcodroneedu.SerialPortManager - Cannot write, serial port is not open.
2025-11-15 17:35:14.585 [main] ERROR com.otabi.jcodroneedu.SerialPortManager - Cannot write, serial port is not open.
2025-11-15 17:35:14.585 [main] ERROR com.otabi.jcodroneedu.SerialPortManager - Cannot write, serial port is not open.
2025-11-15 17:35:14.586 [main] ERROR com.otabi.jcodroneedu.SerialPortManager - Cannot write, serial port is not open.
2025-11-15 17:35:14.586 [main] ERROR com.otabi.jcodroneedu.SerialPortManager - Cannot write, serial port is not open.
2025-11-15 17:35:17.596 [main] ERROR com.otabi.jcodroneedu.SerialPortManager - Cannot write, serial port is not open.
2025-11-15 17:35:17.597 [main] ERROR com.otabi.jcodroneedu.SerialPortManager - Cannot write, serial port is not open.
2025-11-15 17:35:17.597 [main] ERROR com.otabi.jcodroneedu.SerialPortManager - Cannot write, serial port is not open.
2025-11-15 17:35:17.598 [main] ERROR com.otabi.jcodroneedu.SerialPortManager - Cannot write, serial port is not open.
2025-11-15 17:35:17.598 [main] ERROR com.otabi.jcodroneedu.SerialPortManager - Cannot write, serial port is not open.
2025-11-15 17:35:20.604 [main] ERROR com.otabi.jcodroneedu.SerialPortManager - Cannot write, serial port is not open.
2025-11-15 17:35:20.605 [main] ERROR com.otabi.jcodroneedu.SerialPortManager - Cannot write, serial port is not open.
2025-11-15 17:35:20.605 [main] ERROR com.otabi.jcodroneedu.SerialPortManager - Cannot write, serial port is not open.
2025-11-15 17:35:20.605 [main] ERROR com.otabi.jcodroneedu.SerialPortManager - Cannot write, serial port is not open.
2025-11-15 17:35:20.606 [main] ERROR com.otabi.jcodroneedu.SerialPortManager - Cannot write, serial port is not open.
2025-11-15 17:37:08.499 [main] INFO  com.otabi.jcodroneedu.Drone - Drone instance created and ready for connection.
2025-11-15 17:37:10.624 [main] ERROR com.otabi.jcodroneedu.SerialPortManager - Cannot write, serial port is not open.
2025-11-15 17:37:10.624 [main] ERROR com.otabi.jcodroneedu.SerialPortManager - Cannot write, serial port is not open.
2025-11-15 17:37:10.624 [main] ERROR com.otabi.jcodroneedu.SerialPortManager - Cannot write, serial port is not open.
2025-11-15 17:37:10.624 [main] ERROR com.otabi.jcodroneedu.SerialPortManager - Cannot write, serial port is not open.
2025-11-15 17:37:10.624 [main] ERROR com.otabi.jcodroneedu.SerialPortManager - Cannot write, serial port is not open.
2025-11-15 17:37:13.638 [main] ERROR com.otabi.jcodroneedu.SerialPortManager - Cannot write, serial port is not open.
2025-11-15 17:37:13.643 [main] ERROR com.otabi.jcodroneedu.SerialPortManager - Cannot write, serial port is not open.
2025-11-15 17:37:13.644 [main] ERROR com.otabi.jcodroneedu.SerialPortManager - Cannot write, serial port is not open.
2025-11-15 17:37:13.644 [main] ERROR com.otabi.jcodroneedu.SerialPortManager - Cannot write, serial port is not open.
2025-11-15 17:37:13.644 [main] ERROR com.otabi.jcodroneedu.SerialPortManager - Cannot write, serial port is not open.
2025-11-15 17:37:16.654 [main] ERROR com.otabi.jcodroneedu.SerialPortManager - Cannot write, serial port is not open.
2025-11-15 17:37:16.655 [main] ERROR com.otabi.jcodroneedu.SerialPortManager - Cannot write, serial port is not open.
2025-11-15 17:37:16.656 [main] ERROR com.otabi.jcodroneedu.SerialPortManager - Cannot write, serial port is not open.
2025-11-15 17:37:16.656 [main] ERROR com.otabi.jcodroneedu.SerialPortManager - Cannot write, serial port is not open.
2025-11-15 17:37:16.656 [main] ERROR com.otabi.jcodroneedu.SerialPortManager - Cannot write, serial port is not open.
2025-11-15 17:37:19.667 [main] ERROR com.otabi.jcodroneedu.SerialPortManager - Cannot write, serial port is not open.
2025-11-15 17:37:19.668 [main] ERROR com.otabi.jcodroneedu.SerialPortManager - Cannot write, serial port is not open.
2025-11-15 17:37:19.669 [main] ERROR com.otabi.jcodroneedu.SerialPortManager - Cannot write, serial port is not open.
2025-11-15 17:37:19.669 [main] ERROR com.otabi.jcodroneedu.SerialPortManager - Cannot write, serial port is not open.
2025-11-15 17:37:19.670 [main] ERROR com.otabi.jcodroneedu.SerialPortManager - Cannot write, serial port is not open.
2025-11-15 17:37:22.676 [main] ERROR com.otabi.jcodroneedu.SerialPortManager - Cannot write, serial port is not open.
2025-11-15 17:37:22.676 [main] ERROR com.otabi.jcodroneedu.SerialPortManager - Cannot write, serial port is not open.
2025-11-15 17:37:22.676 [main] ERROR com.otabi.jcodroneedu.SerialPortManager - Cannot write, serial port is not open.
2025-11-15 17:37:22.676 [main] ERROR com.otabi.jcodroneedu.SerialPortManager - Cannot write, serial port is not open.
2025-11-15 17:37:22.676 [main] ERROR com.otabi.jcodroneedu.SerialPortManager - Cannot write, serial port is not open.
2025-11-15 17:38:35.022 [main] INFO  com.otabi.jcodroneedu.Drone - Drone instance created and ready for connection.
2025-11-15 17:38:35.349 [main] ERROR com.otabi.jcodroneedu.SerialPortManager - Cannot write, serial port is not open.
2025-11-15 17:38:35.349 [main] ERROR com.otabi.jcodroneedu.SerialPortManager - Cannot write, serial port is not open.
2025-11-15 17:38:35.349 [main] ERROR com.otabi.jcodroneedu.SerialPortManager - Cannot write, serial port is not open.
2025-11-15 17:38:35.349 [main] ERROR com.otabi.jcodroneedu.SerialPortManager - Cannot write, serial port is not open.
2025-11-15 17:38:35.349 [main] ERROR com.otabi.jcodroneedu.SerialPortManager - Cannot write, serial port is not open.
2025-11-15 17:38:35.349 [main] ERROR com.otabi.jcodroneedu.SerialPortManager - Cannot write, serial port is not open.
2025-11-15 17:38:35.384 [main] ERROR com.otabi.jcodroneedu.SerialPortManager - Cannot write, serial port is not open.
2025-11-15 17:38:35.445 [main] ERROR com.otabi.jcodroneedu.SerialPortManager - Cannot write, serial port is not open.
2025-11-15 17:38:38.454 [main] ERROR com.otabi.jcodroneedu.SerialPortManager - Cannot write, serial port is not open.
2025-11-15 17:38:38.459 [main] ERROR com.otabi.jcodroneedu.SerialPortManager - Cannot write, serial port is not open.
2025-11-15 17:38:38.459 [main] ERROR com.otabi.jcodroneedu.SerialPortManager - Cannot write, serial port is not open.
2025-11-15 17:38:38.459 [main] ERROR com.otabi.jcodroneedu.SerialPortManager - Cannot write, serial port is not open.
2025-11-15 17:38:38.459 [main] ERROR com.otabi.jcodroneedu.SerialPortManager - Cannot write, serial port is not open.
2025-11-15 17:38:38.459 [main] ERROR com.otabi.jcodroneedu.SerialPortManager - Cannot write, serial port is not open.
2025-11-15 17:38:38.460 [main] ERROR com.otabi.jcodroneedu.SerialPortManager - Cannot write, serial port is not open.
2025-11-15 17:38:38.460 [main] ERROR com.otabi.jcodroneedu.SerialPortManager - Cannot write, serial port is not open.
2025-11-15 17:38:41.472 [main] ERROR com.otabi.jcodroneedu.SerialPortManager - Cannot write, serial port is not open.
2025-11-15 17:38:41.473 [main] ERROR com.otabi.jcodroneedu.SerialPortManager - Cannot write, serial port is not open.
2025-11-15 17:38:41.473 [main] ERROR com.otabi.jcodroneedu.SerialPortManager - Cannot write, serial port is not open.
2025-11-15 17:38:41.473 [main] ERROR com.otabi.jcodroneedu.SerialPortManager - Cannot write, serial port is not open.
2025-11-15 17:38:41.474 [main] ERROR com.otabi.jcodroneedu.SerialPortManager - Cannot write, serial port is not open.
2025-11-15 17:38:41.474 [main] ERROR com.otabi.jcodroneedu.SerialPortManager - Cannot write, serial port is not open.
2025-11-15 17:38:41.474 [main] ERROR com.otabi.jcodroneedu.SerialPortManager - Cannot write, serial port is not open.
2025-11-15 17:38:41.474 [main] ERROR com.otabi.jcodroneedu.SerialPortManager - Cannot write, serial port is not open.
2025-11-15 17:38:44.487 [main] ERROR com.otabi.jcodroneedu.SerialPortManager - Cannot write, serial port is not open.
2025-11-15 17:38:44.488 [main] ERROR com.otabi.jcodroneedu.SerialPortManager - Cannot write, serial port is not open.
2025-11-15 17:38:44.488 [main] ERROR com.otabi.jcodroneedu.SerialPortManager - Cannot write, serial port is not open.
2025-11-15 17:38:44.488 [main] ERROR com.otabi.jcodroneedu.SerialPortManager - Cannot write, serial port is not open.
2025-11-15 17:38:44.488 [main] ERROR com.otabi.jcodroneedu.SerialPortManager - Cannot write, serial port is not open.
2025-11-15 17:38:44.489 [main] ERROR com.otabi.jcodroneedu.SerialPortManager - Cannot write, serial port is not open.
2025-11-15 17:38:44.490 [main] ERROR com.otabi.jcodroneedu.SerialPortManager - Cannot write, serial port is not open.
2025-11-15 17:38:44.490 [main] ERROR com.otabi.jcodroneedu.SerialPortManager - Cannot write, serial port is not open.
2025-11-15 17:38:47.497 [main] ERROR com.otabi.jcodroneedu.SerialPortManager - Cannot write, serial port is not open.
2025-11-15 17:38:47.498 [main] ERROR com.otabi.jcodroneedu.SerialPortManager - Cannot write, serial port is not open.
2025-11-15 17:38:47.498 [main] ERROR com.otabi.jcodroneedu.SerialPortManager - Cannot write, serial port is not open.
2025-11-15 17:38:47.498 [main] ERROR com.otabi.jcodroneedu.SerialPortManager - Cannot write, serial port is not open.
2025-11-15 17:38:47.499 [main] ERROR com.otabi.jcodroneedu.SerialPortManager - Cannot write, serial port is not open.
2025-11-15 17:38:47.499 [main] ERROR com.otabi.jcodroneedu.SerialPortManager - Cannot write, serial port is not open.
2025-11-15 17:38:47.499 [main] ERROR com.otabi.jcodroneedu.SerialPortManager - Cannot write, serial port is not open.
2025-11-15 17:38:47.499 [main] ERROR com.otabi.jcodroneedu.SerialPortManager - Cannot write, serial port is not open.
2025-11-15 17:40:21.427 [main] INFO  com.otabi.jcodroneedu.Drone - Drone instance created and ready for connection.
2025-11-15 17:40:21.782 [main] ERROR com.otabi.jcodroneedu.SerialPortManager - Cannot write, serial port is not open.
2025-11-15 17:40:21.782 [main] ERROR com.otabi.jcodroneedu.SerialPortManager - Cannot write, serial port is not open.
2025-11-15 17:40:21.782 [main] ERROR com.otabi.jcodroneedu.SerialPortManager - Cannot write, serial port is not open.
2025-11-15 17:40:21.782 [main] ERROR com.otabi.jcodroneedu.SerialPortManager - Cannot write, serial port is not open.
2025-11-15 17:40:21.783 [main] ERROR com.otabi.jcodroneedu.SerialPortManager - Cannot write, serial port is not open.
2025-11-15 17:40:21.783 [main] ERROR com.otabi.jcodroneedu.SerialPortManager - Cannot write, serial port is not open.
2025-11-15 17:40:21.787 [main] ERROR com.otabi.jcodroneedu.SerialPortManager - Cannot write, serial port is not open.
2025-11-15 17:40:21.850 [main] ERROR com.otabi.jcodroneedu.SerialPortManager - Cannot write, serial port is not open.
2025-11-15 17:40:24.865 [main] ERROR com.otabi.jcodroneedu.SerialPortManager - Cannot write, serial port is not open.
2025-11-15 17:40:24.868 [main] ERROR com.otabi.jcodroneedu.SerialPortManager - Cannot write, serial port is not open.
2025-11-15 17:40:24.869 [main] ERROR com.otabi.jcodroneedu.SerialPortManager - Cannot write, serial port is not open.
2025-11-15 17:40:24.870 [main] ERROR com.otabi.jcodroneedu.SerialPortManager - Cannot write, serial port is not open.
2025-11-15 17:40:24.871 [main] ERROR com.otabi.jcodroneedu.SerialPortManager - Cannot write, serial port is not open.
2025-11-15 17:40:24.876 [main] ERROR com.otabi.jcodroneedu.SerialPortManager - Cannot write, serial port is not open.
2025-11-15 17:40:24.876 [main] ERROR com.otabi.jcodroneedu.SerialPortManager - Cannot write, serial port is not open.
2025-11-15 17:40:24.877 [main] ERROR com.otabi.jcodroneedu.SerialPortManager - Cannot write, serial port is not open.
2025-11-15 17:40:27.883 [main] ERROR com.otabi.jcodroneedu.SerialPortManager - Cannot write, serial port is not open.
2025-11-15 17:40:27.884 [main] ERROR com.otabi.jcodroneedu.SerialPortManager - Cannot write, serial port is not open.
2025-11-15 17:40:27.884 [main] ERROR com.otabi.jcodroneedu.SerialPortManager - Cannot write, serial port is not open.
2025-11-15 17:40:27.885 [main] ERROR com.otabi.jcodroneedu.SerialPortManager - Cannot write, serial port is not open.
2025-11-15 17:40:27.885 [main] ERROR com.otabi.jcodroneedu.SerialPortManager - Cannot write, serial port is not open.
2025-11-15 17:40:27.885 [main] ERROR com.otabi.jcodroneedu.SerialPortManager - Cannot write, serial port is not open.
2025-11-15 17:40:27.886 [main] ERROR com.otabi.jcodroneedu.SerialPortManager - Cannot write, serial port is not open.
2025-11-15 17:40:27.886 [main] ERROR com.otabi.jcodroneedu.SerialPortManager - Cannot write, serial port is not open.
2025-11-15 17:40:30.899 [main] ERROR com.otabi.jcodroneedu.SerialPortManager - Cannot write, serial port is not open.
2025-11-15 17:40:30.900 [main] ERROR com.otabi.jcodroneedu.SerialPortManager - Cannot write, serial port is not open.
2025-11-15 17:40:30.900 [main] ERROR com.otabi.jcodroneedu.SerialPortManager - Cannot write, serial port is not open.
2025-11-15 17:40:30.900 [main] ERROR com.otabi.jcodroneedu.SerialPortManager - Cannot write, serial port is not open.
2025-11-15 17:40:30.901 [main] ERROR com.otabi.jcodroneedu.SerialPortManager - Cannot write, serial port is not open.
2025-11-15 17:40:30.901 [main] ERROR com.otabi.jcodroneedu.SerialPortManager - Cannot write, serial port is not open.
2025-11-15 17:40:30.901 [main] ERROR com.otabi.jcodroneedu.SerialPortManager - Cannot write, serial port is not open.
2025-11-15 17:40:30.902 [main] ERROR com.otabi.jcodroneedu.SerialPortManager - Cannot write, serial port is not open.
2025-11-15 17:40:33.914 [main] ERROR com.otabi.jcodroneedu.SerialPortManager - Cannot write, serial port is not open.
2025-11-15 17:40:33.914 [main] ERROR com.otabi.jcodroneedu.SerialPortManager - Cannot write, serial port is not open.
2025-11-15 17:40:33.914 [main] ERROR com.otabi.jcodroneedu.SerialPortManager - Cannot write, serial port is not open.
2025-11-15 17:40:33.915 [main] ERROR com.otabi.jcodroneedu.SerialPortManager - Cannot write, serial port is not open.
2025-11-15 17:40:33.915 [main] ERROR com.otabi.jcodroneedu.SerialPortManager - Cannot write, serial port is not open.
2025-11-15 17:40:33.915 [main] ERROR com.otabi.jcodroneedu.SerialPortManager - Cannot write, serial port is not open.
2025-11-15 17:40:33.915 [main] ERROR com.otabi.jcodroneedu.SerialPortManager - Cannot write, serial port is not open.
2025-11-15 17:40:33.915 [main] ERROR com.otabi.jcodroneedu.SerialPortManager - Cannot write, serial port is not open.
2025-11-15 17:42:01.104 [main] INFO  com.otabi.jcodroneedu.Drone - Drone instance created and ready for connection.
2025-11-15 17:42:01.426 [main] ERROR com.otabi.jcodroneedu.SerialPortManager - Cannot write, serial port is not open.
2025-11-15 17:42:01.439 [main] ERROR com.otabi.jcodroneedu.SerialPortManager - Cannot write, serial port is not open.
2025-11-15 17:42:01.451 [main] ERROR com.otabi.jcodroneedu.SerialPortManager - Cannot write, serial port is not open.
2025-11-15 17:42:01.464 [main] ERROR com.otabi.jcodroneedu.SerialPortManager - Cannot write, serial port is not open.
2025-11-15 17:42:01.476 [main] ERROR com.otabi.jcodroneedu.SerialPortManager - Cannot write, serial port is not open.
2025-11-15 17:42:01.489 [main] ERROR com.otabi.jcodroneedu.SerialPortManager - Cannot write, serial port is not open.
2025-11-15 17:42:01.502 [main] ERROR com.otabi.jcodroneedu.SerialPortManager - Cannot write, serial port is not open.
2025-11-15 17:42:01.525 [main] ERROR com.otabi.jcodroneedu.SerialPortManager - Cannot write, serial port is not open.
2025-11-15 17:42:04.548 [main] ERROR com.otabi.jcodroneedu.SerialPortManager - Cannot write, serial port is not open.
2025-11-15 17:42:04.563 [main] ERROR com.otabi.jcodroneedu.SerialPortManager - Cannot write, serial port is not open.
2025-11-15 17:42:04.576 [main] ERROR com.otabi.jcodroneedu.SerialPortManager - Cannot write, serial port is not open.
2025-11-15 17:42:04.589 [main] ERROR com.otabi.jcodroneedu.SerialPortManager - Cannot write, serial port is not open.
2025-11-15 17:42:04.600 [main] ERROR com.otabi.jcodroneedu.SerialPortManager - Cannot write, serial port is not open.
2025-11-15 17:42:04.612 [main] ERROR com.otabi.jcodroneedu.SerialPortManager - Cannot write, serial port is not open.
2025-11-15 17:42:04.624 [main] ERROR com.otabi.jcodroneedu.SerialPortManager - Cannot write, serial port is not open.
2025-11-15 17:42:04.638 [main] ERROR com.otabi.jcodroneedu.SerialPortManager - Cannot write, serial port is not open.
2025-11-15 17:42:07.654 [main] ERROR com.otabi.jcodroneedu.SerialPortManager - Cannot write, serial port is not open.
2025-11-15 17:42:07.667 [main] ERROR com.otabi.jcodroneedu.SerialPortManager - Cannot write, serial port is not open.
2025-11-15 17:42:07.680 [main] ERROR com.otabi.jcodroneedu.SerialPortManager - Cannot write, serial port is not open.
2025-11-15 17:42:07.693 [main] ERROR com.otabi.jcodroneedu.SerialPortManager - Cannot write, serial port is not open.
2025-11-15 17:42:07.706 [main] ERROR com.otabi.jcodroneedu.SerialPortManager - Cannot write, serial port is not open.
2025-11-15 17:42:07.720 [main] ERROR com.otabi.jcodroneedu.SerialPortManager - Cannot write, serial port is not open.
2025-11-15 17:42:07.733 [main] ERROR com.otabi.jcodroneedu.SerialPortManager - Cannot write, serial port is not open.
2025-11-15 17:42:07.748 [main] ERROR com.otabi.jcodroneedu.SerialPortManager - Cannot write, serial port is not open.
2025-11-15 17:42:10.772 [main] ERROR com.otabi.jcodroneedu.SerialPortManager - Cannot write, serial port is not open.
2025-11-15 17:42:10.784 [main] ERROR com.otabi.jcodroneedu.SerialPortManager - Cannot write, serial port is not open.
2025-11-15 17:42:10.797 [main] ERROR com.otabi.jcodroneedu.SerialPortManager - Cannot write, serial port is not open.
2025-11-15 17:42:10.811 [main] ERROR com.otabi.jcodroneedu.SerialPortManager - Cannot write, serial port is not open.
2025-11-15 17:42:10.824 [main] ERROR com.otabi.jcodroneedu.SerialPortManager - Cannot write, serial port is not open.
2025-11-15 17:42:10.838 [main] ERROR com.otabi.jcodroneedu.SerialPortManager - Cannot write, serial port is not open.
2025-11-15 17:42:10.851 [main] ERROR com.otabi.jcodroneedu.SerialPortManager - Cannot write, serial port is not open.
2025-11-15 17:42:10.864 [main] ERROR com.otabi.jcodroneedu.SerialPortManager - Cannot write, serial port is not open.
2025-11-15 17:42:13.881 [main] ERROR com.otabi.jcodroneedu.SerialPortManager - Cannot write, serial port is not open.
2025-11-15 17:42:13.894 [main] ERROR com.otabi.jcodroneedu.SerialPortManager - Cannot write, serial port is not open.
2025-11-15 17:42:13.907 [main] ERROR com.otabi.jcodroneedu.SerialPortManager - Cannot write, serial port is not open.
2025-11-15 17:42:13.920 [main] ERROR com.otabi.jcodroneedu.SerialPortManager - Cannot write, serial port is not open.
2025-11-15 17:42:13.933 [main] ERROR com.otabi.jcodroneedu.SerialPortManager - Cannot write, serial port is not open.
2025-11-15 17:42:13.946 [main] ERROR com.otabi.jcodroneedu.SerialPortManager - Cannot write, serial port is not open.
2025-11-15 17:42:13.958 [main] ERROR com.otabi.jcodroneedu.SerialPortManager - Cannot write, serial port is not open.
2025-11-15 17:42:13.971 [main] ERROR com.otabi.jcodroneedu.SerialPortManager - Cannot write, serial port is not open.
2025-11-15 18:17:23.259 [main] INFO  com.otabi.jcodroneedu.Drone - Drone instance created and ready for connection.
2025-11-15 18:17:25.104 [main] ERROR com.otabi.jcodroneedu.SerialPortManager - Cannot write, serial port is not open.
2025-11-15 18:17:25.260 [main] ERROR com.otabi.jcodroneedu.SerialPortManager - Cannot write, serial port is not open.
2025-11-15 18:17:25.412 [main] ERROR com.otabi.jcodroneedu.SerialPortManager - Cannot write, serial port is not open.
2025-11-15 18:17:25.565 [main] ERROR com.otabi.jcodroneedu.SerialPortManager - Cannot write, serial port is not open.
2025-11-15 18:17:25.719 [main] ERROR com.otabi.jcodroneedu.SerialPortManager - Cannot write, serial port is not open.
2025-11-15 18:17:28.928 [main] ERROR com.otabi.jcodroneedu.SerialPortManager - Cannot write, serial port is not open.
2025-11-15 18:17:29.082 [main] ERROR com.otabi.jcodroneedu.SerialPortManager - Cannot write, serial port is not open.
2025-11-15 18:17:29.237 [main] ERROR com.otabi.jcodroneedu.SerialPortManager - Cannot write, serial port is not open.
2025-11-15 18:17:29.392 [main] ERROR com.otabi.jcodroneedu.SerialPortManager - Cannot write, serial port is not open.
2025-11-15 18:17:29.545 [main] ERROR com.otabi.jcodroneedu.SerialPortManager - Cannot write, serial port is not open.
2025-11-15 18:17:32.704 [main] ERROR com.otabi.jcodroneedu.SerialPortManager - Cannot write, serial port is not open.
2025-11-15 18:17:32.860 [main] ERROR com.otabi.jcodroneedu.SerialPortManager - Cannot write, serial port is not open.
2025-11-15 18:17:33.016 [main] ERROR com.otabi.jcodroneedu.SerialPortManager - Cannot write, serial port is not open.
2025-11-15 18:17:33.168 [main] ERROR com.otabi.jcodroneedu.SerialPortManager - Cannot write, serial port is not open.
2025-11-15 18:17:33.322 [main] ERROR com.otabi.jcodroneedu.SerialPortManager - Cannot write, serial port is not open.
2025-11-15 18:17:36.481 [main] ERROR com.otabi.jcodroneedu.SerialPortManager - Cannot write, serial port is not open.
2025-11-15 18:17:36.637 [main] ERROR com.otabi.jcodroneedu.SerialPortManager - Cannot write, serial port is not open.
2025-11-15 18:17:36.789 [main] ERROR com.otabi.jcodroneedu.SerialPortManager - Cannot write, serial port is not open.
2025-11-15 18:17:36.942 [main] ERROR com.otabi.jcodroneedu.SerialPortManager - Cannot write, serial port is not open.
2025-11-15 18:17:37.097 [main] ERROR com.otabi.jcodroneedu.SerialPortManager - Cannot write, serial port is not open.
2025-11-15 18:17:40.258 [main] ERROR com.otabi.jcodroneedu.SerialPortManager - Cannot write, serial port is not open.
2025-11-15 18:17:40.414 [main] ERROR com.otabi.jcodroneedu.SerialPortManager - Cannot write, serial port is not open.
2025-11-15 18:17:40.570 [main] ERROR com.otabi.jcodroneedu.SerialPortManager - Cannot write, serial port is not open.
2025-11-15 18:17:40.724 [main] ERROR com.otabi.jcodroneedu.SerialPortManager - Cannot write, serial port is not open.
2025-11-15 18:17:40.880 [main] ERROR com.otabi.jcodroneedu.SerialPortManager - Cannot write, serial port is not open.
2025-11-15 18:19:09.947 [main] INFO  com.otabi.jcodroneedu.Drone - Drone instance created and ready for connection.
2025-11-15 18:19:09.960 [main] INFO  com.otabi.jcodroneedu.SerialPortManager - Detected CoDrone EDU controller at port cu.usbmodem3973337534311
2025-11-15 18:19:10.001 [main] INFO  com.otabi.jcodroneedu.SerialPortManager - Connected to cu.usbmodem3973337534311
2025-11-15 18:19:10.214 [main] INFO  com.otabi.jcodroneedu.Drone - Connection established - Model: DRONE_8_DRONE_P1, Firmware: 25.2.1, Battery: 42%
2025-11-15 18:19:21.537 [Thread-1] WARN  com.otabi.jcodroneedu.receiver.Receiver - Invalid start sequence. Expected 0x55, got 0x88
2025-11-15 18:19:26.764 [main] INFO  com.otabi.jcodroneedu.SerialPortManager - Serial port disconnected.
2025-11-15 18:20:20.116 [main] INFO  com.otabi.jcodroneedu.Drone - Drone instance created and ready for connection.
2025-11-15 18:20:20.127 [main] INFO  com.otabi.jcodroneedu.SerialPortManager - Detected CoDrone EDU controller at port cu.usbmodem3973337534311
2025-11-15 18:20:20.166 [main] INFO  com.otabi.jcodroneedu.SerialPortManager - Connected to cu.usbmodem3973337534311
2025-11-15 18:20:20.377 [main] INFO  com.otabi.jcodroneedu.Drone - Connection established - Model: DRONE_8_DRONE_P1, Firmware: 25.2.1, Battery: 40%
2025-11-15 18:20:36.923 [main] INFO  com.otabi.jcodroneedu.SerialPortManager - Serial port disconnected.
2025-11-15 18:23:41.392 [main] INFO  com.otabi.jcodroneedu.Drone - Drone instance created and ready for connection.
2025-11-15 18:23:41.406 [main] INFO  com.otabi.jcodroneedu.SerialPortManager - Detected CoDrone EDU controller at port cu.usbmodem3973337534311
2025-11-15 18:23:41.446 [main] INFO  com.otabi.jcodroneedu.SerialPortManager - Connected to cu.usbmodem3973337534311
2025-11-15 18:23:41.657 [main] ERROR com.otabi.jcodroneedu.Drone - Connection verification failed - State ready: false, Info available: true
2025-11-15 18:23:41.684 [main] INFO  com.otabi.jcodroneedu.SerialPortManager - Serial port disconnected.
2025-11-15 18:23:41.685 [main] ERROR com.otabi.jcodroneedu.SerialPortManager - Cannot write, serial port is not open.
2025-11-15 18:23:42.188 [main] ERROR com.otabi.jcodroneedu.SerialPortManager - Cannot write, serial port is not open.
2025-11-15 18:23:42.188 [main] ERROR com.otabi.jcodroneedu.SerialPortManager - Cannot write, serial port is not open.
2025-11-15 18:23:42.189 [main] ERROR com.otabi.jcodroneedu.SerialPortManager - Cannot write, serial port is not open.
2025-11-15 18:23:42.189 [main] ERROR com.otabi.jcodroneedu.SerialPortManager - Cannot write, serial port is not open.
2025-11-15 18:23:42.189 [main] ERROR com.otabi.jcodroneedu.SerialPortManager - Cannot write, serial port is not open.
2025-11-15 18:23:42.189 [main] ERROR com.otabi.jcodroneedu.SerialPortManager - Cannot write, serial port is not open.
2025-11-15 18:23:42.189 [main] ERROR com.otabi.jcodroneedu.SerialPortManager - Cannot write, serial port is not open.
2025-11-15 18:23:42.190 [main] ERROR com.otabi.jcodroneedu.SerialPortManager - Cannot write, serial port is not open.
2025-11-15 18:23:42.190 [main] ERROR com.otabi.jcodroneedu.SerialPortManager - Cannot write, serial port is not open.
2025-11-15 18:23:42.190 [main] ERROR com.otabi.jcodroneedu.SerialPortManager - Cannot write, serial port is not open.
2025-11-15 18:23:42.190 [main] ERROR com.otabi.jcodroneedu.SerialPortManager - Cannot write, serial port is not open.
2025-11-15 18:23:42.234 [main] ERROR com.otabi.jcodroneedu.SerialPortManager - Cannot write, serial port is not open.
2025-11-15 18:23:42.292 [main] ERROR com.otabi.jcodroneedu.SerialPortManager - Cannot write, serial port is not open.
2025-11-15 18:23:42.355 [main] ERROR com.otabi.jcodroneedu.SerialPortManager - Cannot write, serial port is not open.
2025-11-15 18:23:42.416 [main] ERROR com.otabi.jcodroneedu.SerialPortManager - Cannot write, serial port is not open.
2025-11-15 18:23:42.475 [main] ERROR com.otabi.jcodroneedu.SerialPortManager - Cannot write, serial port is not open.
2025-11-15 18:23:42.533 [main] ERROR com.otabi.jcodroneedu.SerialPortManager - Cannot write, serial port is not open.
2025-11-15 18:23:42.592 [main] ERROR com.otabi.jcodroneedu.SerialPortManager - Cannot write, serial port is not open.
2025-11-15 18:23:42.655 [main] ERROR com.otabi.jcodroneedu.SerialPortManager - Cannot write, serial port is not open.
2025-11-15 18:23:42.712 [main] ERROR com.otabi.jcodroneedu.SerialPortManager - Cannot write, serial port is not open.
2025-11-15 18:23:42.773 [main] ERROR com.otabi.jcodroneedu.SerialPortManager - Cannot write, serial port is not open.
2025-11-15 18:23:42.834 [main] ERROR com.otabi.jcodroneedu.SerialPortManager - Cannot write, serial port is not open.
2025-11-15 18:23:42.895 [main] ERROR com.otabi.jcodroneedu.SerialPortManager - Cannot write, serial port is not open.
2025-11-15 18:23:42.955 [main] ERROR com.otabi.jcodroneedu.SerialPortManager - Cannot write, serial port is not open.
2025-11-15 18:23:43.014 [main] ERROR com.otabi.jcodroneedu.SerialPortManager - Cannot write, serial port is not open.
2025-11-15 18:23:43.072 [main] ERROR com.otabi.jcodroneedu.SerialPortManager - Cannot write, serial port is not open.
2025-11-15 18:23:43.134 [main] ERROR com.otabi.jcodroneedu.SerialPortManager - Cannot write, serial port is not open.
2025-11-15 18:23:43.195 [main] ERROR com.otabi.jcodroneedu.SerialPortManager - Cannot write, serial port is not open.
2025-11-15 18:23:43.255 [main] ERROR com.otabi.jcodroneedu.SerialPortManager - Cannot write, serial port is not open.
2025-11-15 18:23:43.314 [main] ERROR com.otabi.jcodroneedu.SerialPortManager - Cannot write, serial port is not open.
2025-11-15 18:23:43.372 [main] ERROR com.otabi.jcodroneedu.SerialPortManager - Cannot write, serial port is not open.
2025-11-15 18:23:43.433 [main] ERROR com.otabi.jcodroneedu.SerialPortManager - Cannot write, serial port is not open.
2025-11-15 18:23:43.492 [main] ERROR com.otabi.jcodroneedu.SerialPortManager - Cannot write, serial port is not open.
2025-11-15 18:23:43.551 [main] ERROR com.otabi.jcodroneedu.SerialPortManager - Cannot write, serial port is not open.
2025-11-15 18:23:43.614 [main] ERROR com.otabi.jcodroneedu.SerialPortManager - Cannot write, serial port is not open.
2025-11-15 18:23:43.671 [main] ERROR com.otabi.jcodroneedu.SerialPortManager - Cannot write, serial port is not open.
2025-11-15 18:23:43.731 [main] ERROR com.otabi.jcodroneedu.SerialPortManager - Cannot write, serial port is not open.
2025-11-15 18:23:43.795 [main] ERROR com.otabi.jcodroneedu.SerialPortManager - Cannot write, serial port is not open.
2025-11-15 18:23:43.853 [main] ERROR com.otabi.jcodroneedu.SerialPortManager - Cannot write, serial port is not open.
2025-11-15 18:23:43.914 [main] ERROR com.otabi.jcodroneedu.SerialPortManager - Cannot write, serial port is not open.
2025-11-15 18:23:43.973 [main] ERROR com.otabi.jcodroneedu.SerialPortManager - Cannot write, serial port is not open.
2025-11-15 18:23:44.033 [main] ERROR com.otabi.jcodroneedu.SerialPortManager - Cannot write, serial port is not open.
2025-11-15 18:23:44.093 [main] ERROR com.otabi.jcodroneedu.SerialPortManager - Cannot write, serial port is not open.
2025-11-15 18:23:44.155 [main] ERROR com.otabi.jcodroneedu.SerialPortManager - Cannot write, serial port is not open.
2025-11-15 18:23:44.214 [main] ERROR com.otabi.jcodroneedu.SerialPortManager - Cannot write, serial port is not open.
2025-11-15 18:23:44.275 [main] ERROR com.otabi.jcodroneedu.SerialPortManager - Cannot write, serial port is not open.
2025-11-15 18:23:44.334 [main] ERROR com.otabi.jcodroneedu.SerialPortManager - Cannot write, serial port is not open.
2025-11-15 18:23:44.392 [main] ERROR com.otabi.jcodroneedu.SerialPortManager - Cannot write, serial port is not open.
2025-11-15 18:23:44.455 [main] ERROR com.otabi.jcodroneedu.SerialPortManager - Cannot write, serial port is not open.
2025-11-15 18:23:44.514 [main] ERROR com.otabi.jcodroneedu.SerialPortManager - Cannot write, serial port is not open.
2025-11-15 18:23:44.575 [main] ERROR com.otabi.jcodroneedu.SerialPortManager - Cannot write, serial port is not open.
2025-11-15 18:23:44.634 [main] ERROR com.otabi.jcodroneedu.SerialPortManager - Cannot write, serial port is not open.
2025-11-15 18:23:44.693 [main] ERROR com.otabi.jcodroneedu.SerialPortManager - Cannot write, serial port is not open.
2025-11-15 18:23:44.752 [main] ERROR com.otabi.jcodroneedu.SerialPortManager - Cannot write, serial port is not open.
2025-11-15 18:23:44.815 [main] ERROR com.otabi.jcodroneedu.SerialPortManager - Cannot write, serial port is not open.
2025-11-15 18:23:44.871 [main] ERROR com.otabi.jcodroneedu.SerialPortManager - Cannot write, serial port is not open.
2025-11-15 18:23:44.934 [main] ERROR com.otabi.jcodroneedu.SerialPortManager - Cannot write, serial port is not open.
2025-11-15 18:23:44.993 [main] ERROR com.otabi.jcodroneedu.SerialPortManager - Cannot write, serial port is not open.
2025-11-15 18:23:45.052 [main] ERROR com.otabi.jcodroneedu.SerialPortManager - Cannot write, serial port is not open.
2025-11-15 18:23:45.113 [main] ERROR com.otabi.jcodroneedu.SerialPortManager - Cannot write, serial port is not open.
2025-11-15 18:23:45.175 [main] ERROR com.otabi.jcodroneedu.SerialPortManager - Cannot write, serial port is not open.
2025-11-15 18:23:45.234 [main] ERROR com.otabi.jcodroneedu.SerialPortManager - Cannot write, serial port is not open.
2025-11-15 18:23:45.292 [main] ERROR com.otabi.jcodroneedu.SerialPortManager - Cannot write, serial port is not open.
2025-11-15 18:23:45.355 [main] ERROR com.otabi.jcodroneedu.SerialPortManager - Cannot write, serial port is not open.
2025-11-15 18:23:45.413 [main] ERROR com.otabi.jcodroneedu.SerialPortManager - Cannot write, serial port is not open.
2025-11-15 18:23:45.474 [main] ERROR com.otabi.jcodroneedu.SerialPortManager - Cannot write, serial port is not open.
2025-11-15 18:23:45.532 [main] ERROR com.otabi.jcodroneedu.SerialPortManager - Cannot write, serial port is not open.
2025-11-15 18:23:45.594 [main] ERROR com.otabi.jcodroneedu.SerialPortManager - Cannot write, serial port is not open.
2025-11-15 18:23:45.654 [main] ERROR com.otabi.jcodroneedu.SerialPortManager - Cannot write, serial port is not open.
2025-11-15 18:23:45.714 [main] ERROR com.otabi.jcodroneedu.SerialPortManager - Cannot write, serial port is not open.
2025-11-15 18:23:45.773 [main] ERROR com.otabi.jcodroneedu.SerialPortManager - Cannot write, serial port is not open.
2025-11-15 18:23:45.832 [main] ERROR com.otabi.jcodroneedu.SerialPortManager - Cannot write, serial port is not open.
2025-11-15 18:23:45.892 [main] ERROR com.otabi.jcodroneedu.SerialPortManager - Cannot write, serial port is not open.
2025-11-15 18:23:45.955 [main] ERROR com.otabi.jcodroneedu.SerialPortManager - Cannot write, serial port is not open.
2025-11-15 18:23:46.014 [main] ERROR com.otabi.jcodroneedu.SerialPortManager - Cannot write, serial port is not open.
2025-11-15 18:23:46.073 [main] ERROR com.otabi.jcodroneedu.SerialPortManager - Cannot write, serial port is not open.
2025-11-15 18:23:46.133 [main] ERROR com.otabi.jcodroneedu.SerialPortManager - Cannot write, serial port is not open.
2025-11-15 18:23:46.191 [main] ERROR com.otabi.jcodroneedu.SerialPortManager - Cannot write, serial port is not open.
2025-11-15 18:23:46.252 [main] ERROR com.otabi.jcodroneedu.SerialPortManager - Cannot write, serial port is not open.
2025-11-15 18:23:46.315 [main] ERROR com.otabi.jcodroneedu.SerialPortManager - Cannot write, serial port is not open.
2025-11-15 18:23:46.371 [main] ERROR com.otabi.jcodroneedu.SerialPortManager - Cannot write, serial port is not open.
2025-11-15 18:23:46.432 [main] ERROR com.otabi.jcodroneedu.SerialPortManager - Cannot write, serial port is not open.
2025-11-15 18:23:46.495 [main] ERROR com.otabi.jcodroneedu.SerialPortManager - Cannot write, serial port is not open.
2025-11-15 18:23:46.555 [main] ERROR com.otabi.jcodroneedu.SerialPortManager - Cannot write, serial port is not open.
2025-11-15 18:23:46.615 [main] ERROR com.otabi.jcodroneedu.SerialPortManager - Cannot write, serial port is not open.
2025-11-15 18:23:46.675 [main] ERROR com.otabi.jcodroneedu.SerialPortManager - Cannot write, serial port is not open.
2025-11-15 18:23:46.730 [main] ERROR com.otabi.jcodroneedu.SerialPortManager - Cannot write, serial port is not open.
2025-11-15 18:23:46.791 [main] ERROR com.otabi.jcodroneedu.SerialPortManager - Cannot write, serial port is not open.
2025-11-15 18:23:46.855 [main] ERROR com.otabi.jcodroneedu.SerialPortManager - Cannot write, serial port is not open.
2025-11-15 18:23:46.915 [main] ERROR com.otabi.jcodroneedu.SerialPortManager - Cannot write, serial port is not open.
2025-11-15 18:23:46.974 [main] ERROR com.otabi.jcodroneedu.SerialPortManager - Cannot write, serial port is not open.
2025-11-15 18:23:47.033 [main] ERROR com.otabi.jcodroneedu.SerialPortManager - Cannot write, serial port is not open.
2025-11-15 18:23:47.092 [main] ERROR com.otabi.jcodroneedu.SerialPortManager - Cannot write, serial port is not open.
2025-11-15 18:23:47.155 [main] ERROR com.otabi.jcodroneedu.SerialPortManager - Cannot write, serial port is not open.
2025-11-15 18:23:47.214 [main] ERROR com.otabi.jcodroneedu.SerialPortManager - Cannot write, serial port is not open.
2025-11-15 18:23:47.275 [main] ERROR com.otabi.jcodroneedu.SerialPortManager - Cannot write, serial port is not open.
2025-11-15 18:23:47.333 [main] ERROR com.otabi.jcodroneedu.SerialPortManager - Cannot write, serial port is not open.
2025-11-15 18:23:47.393 [main] ERROR com.otabi.jcodroneedu.SerialPortManager - Cannot write, serial port is not open.
2025-11-15 18:23:47.455 [main] ERROR com.otabi.jcodroneedu.SerialPortManager - Cannot write, serial port is not open.
2025-11-15 18:23:47.514 [main] ERROR com.otabi.jcodroneedu.SerialPortManager - Cannot write, serial port is not open.
2025-11-15 18:23:47.575 [main] ERROR com.otabi.jcodroneedu.SerialPortManager - Cannot write, serial port is not open.
2025-11-15 18:23:47.630 [main] ERROR com.otabi.jcodroneedu.SerialPortManager - Cannot write, serial port is not open.
2025-11-15 18:23:47.700 [main] ERROR com.otabi.jcodroneedu.SerialPortManager - Cannot write, serial port is not open.
2025-11-15 18:23:47.755 [main] ERROR com.otabi.jcodroneedu.SerialPortManager - Cannot write, serial port is not open.
2025-11-15 18:23:47.816 [main] ERROR com.otabi.jcodroneedu.SerialPortManager - Cannot write, serial port is not open.
2025-11-15 18:23:47.873 [main] ERROR com.otabi.jcodroneedu.SerialPortManager - Cannot write, serial port is not open.
2025-11-15 18:23:47.930 [main] ERROR com.otabi.jcodroneedu.SerialPortManager - Cannot write, serial port is not open.
2025-11-15 18:23:47.995 [main] ERROR com.otabi.jcodroneedu.SerialPortManager - Cannot write, serial port is not open.
2025-11-15 18:23:48.055 [main] ERROR com.otabi.jcodroneedu.SerialPortManager - Cannot write, serial port is not open.
2025-11-15 18:23:48.114 [main] ERROR com.otabi.jcodroneedu.SerialPortManager - Cannot write, serial port is not open.
2025-11-15 18:23:48.173 [main] ERROR com.otabi.jcodroneedu.SerialPortManager - Cannot write, serial port is not open.
2025-11-15 18:23:48.233 [main] ERROR com.otabi.jcodroneedu.SerialPortManager - Cannot write, serial port is not open.
2025-11-15 18:23:48.293 [main] ERROR com.otabi.jcodroneedu.SerialPortManager - Cannot write, serial port is not open.
2025-11-15 18:23:48.352 [main] ERROR com.otabi.jcodroneedu.SerialPortManager - Cannot write, serial port is not open.
2025-11-15 18:23:48.411 [main] ERROR com.otabi.jcodroneedu.SerialPortManager - Cannot write, serial port is not open.
2025-11-15 18:23:48.473 [main] ERROR com.otabi.jcodroneedu.SerialPortManager - Cannot write, serial port is not open.
2025-11-15 18:23:48.531 [main] ERROR com.otabi.jcodroneedu.SerialPortManager - Cannot write, serial port is not open.
2025-11-15 18:23:48.595 [main] ERROR com.otabi.jcodroneedu.SerialPortManager - Cannot write, serial port is not open.
2025-11-15 18:23:48.655 [main] ERROR com.otabi.jcodroneedu.SerialPortManager - Cannot write, serial port is not open.
2025-11-15 18:23:48.714 [main] ERROR com.otabi.jcodroneedu.SerialPortManager - Cannot write, serial port is not open.
2025-11-15 18:23:48.775 [main] ERROR com.otabi.jcodroneedu.SerialPortManager - Cannot write, serial port is not open.
2025-11-15 18:23:48.834 [main] ERROR com.otabi.jcodroneedu.SerialPortManager - Cannot write, serial port is not open.
2025-11-15 18:23:48.894 [main] ERROR com.otabi.jcodroneedu.SerialPortManager - Cannot write, serial port is not open.
2025-11-15 18:23:48.952 [main] ERROR com.otabi.jcodroneedu.SerialPortManager - Cannot write, serial port is not open.
2025-11-15 18:23:49.015 [main] ERROR com.otabi.jcodroneedu.SerialPortManager - Cannot write, serial port is not open.
2025-11-15 18:23:49.072 [main] ERROR com.otabi.jcodroneedu.SerialPortManager - Cannot write, serial port is not open.
2025-11-15 18:23:49.131 [main] ERROR com.otabi.jcodroneedu.SerialPortManager - Cannot write, serial port is not open.
2025-11-15 18:23:49.191 [main] ERROR com.otabi.jcodroneedu.SerialPortManager - Cannot write, serial port is not open.
2025-11-15 18:23:49.251 [main] ERROR com.otabi.jcodroneedu.SerialPortManager - Cannot write, serial port is not open.
2025-11-15 18:23:49.315 [main] ERROR com.otabi.jcodroneedu.SerialPortManager - Cannot write, serial port is not open.
2025-11-15 18:23:49.371 [main] ERROR com.otabi.jcodroneedu.SerialPortManager - Cannot write, serial port is not open.
2025-11-15 18:23:49.433 [main] ERROR com.otabi.jcodroneedu.SerialPortManager - Cannot write, serial port is not open.
2025-11-15 18:23:49.493 [main] ERROR com.otabi.jcodroneedu.SerialPortManager - Cannot write, serial port is not open.
2025-11-15 18:23:49.555 [main] ERROR com.otabi.jcodroneedu.SerialPortManager - Cannot write, serial port is not open.
2025-11-15 18:23:49.614 [main] ERROR com.otabi.jcodroneedu.SerialPortManager - Cannot write, serial port is not open.
2025-11-15 18:23:49.671 [main] ERROR com.otabi.jcodroneedu.SerialPortManager - Cannot write, serial port is not open.
2025-11-15 18:23:49.732 [main] ERROR com.otabi.jcodroneedu.SerialPortManager - Cannot write, serial port is not open.
2025-11-15 18:23:49.795 [main] ERROR com.otabi.jcodroneedu.SerialPortManager - Cannot write, serial port is not open.
2025-11-15 18:23:49.851 [main] ERROR com.otabi.jcodroneedu.SerialPortManager - Cannot write, serial port is not open.
2025-11-15 18:23:49.914 [main] ERROR com.otabi.jcodroneedu.SerialPortManager - Cannot write, serial port is not open.
2025-11-15 18:23:49.975 [main] ERROR com.otabi.jcodroneedu.SerialPortManager - Cannot write, serial port is not open.
2025-11-15 18:23:50.030 [main] ERROR com.otabi.jcodroneedu.SerialPortManager - Cannot write, serial port is not open.
2025-11-15 18:23:50.095 [main] ERROR com.otabi.jcodroneedu.SerialPortManager - Cannot write, serial port is not open.
2025-11-15 18:23:50.153 [main] ERROR com.otabi.jcodroneedu.SerialPortManager - Cannot write, serial port is not open.
2025-11-15 18:23:50.215 [main] ERROR com.otabi.jcodroneedu.SerialPortManager - Cannot write, serial port is not open.
2025-11-15 18:23:50.274 [main] ERROR com.otabi.jcodroneedu.SerialPortManager - Cannot write, serial port is not open.
2025-11-15 18:23:50.333 [main] ERROR com.otabi.jcodroneedu.SerialPortManager - Cannot write, serial port is not open.
2025-11-15 18:23:50.394 [main] ERROR com.otabi.jcodroneedu.SerialPortManager - Cannot write, serial port is not open.
2025-11-15 18:23:50.455 [main] ERROR com.otabi.jcodroneedu.SerialPortManager - Cannot write, serial port is not open.
2025-11-15 18:23:50.515 [main] ERROR com.otabi.jcodroneedu.SerialPortManager - Cannot write, serial port is not open.
2025-11-15 18:23:50.574 [main] ERROR com.otabi.jcodroneedu.SerialPortManager - Cannot write, serial port is not open.
2025-11-15 18:23:50.634 [main] ERROR com.otabi.jcodroneedu.SerialPortManager - Cannot write, serial port is not open.
2025-11-15 18:23:50.690 [main] ERROR com.otabi.jcodroneedu.SerialPortManager - Cannot write, serial port is not open.
2025-11-15 18:23:50.753 [main] ERROR com.otabi.jcodroneedu.SerialPortManager - Cannot write, serial port is not open.
2025-11-15 18:23:50.813 [main] ERROR com.otabi.jcodroneedu.SerialPortManager - Cannot write, serial port is not open.
2025-11-15 18:23:50.874 [main] ERROR com.otabi.jcodroneedu.SerialPortManager - Cannot write, serial port is not open.
2025-11-15 18:23:50.935 [main] ERROR com.otabi.jcodroneedu.SerialPortManager - Cannot write, serial port is not open.
2025-11-15 18:23:50.993 [main] ERROR com.otabi.jcodroneedu.SerialPortManager - Cannot write, serial port is not open.
2025-11-15 18:23:51.054 [main] ERROR com.otabi.jcodroneedu.SerialPortManager - Cannot write, serial port is not open.
2025-11-15 18:23:51.115 [main] ERROR com.otabi.jcodroneedu.SerialPortManager - Cannot write, serial port is not open.
2025-11-15 18:23:51.174 [main] ERROR com.otabi.jcodroneedu.SerialPortManager - Cannot write, serial port is not open.
2025-11-15 18:23:51.231 [main] ERROR com.otabi.jcodroneedu.SerialPortManager - Cannot write, serial port is not open.
2025-11-15 18:23:51.290 [main] ERROR com.otabi.jcodroneedu.SerialPortManager - Cannot write, serial port is not open.
2025-11-15 18:23:51.355 [main] ERROR com.otabi.jcodroneedu.SerialPortManager - Cannot write, serial port is not open.
2025-11-15 18:23:51.414 [main] ERROR com.otabi.jcodroneedu.SerialPortManager - Cannot write, serial port is not open.
2025-11-15 18:23:51.470 [main] ERROR com.otabi.jcodroneedu.SerialPortManager - Cannot write, serial port is not open.
2025-11-15 18:23:51.532 [main] ERROR com.otabi.jcodroneedu.SerialPortManager - Cannot write, serial port is not open.
2025-11-15 18:23:51.594 [main] ERROR com.otabi.jcodroneedu.SerialPortManager - Cannot write, serial port is not open.
2025-11-15 18:23:51.654 [main] ERROR com.otabi.jcodroneedu.SerialPortManager - Cannot write, serial port is not open.
2025-11-15 18:23:51.713 [main] ERROR com.otabi.jcodroneedu.SerialPortManager - Cannot write, serial port is not open.
2025-11-15 18:23:51.775 [main] ERROR com.otabi.jcodroneedu.SerialPortManager - Cannot write, serial port is not open.
2025-11-15 18:23:51.831 [main] ERROR com.otabi.jcodroneedu.SerialPortManager - Cannot write, serial port is not open.
2025-11-15 18:23:51.895 [main] ERROR com.otabi.jcodroneedu.SerialPortManager - Cannot write, serial port is not open.
2025-11-15 18:23:51.955 [main] ERROR com.otabi.jcodroneedu.SerialPortManager - Cannot write, serial port is not open.
2025-11-15 18:23:52.015 [main] ERROR com.otabi.jcodroneedu.SerialPortManager - Cannot write, serial port is not open.
2025-11-15 18:23:52.072 [main] ERROR com.otabi.jcodroneedu.SerialPortManager - Cannot write, serial port is not open.
2025-11-15 18:23:52.133 [main] ERROR com.otabi.jcodroneedu.SerialPortManager - Cannot write, serial port is not open.
2025-11-15 18:23:52.194 [main] ERROR com.otabi.jcodroneedu.SerialPortManager - Cannot write, serial port is not open.
2025-11-15 18:23:52.255 [main] ERROR com.otabi.jcodroneedu.SerialPortManager - Cannot write, serial port is not open.
2025-11-15 18:23:52.313 [main] ERROR com.otabi.jcodroneedu.SerialPortManager - Cannot write, serial port is not open.
2025-11-15 18:23:52.375 [main] ERROR com.otabi.jcodroneedu.SerialPortManager - Cannot write, serial port is not open.
2025-11-15 18:23:52.435 [main] ERROR com.otabi.jcodroneedu.SerialPortManager - Cannot write, serial port is not open.
2025-11-15 18:23:52.493 [main] ERROR com.otabi.jcodroneedu.SerialPortManager - Cannot write, serial port is not open.
2025-11-15 18:23:52.552 [main] ERROR com.otabi.jcodroneedu.SerialPortManager - Cannot write, serial port is not open.
2025-11-15 18:23:52.614 [main] ERROR com.otabi.jcodroneedu.SerialPortManager - Cannot write, serial port is not open.
2025-11-15 18:23:52.674 [main] ERROR com.otabi.jcodroneedu.SerialPortManager - Cannot write, serial port is not open.
2025-11-15 18:23:52.730 [main] ERROR com.otabi.jcodroneedu.SerialPortManager - Cannot write, serial port is not open.
2025-11-15 18:23:52.792 [main] ERROR com.otabi.jcodroneedu.SerialPortManager - Cannot write, serial port is not open.
2025-11-15 18:23:52.855 [main] ERROR com.otabi.jcodroneedu.SerialPortManager - Cannot write, serial port is not open.
2025-11-15 18:23:52.915 [main] ERROR com.otabi.jcodroneedu.SerialPortManager - Cannot write, serial port is not open.
2025-11-15 18:23:52.972 [main] ERROR com.otabi.jcodroneedu.SerialPortManager - Cannot write, serial port is not open.
2025-11-15 18:23:53.032 [main] ERROR com.otabi.jcodroneedu.SerialPortManager - Cannot write, serial port is not open.
2025-11-15 18:23:53.092 [main] ERROR com.otabi.jcodroneedu.SerialPortManager - Cannot write, serial port is not open.
2025-11-15 18:23:53.155 [main] ERROR com.otabi.jcodroneedu.SerialPortManager - Cannot write, serial port is not open.
2025-11-15 18:23:53.214 [main] ERROR com.otabi.jcodroneedu.SerialPortManager - Cannot write, serial port is not open.
2025-11-15 18:23:53.275 [main] ERROR com.otabi.jcodroneedu.SerialPortManager - Cannot write, serial port is not open.
2025-11-15 18:23:53.332 [main] ERROR com.otabi.jcodroneedu.SerialPortManager - Cannot write, serial port is not open.
2025-11-15 18:23:53.395 [main] ERROR com.otabi.jcodroneedu.SerialPortManager - Cannot write, serial port is not open.
2025-11-15 18:23:53.452 [main] ERROR com.otabi.jcodroneedu.SerialPortManager - Cannot write, serial port is not open.
2025-11-15 18:23:53.513 [main] ERROR com.otabi.jcodroneedu.SerialPortManager - Cannot write, serial port is not open.
2025-11-15 18:23:53.571 [main] ERROR com.otabi.jcodroneedu.SerialPortManager - Cannot write, serial port is not open.
2025-11-15 18:23:53.634 [main] ERROR com.otabi.jcodroneedu.SerialPortManager - Cannot write, serial port is not open.
2025-11-15 18:23:53.695 [main] ERROR com.otabi.jcodroneedu.SerialPortManager - Cannot write, serial port is not open.
2025-11-15 18:23:53.751 [main] ERROR com.otabi.jcodroneedu.SerialPortManager - Cannot write, serial port is not open.
2025-11-15 18:23:53.813 [main] ERROR com.otabi.jcodroneedu.SerialPortManager - Cannot write, serial port is not open.
2025-11-15 18:23:53.873 [main] ERROR com.otabi.jcodroneedu.SerialPortManager - Cannot write, serial port is not open.
2025-11-15 18:23:53.933 [main] ERROR com.otabi.jcodroneedu.SerialPortManager - Cannot write, serial port is not open.
2025-11-15 18:23:53.991 [main] ERROR com.otabi.jcodroneedu.SerialPortManager - Cannot write, serial port is not open.
2025-11-15 18:23:54.052 [main] ERROR com.otabi.jcodroneedu.SerialPortManager - Cannot write, serial port is not open.
2025-11-15 18:23:54.114 [main] ERROR com.otabi.jcodroneedu.SerialPortManager - Cannot write, serial port is not open.
2025-11-15 18:23:54.175 [main] ERROR com.otabi.jcodroneedu.SerialPortManager - Cannot write, serial port is not open.
2025-11-15 18:23:54.235 [main] ERROR com.otabi.jcodroneedu.SerialPortManager - Cannot write, serial port is not open.
2025-11-15 18:23:54.291 [main] ERROR com.otabi.jcodroneedu.SerialPortManager - Cannot write, serial port is not open.
2025-11-15 18:23:54.355 [main] ERROR com.otabi.jcodroneedu.SerialPortManager - Cannot write, serial port is not open.
2025-11-15 18:23:54.415 [main] ERROR com.otabi.jcodroneedu.SerialPortManager - Cannot write, serial port is not open.
2025-11-15 18:23:54.475 [main] ERROR com.otabi.jcodroneedu.SerialPortManager - Cannot write, serial port is not open.
2025-11-15 18:23:54.530 [main] ERROR com.otabi.jcodroneedu.SerialPortManager - Cannot write, serial port is not open.
2025-11-15 18:23:54.591 [main] ERROR com.otabi.jcodroneedu.SerialPortManager - Cannot write, serial port is not open.
2025-11-15 18:23:54.653 [main] ERROR com.otabi.jcodroneedu.SerialPortManager - Cannot write, serial port is not open.
2025-11-15 18:23:54.713 [main] ERROR com.otabi.jcodroneedu.SerialPortManager - Cannot write, serial port is not open.
2025-11-15 18:23:54.773 [main] ERROR com.otabi.jcodroneedu.SerialPortManager - Cannot write, serial port is not open.
2025-11-15 18:23:54.832 [main] ERROR com.otabi.jcodroneedu.SerialPortManager - Cannot write, serial port is not open.
2025-11-15 18:23:54.891 [main] ERROR com.otabi.jcodroneedu.SerialPortManager - Cannot write, serial port is not open.
2025-11-15 18:23:54.953 [main] ERROR com.otabi.jcodroneedu.SerialPortManager - Cannot write, serial port is not open.
2025-11-15 18:23:55.015 [main] ERROR com.otabi.jcodroneedu.SerialPortManager - Cannot write, serial port is not open.
2025-11-15 18:23:55.073 [main] ERROR com.otabi.jcodroneedu.SerialPortManager - Cannot write, serial port is not open.
2025-11-15 18:23:55.132 [main] ERROR com.otabi.jcodroneedu.SerialPortManager - Cannot write, serial port is not open.
2025-11-15 18:23:55.195 [main] ERROR com.otabi.jcodroneedu.SerialPortManager - Cannot write, serial port is not open.
2025-11-15 18:23:55.254 [main] ERROR com.otabi.jcodroneedu.SerialPortManager - Cannot write, serial port is not open.
2025-11-15 18:23:55.315 [main] ERROR com.otabi.jcodroneedu.SerialPortManager - Cannot write, serial port is not open.
2025-11-15 18:23:55.372 [main] ERROR com.otabi.jcodroneedu.SerialPortManager - Cannot write, serial port is not open.
2025-11-15 18:23:55.433 [main] ERROR com.otabi.jcodroneedu.SerialPortManager - Cannot write, serial port is not open.
2025-11-15 18:23:55.492 [main] ERROR com.otabi.jcodroneedu.SerialPortManager - Cannot write, serial port is not open.
2025-11-15 18:23:55.555 [main] ERROR com.otabi.jcodroneedu.SerialPortManager - Cannot write, serial port is not open.
2025-11-15 18:23:55.614 [main] ERROR com.otabi.jcodroneedu.SerialPortManager - Cannot write, serial port is not open.
2025-11-15 18:23:55.675 [main] ERROR com.otabi.jcodroneedu.SerialPortManager - Cannot write, serial port is not open.
2025-11-15 18:23:55.733 [main] ERROR com.otabi.jcodroneedu.SerialPortManager - Cannot write, serial port is not open.
2025-11-15 18:23:55.795 [main] ERROR com.otabi.jcodroneedu.SerialPortManager - Cannot write, serial port is not open.
2025-11-15 18:23:55.855 [main] ERROR com.otabi.jcodroneedu.SerialPortManager - Cannot write, serial port is not open.
2025-11-15 18:23:55.913 [main] ERROR com.otabi.jcodroneedu.SerialPortManager - Cannot write, serial port is not open.
2025-11-15 18:23:55.973 [main] ERROR com.otabi.jcodroneedu.SerialPortManager - Cannot write, serial port is not open.
2025-11-15 18:23:56.030 [main] ERROR com.otabi.jcodroneedu.SerialPortManager - Cannot write, serial port is not open.
2025-11-15 18:23:56.095 [main] ERROR com.otabi.jcodroneedu.SerialPortManager - Cannot write, serial port is not open.
2025-11-15 18:23:56.151 [main] ERROR com.otabi.jcodroneedu.SerialPortManager - Cannot write, serial port is not open.
2025-11-15 18:23:56.212 [main] ERROR com.otabi.jcodroneedu.SerialPortManager - Cannot write, serial port is not open.
2025-11-15 18:23:56.275 [main] ERROR com.otabi.jcodroneedu.SerialPortManager - Cannot write, serial port is not open.
2025-11-15 18:23:56.333 [main] ERROR com.otabi.jcodroneedu.SerialPortManager - Cannot write, serial port is not open.
2025-11-15 18:23:56.395 [main] ERROR com.otabi.jcodroneedu.SerialPortManager - Cannot write, serial port is not open.
2025-11-15 18:23:56.452 [main] ERROR com.otabi.jcodroneedu.SerialPortManager - Cannot write, serial port is not open.
2025-11-15 18:23:56.513 [main] ERROR com.otabi.jcodroneedu.SerialPortManager - Cannot write, serial port is not open.
2025-11-15 18:23:56.573 [main] ERROR com.otabi.jcodroneedu.SerialPortManager - Cannot write, serial port is not open.
2025-11-15 18:23:56.631 [main] ERROR com.otabi.jcodroneedu.SerialPortManager - Cannot write, serial port is not open.
2025-11-15 18:23:56.691 [main] ERROR com.otabi.jcodroneedu.SerialPortManager - Cannot write, serial port is not open.
2025-11-15 18:23:56.751 [main] ERROR com.otabi.jcodroneedu.SerialPortManager - Cannot write, serial port is not open.
2025-11-15 18:23:56.814 [main] ERROR com.otabi.jcodroneedu.SerialPortManager - Cannot write, serial port is not open.
2025-11-15 18:23:56.872 [main] ERROR com.otabi.jcodroneedu.SerialPortManager - Cannot write, serial port is not open.
2025-11-15 18:23:56.930 [main] ERROR com.otabi.jcodroneedu.SerialPortManager - Cannot write, serial port is not open.
2025-11-15 18:23:56.991 [main] ERROR com.otabi.jcodroneedu.SerialPortManager - Cannot write, serial port is not open.
2025-11-15 18:23:57.053 [main] ERROR com.otabi.jcodroneedu.SerialPortManager - Cannot write, serial port is not open.
2025-11-15 18:23:57.113 [main] ERROR com.otabi.jcodroneedu.SerialPortManager - Cannot write, serial port is not open.
2025-11-15 18:23:57.171 [main] ERROR com.otabi.jcodroneedu.SerialPortManager - Cannot write, serial port is not open.
2025-11-15 18:23:57.232 [main] ERROR com.otabi.jcodroneedu.SerialPortManager - Cannot write, serial port is not open.
2025-11-15 18:23:57.291 [main] ERROR com.otabi.jcodroneedu.SerialPortManager - Cannot write, serial port is not open.
2025-11-15 18:23:57.353 [main] ERROR com.otabi.jcodroneedu.SerialPortManager - Cannot write, serial port is not open.
2025-11-15 18:23:57.413 [main] ERROR com.otabi.jcodroneedu.SerialPortManager - Cannot write, serial port is not open.
2025-11-15 18:23:57.475 [main] ERROR com.otabi.jcodroneedu.SerialPortManager - Cannot write, serial port is not open.
2025-11-15 18:23:57.530 [main] ERROR com.otabi.jcodroneedu.SerialPortManager - Cannot write, serial port is not open.
2025-11-15 18:23:57.593 [main] ERROR com.otabi.jcodroneedu.SerialPortManager - Cannot write, serial port is not open.
2025-11-15 18:23:57.654 [main] ERROR com.otabi.jcodroneedu.SerialPortManager - Cannot write, serial port is not open.
2025-11-15 18:23:57.712 [main] ERROR com.otabi.jcodroneedu.SerialPortManager - Cannot write, serial port is not open.
2025-11-15 18:23:57.775 [main] ERROR com.otabi.jcodroneedu.SerialPortManager - Cannot write, serial port is not open.
2025-11-15 18:23:57.833 [main] ERROR com.otabi.jcodroneedu.SerialPortManager - Cannot write, serial port is not open.
2025-11-15 18:23:57.895 [main] ERROR com.otabi.jcodroneedu.SerialPortManager - Cannot write, serial port is not open.
2025-11-15 18:23:57.953 [main] ERROR com.otabi.jcodroneedu.SerialPortManager - Cannot write, serial port is not open.
2025-11-15 18:23:58.014 [main] ERROR com.otabi.jcodroneedu.SerialPortManager - Cannot write, serial port is not open.
2025-11-15 18:23:58.075 [main] ERROR com.otabi.jcodroneedu.SerialPortManager - Cannot write, serial port is not open.
2025-11-15 18:23:58.134 [main] ERROR com.otabi.jcodroneedu.SerialPortManager - Cannot write, serial port is not open.
2025-11-15 18:23:58.194 [main] ERROR com.otabi.jcodroneedu.SerialPortManager - Cannot write, serial port is not open.
2025-11-15 18:23:58.251 [main] ERROR com.otabi.jcodroneedu.SerialPortManager - Cannot write, serial port is not open.
2025-11-15 18:23:58.313 [main] ERROR com.otabi.jcodroneedu.SerialPortManager - Cannot write, serial port is not open.
2025-11-15 18:23:58.370 [main] ERROR com.otabi.jcodroneedu.SerialPortManager - Cannot write, serial port is not open.
2025-11-15 18:23:58.435 [main] ERROR com.otabi.jcodroneedu.SerialPortManager - Cannot write, serial port is not open.
2025-11-15 18:23:58.495 [main] ERROR com.otabi.jcodroneedu.SerialPortManager - Cannot write, serial port is not open.
2025-11-15 18:23:58.552 [main] ERROR com.otabi.jcodroneedu.SerialPortManager - Cannot write, serial port is not open.
2025-11-15 18:23:58.612 [main] ERROR com.otabi.jcodroneedu.SerialPortManager - Cannot write, serial port is not open.
2025-11-15 18:23:58.673 [main] ERROR com.otabi.jcodroneedu.SerialPortManager - Cannot write, serial port is not open.
2025-11-15 18:23:58.730 [main] ERROR com.otabi.jcodroneedu.SerialPortManager - Cannot write, serial port is not open.
2025-11-15 18:23:58.795 [main] ERROR com.otabi.jcodroneedu.SerialPortManager - Cannot write, serial port is not open.
2025-11-15 18:23:58.855 [main] ERROR com.otabi.jcodroneedu.SerialPortManager - Cannot write, serial port is not open.
2025-11-15 18:23:58.914 [main] ERROR com.otabi.jcodroneedu.SerialPortManager - Cannot write, serial port is not open.
2025-11-15 18:23:58.975 [main] ERROR com.otabi.jcodroneedu.SerialPortManager - Cannot write, serial port is not open.
2025-11-15 18:23:59.033 [main] ERROR com.otabi.jcodroneedu.SerialPortManager - Cannot write, serial port is not open.
2025-11-15 18:23:59.091 [main] ERROR com.otabi.jcodroneedu.SerialPortManager - Cannot write, serial port is not open.
2025-11-15 18:23:59.155 [main] ERROR com.otabi.jcodroneedu.SerialPortManager - Cannot write, serial port is not open.
2025-11-15 18:23:59.215 [main] ERROR com.otabi.jcodroneedu.SerialPortManager - Cannot write, serial port is not open.
2025-11-15 18:23:59.275 [main] ERROR com.otabi.jcodroneedu.SerialPortManager - Cannot write, serial port is not open.
2025-11-15 18:23:59.336 [main] ERROR com.otabi.jcodroneedu.SerialPortManager - Cannot write, serial port is not open.
2025-11-15 18:23:59.393 [main] ERROR com.otabi.jcodroneedu.SerialPortManager - Cannot write, serial port is not open.
2025-11-15 18:23:59.455 [main] ERROR com.otabi.jcodroneedu.SerialPortManager - Cannot write, serial port is not open.
2025-11-15 18:23:59.514 [main] ERROR com.otabi.jcodroneedu.SerialPortManager - Cannot write, serial port is not open.
2025-11-15 18:23:59.571 [main] ERROR com.otabi.jcodroneedu.SerialPortManager - Cannot write, serial port is not open.
2025-11-15 18:23:59.633 [main] ERROR com.otabi.jcodroneedu.SerialPortManager - Cannot write, serial port is not open.
2025-11-15 18:23:59.690 [main] ERROR com.otabi.jcodroneedu.SerialPortManager - Cannot write, serial port is not open.
2025-11-15 18:23:59.755 [main] ERROR com.otabi.jcodroneedu.SerialPortManager - Cannot write, serial port is not open.
2025-11-15 18:23:59.810 [main] ERROR com.otabi.jcodroneedu.SerialPortManager - Cannot write, serial port is not open.
2025-11-15 18:23:59.874 [main] ERROR com.otabi.jcodroneedu.SerialPortManager - Cannot write, serial port is not open.
2025-11-15 18:23:59.935 [main] ERROR com.otabi.jcodroneedu.SerialPortManager - Cannot write, serial port is not open.
2025-11-15 18:23:59.995 [main] ERROR com.otabi.jcodroneedu.SerialPortManager - Cannot write, serial port is not open.
2025-11-15 18:24:00.050 [main] ERROR com.otabi.jcodroneedu.SerialPortManager - Cannot write, serial port is not open.
2025-11-15 18:24:00.116 [main] ERROR com.otabi.jcodroneedu.SerialPortManager - Cannot write, serial port is not open.
2025-11-15 18:24:00.174 [main] ERROR com.otabi.jcodroneedu.SerialPortManager - Cannot write, serial port is not open.
2025-11-15 18:24:00.230 [main] ERROR com.otabi.jcodroneedu.SerialPortManager - Cannot write, serial port is not open.
2025-11-15 18:24:00.294 [main] ERROR com.otabi.jcodroneedu.SerialPortManager - Cannot write, serial port is not open.
2025-11-15 18:24:00.355 [main] ERROR com.otabi.jcodroneedu.SerialPortManager - Cannot write, serial port is not open.
2025-11-15 18:24:00.412 [main] ERROR com.otabi.jcodroneedu.SerialPortManager - Cannot write, serial port is not open.
2025-11-15 18:24:00.474 [main] ERROR com.otabi.jcodroneedu.SerialPortManager - Cannot write, serial port is not open.
2025-11-15 18:24:00.531 [main] ERROR com.otabi.jcodroneedu.SerialPortManager - Cannot write, serial port is not open.
2025-11-15 18:24:00.595 [main] ERROR com.otabi.jcodroneedu.SerialPortManager - Cannot write, serial port is not open.
2025-11-15 18:24:00.655 [main] ERROR com.otabi.jcodroneedu.SerialPortManager - Cannot write, serial port is not open.
2025-11-15 18:24:00.714 [main] ERROR com.otabi.jcodroneedu.SerialPortManager - Cannot write, serial port is not open.
2025-11-15 18:24:00.770 [main] ERROR com.otabi.jcodroneedu.SerialPortManager - Cannot write, serial port is not open.
2025-11-15 18:24:00.832 [main] ERROR com.otabi.jcodroneedu.SerialPortManager - Cannot write, serial port is not open.
2025-11-15 18:24:00.890 [main] ERROR com.otabi.jcodroneedu.SerialPortManager - Cannot write, serial port is not open.
2025-11-15 18:24:00.957 [main] ERROR com.otabi.jcodroneedu.SerialPortManager - Cannot write, serial port is not open.
2025-11-15 18:24:01.015 [main] ERROR com.otabi.jcodroneedu.SerialPortManager - Cannot write, serial port is not open.
2025-11-15 18:24:01.074 [main] ERROR com.otabi.jcodroneedu.SerialPortManager - Cannot write, serial port is not open.
2025-11-15 18:24:01.130 [main] ERROR com.otabi.jcodroneedu.SerialPortManager - Cannot write, serial port is not open.
2025-11-15 18:24:01.195 [main] ERROR com.otabi.jcodroneedu.SerialPortManager - Cannot write, serial port is not open.
2025-11-15 18:24:01.254 [main] ERROR com.otabi.jcodroneedu.SerialPortManager - Cannot write, serial port is not open.
2025-11-15 18:24:01.314 [main] ERROR com.otabi.jcodroneedu.SerialPortManager - Cannot write, serial port is not open.
2025-11-15 18:24:01.371 [main] ERROR com.otabi.jcodroneedu.SerialPortManager - Cannot write, serial port is not open.
2025-11-15 18:24:01.572 [main] ERROR com.otabi.jcodroneedu.SerialPortManager - Cannot write, serial port is not open.
2025-11-15 18:24:01.572 [main] ERROR com.otabi.jcodroneedu.SerialPortManager - Cannot write, serial port is not open.
2025-11-15 18:24:01.572 [main] ERROR com.otabi.jcodroneedu.SerialPortManager - Cannot write, serial port is not open.
2025-11-15 18:24:01.613 [main] ERROR com.otabi.jcodroneedu.SerialPortManager - Cannot write, serial port is not open.
2025-11-15 18:24:01.672 [main] ERROR com.otabi.jcodroneedu.SerialPortManager - Cannot write, serial port is not open.
2025-11-15 18:24:01.734 [main] ERROR com.otabi.jcodroneedu.SerialPortManager - Cannot write, serial port is not open.
2025-11-15 18:24:01.791 [main] ERROR com.otabi.jcodroneedu.SerialPortManager - Cannot write, serial port is not open.
2025-11-15 18:24:01.854 [main] ERROR com.otabi.jcodroneedu.SerialPortManager - Cannot write, serial port is not open.
2025-11-15 18:24:01.913 [main] ERROR com.otabi.jcodroneedu.SerialPortManager - Cannot write, serial port is not open.
2025-11-15 18:24:01.974 [main] ERROR com.otabi.jcodroneedu.SerialPortManager - Cannot write, serial port is not open.
2025-11-15 18:24:02.030 [main] ERROR com.otabi.jcodroneedu.SerialPortManager - Cannot write, serial port is not open.
2025-11-15 18:24:02.096 [main] ERROR com.otabi.jcodroneedu.SerialPortManager - Cannot write, serial port is not open.
2025-11-15 18:24:02.168 [main] ERROR com.otabi.jcodroneedu.SerialPortManager - Cannot write, serial port is not open.
2025-11-15 18:24:02.217 [main] ERROR com.otabi.jcodroneedu.SerialPortManager - Cannot write, serial port is not open.
2025-11-15 18:24:02.275 [main] ERROR com.otabi.jcodroneedu.SerialPortManager - Cannot write, serial port is not open.
2025-11-15 18:24:02.332 [main] ERROR com.otabi.jcodroneedu.SerialPortManager - Cannot write, serial port is not open.
2025-11-15 18:24:02.393 [main] ERROR com.otabi.jcodroneedu.SerialPortManager - Cannot write, serial port is not open.
2025-11-15 18:24:02.454 [main] ERROR com.otabi.jcodroneedu.SerialPortManager - Cannot write, serial port is not open.
2025-11-15 18:24:02.513 [main] ERROR com.otabi.jcodroneedu.SerialPortManager - Cannot write, serial port is not open.
2025-11-15 18:24:02.570 [main] ERROR com.otabi.jcodroneedu.SerialPortManager - Cannot write, serial port is not open.
2025-11-15 18:24:02.630 [main] ERROR com.otabi.jcodroneedu.SerialPortManager - Cannot write, serial port is not open.
2025-11-15 18:24:02.695 [main] ERROR com.otabi.jcodroneedu.SerialPortManager - Cannot write, serial port is not open.
2025-11-15 18:24:02.755 [main] ERROR com.otabi.jcodroneedu.SerialPortManager - Cannot write, serial port is not open.
2025-11-15 18:24:02.814 [main] ERROR com.otabi.jcodroneedu.SerialPortManager - Cannot write, serial port is not open.
2025-11-15 18:24:02.872 [main] ERROR com.otabi.jcodroneedu.SerialPortManager - Cannot write, serial port is not open.
2025-11-15 18:24:02.932 [main] ERROR com.otabi.jcodroneedu.SerialPortManager - Cannot write, serial port is not open.
2025-11-15 18:24:02.993 [main] ERROR com.otabi.jcodroneedu.SerialPortManager - Cannot write, serial port is not open.
2025-11-15 18:24:03.050 [main] ERROR com.otabi.jcodroneedu.SerialPortManager - Cannot write, serial port is not open.
2025-11-15 18:24:03.113 [main] ERROR com.otabi.jcodroneedu.SerialPortManager - Cannot write, serial port is not open.
2025-11-15 18:24:03.173 [main] ERROR com.otabi.jcodroneedu.SerialPortManager - Cannot write, serial port is not open.
2025-11-15 18:24:03.233 [main] ERROR com.otabi.jcodroneedu.SerialPortManager - Cannot write, serial port is not open.
2025-11-15 18:24:03.290 [main] ERROR com.otabi.jcodroneedu.SerialPortManager - Cannot write, serial port is not open.
2025-11-15 18:24:03.352 [main] ERROR com.otabi.jcodroneedu.SerialPortManager - Cannot write, serial port is not open.
2025-11-15 18:24:03.414 [main] ERROR com.otabi.jcodroneedu.SerialPortManager - Cannot write, serial port is not open.
2025-11-15 18:24:03.472 [main] ERROR com.otabi.jcodroneedu.SerialPortManager - Cannot write, serial port is not open.
2025-11-15 18:24:03.530 [main] ERROR com.otabi.jcodroneedu.SerialPortManager - Cannot write, serial port is not open.
2025-11-15 18:24:03.592 [main] ERROR com.otabi.jcodroneedu.SerialPortManager - Cannot write, serial port is not open.
2025-11-15 18:24:03.655 [main] ERROR com.otabi.jcodroneedu.SerialPortManager - Cannot write, serial port is not open.
2025-11-15 18:24:03.714 [main] ERROR com.otabi.jcodroneedu.SerialPortManager - Cannot write, serial port is not open.
2025-11-15 18:24:03.772 [main] ERROR com.otabi.jcodroneedu.SerialPortManager - Cannot write, serial port is not open.
2025-11-15 18:24:03.830 [main] ERROR com.otabi.jcodroneedu.SerialPortManager - Cannot write, serial port is not open.
2025-11-15 18:24:03.895 [main] ERROR com.otabi.jcodroneedu.SerialPortManager - Cannot write, serial port is not open.
2025-11-15 18:24:03.955 [main] ERROR com.otabi.jcodroneedu.SerialPortManager - Cannot write, serial port is not open.
2025-11-15 18:24:04.013 [main] ERROR com.otabi.jcodroneedu.SerialPortManager - Cannot write, serial port is not open.
2025-11-15 18:24:04.075 [main] ERROR com.otabi.jcodroneedu.SerialPortManager - Cannot write, serial port is not open.
2025-11-15 18:24:04.132 [main] ERROR com.otabi.jcodroneedu.SerialPortManager - Cannot write, serial port is not open.
2025-11-15 18:24:04.192 [main] ERROR com.otabi.jcodroneedu.SerialPortManager - Cannot write, serial port is not open.
2025-11-15 18:24:04.251 [main] ERROR com.otabi.jcodroneedu.SerialPortManager - Cannot write, serial port is not open.
2025-11-15 18:24:04.310 [main] ERROR com.otabi.jcodroneedu.SerialPortManager - Cannot write, serial port is not open.
2025-11-15 18:24:04.374 [main] ERROR com.otabi.jcodroneedu.SerialPortManager - Cannot write, serial port is not open.
2025-11-15 18:24:04.432 [main] ERROR com.otabi.jcodroneedu.SerialPortManager - Cannot write, serial port is not open.
2025-11-15 18:24:04.490 [main] ERROR com.otabi.jcodroneedu.SerialPortManager - Cannot write, serial port is not open.
2025-11-15 18:24:04.552 [main] ERROR com.otabi.jcodroneedu.SerialPortManager - Cannot write, serial port is not open.
2025-11-15 18:24:04.613 [main] ERROR com.otabi.jcodroneedu.SerialPortManager - Cannot write, serial port is not open.
2025-11-15 18:24:04.675 [main] ERROR com.otabi.jcodroneedu.SerialPortManager - Cannot write, serial port is not open.
2025-11-15 18:24:04.733 [main] ERROR com.otabi.jcodroneedu.SerialPortManager - Cannot write, serial port is not open.
2025-11-15 18:24:04.794 [main] ERROR com.otabi.jcodroneedu.SerialPortManager - Cannot write, serial port is not open.
2025-11-15 18:24:04.854 [main] ERROR com.otabi.jcodroneedu.SerialPortManager - Cannot write, serial port is not open.
2025-11-15 18:24:04.913 [main] ERROR com.otabi.jcodroneedu.SerialPortManager - Cannot write, serial port is not open.
2025-11-15 18:24:04.971 [main] ERROR com.otabi.jcodroneedu.SerialPortManager - Cannot write, serial port is not open.
2025-11-15 18:24:05.031 [main] ERROR com.otabi.jcodroneedu.SerialPortManager - Cannot write, serial port is not open.
2025-11-15 18:24:05.093 [main] ERROR com.otabi.jcodroneedu.SerialPortManager - Cannot write, serial port is not open.
2025-11-15 18:24:05.154 [main] ERROR com.otabi.jcodroneedu.SerialPortManager - Cannot write, serial port is not open.
2025-11-15 18:24:05.214 [main] ERROR com.otabi.jcodroneedu.SerialPortManager - Cannot write, serial port is not open.
2025-11-15 18:24:05.273 [main] ERROR com.otabi.jcodroneedu.SerialPortManager - Cannot write, serial port is not open.
2025-11-15 18:24:05.330 [main] ERROR com.otabi.jcodroneedu.SerialPortManager - Cannot write, serial port is not open.
2025-11-15 18:24:05.393 [main] ERROR com.otabi.jcodroneedu.SerialPortManager - Cannot write, serial port is not open.
2025-11-15 18:24:05.454 [main] ERROR com.otabi.jcodroneedu.SerialPortManager - Cannot write, serial port is not open.
2025-11-15 18:24:05.514 [main] ERROR com.otabi.jcodroneedu.SerialPortManager - Cannot write, serial port is not open.
2025-11-15 18:24:05.574 [main] ERROR com.otabi.jcodroneedu.SerialPortManager - Cannot write, serial port is not open.
2025-11-15 18:24:05.634 [main] ERROR com.otabi.jcodroneedu.SerialPortManager - Cannot write, serial port is not open.
2025-11-15 18:24:05.690 [main] ERROR com.otabi.jcodroneedu.SerialPortManager - Cannot write, serial port is not open.
2025-11-15 18:24:05.751 [main] ERROR com.otabi.jcodroneedu.SerialPortManager - Cannot write, serial port is not open.
2025-11-15 18:24:05.810 [main] ERROR com.otabi.jcodroneedu.SerialPortManager - Cannot write, serial port is not open.
2025-11-15 18:24:05.874 [main] ERROR com.otabi.jcodroneedu.SerialPortManager - Cannot write, serial port is not open.
2025-11-15 18:24:05.932 [main] ERROR com.otabi.jcodroneedu.SerialPortManager - Cannot write, serial port is not open.
2025-11-15 18:24:05.994 [main] ERROR com.otabi.jcodroneedu.SerialPortManager - Cannot write, serial port is not open.
2025-11-15 18:24:06.050 [main] ERROR com.otabi.jcodroneedu.SerialPortManager - Cannot write, serial port is not open.
2025-11-15 18:24:06.111 [main] ERROR com.otabi.jcodroneedu.SerialPortManager - Cannot write, serial port is not open.
2025-11-15 18:24:06.174 [main] ERROR com.otabi.jcodroneedu.SerialPortManager - Cannot write, serial port is not open.
2025-11-15 18:24:06.230 [main] ERROR com.otabi.jcodroneedu.SerialPortManager - Cannot write, serial port is not open.
2025-11-15 18:24:06.290 [main] ERROR com.otabi.jcodroneedu.SerialPortManager - Cannot write, serial port is not open.
2025-11-15 18:24:06.354 [main] ERROR com.otabi.jcodroneedu.SerialPortManager - Cannot write, serial port is not open.
2025-11-15 18:24:06.414 [main] ERROR com.otabi.jcodroneedu.SerialPortManager - Cannot write, serial port is not open.
2025-11-15 18:24:06.472 [main] ERROR com.otabi.jcodroneedu.SerialPortManager - Cannot write, serial port is not open.
2025-11-15 18:24:06.532 [main] ERROR com.otabi.jcodroneedu.SerialPortManager - Cannot write, serial port is not open.
2025-11-15 18:24:06.590 [main] ERROR com.otabi.jcodroneedu.SerialPortManager - Cannot write, serial port is not open.
2025-11-15 18:24:06.654 [main] ERROR com.otabi.jcodroneedu.SerialPortManager - Cannot write, serial port is not open.
2025-11-15 18:24:06.714 [main] ERROR com.otabi.jcodroneedu.SerialPortManager - Cannot write, serial port is not open.
2025-11-15 18:24:06.773 [main] ERROR com.otabi.jcodroneedu.SerialPortManager - Cannot write, serial port is not open.
2025-11-15 18:24:06.830 [main] ERROR com.otabi.jcodroneedu.SerialPortManager - Cannot write, serial port is not open.
2025-11-15 18:24:06.894 [main] ERROR com.otabi.jcodroneedu.SerialPortManager - Cannot write, serial port is not open.
2025-11-15 18:24:06.954 [main] ERROR com.otabi.jcodroneedu.SerialPortManager - Cannot write, serial port is not open.
2025-11-15 18:24:07.013 [main] ERROR com.otabi.jcodroneedu.SerialPortManager - Cannot write, serial port is not open.
2025-11-15 18:24:07.070 [main] ERROR com.otabi.jcodroneedu.SerialPortManager - Cannot write, serial port is not open.
2025-11-15 18:24:07.134 [main] ERROR com.otabi.jcodroneedu.SerialPortManager - Cannot write, serial port is not open.
2025-11-15 18:24:07.194 [main] ERROR com.otabi.jcodroneedu.SerialPortManager - Cannot write, serial port is not open.
2025-11-15 18:24:07.251 [main] ERROR com.otabi.jcodroneedu.SerialPortManager - Cannot write, serial port is not open.
2025-11-15 18:24:07.312 [main] ERROR com.otabi.jcodroneedu.SerialPortManager - Cannot write, serial port is not open.
2025-11-15 18:24:07.374 [main] ERROR com.otabi.jcodroneedu.SerialPortManager - Cannot write, serial port is not open.
2025-11-15 18:24:07.430 [main] ERROR com.otabi.jcodroneedu.SerialPortManager - Cannot write, serial port is not open.
2025-11-15 18:24:07.490 [main] ERROR com.otabi.jcodroneedu.SerialPortManager - Cannot write, serial port is not open.
2025-11-15 18:24:07.550 [main] ERROR com.otabi.jcodroneedu.SerialPortManager - Cannot write, serial port is not open.
2025-11-15 18:24:07.613 [main] ERROR com.otabi.jcodroneedu.SerialPortManager - Cannot write, serial port is not open.
2025-11-15 18:24:07.672 [main] ERROR com.otabi.jcodroneedu.SerialPortManager - Cannot write, serial port is not open.
2025-11-15 18:24:07.732 [main] ERROR com.otabi.jcodroneedu.SerialPortManager - Cannot write, serial port is not open.
2025-11-15 18:24:07.793 [main] ERROR com.otabi.jcodroneedu.SerialPortManager - Cannot write, serial port is not open.
2025-11-15 18:24:07.854 [main] ERROR com.otabi.jcodroneedu.SerialPortManager - Cannot write, serial port is not open.
2025-11-15 18:24:07.913 [main] ERROR com.otabi.jcodroneedu.SerialPortManager - Cannot write, serial port is not open.
2025-11-15 18:24:07.969 [main] ERROR com.otabi.jcodroneedu.SerialPortManager - Cannot write, serial port is not open.
2025-11-15 18:24:08.033 [main] ERROR com.otabi.jcodroneedu.SerialPortManager - Cannot write, serial port is not open.
2025-11-15 18:24:08.094 [main] ERROR com.otabi.jcodroneedu.SerialPortManager - Cannot write, serial port is not open.
2025-11-15 18:24:08.154 [main] ERROR com.otabi.jcodroneedu.SerialPortManager - Cannot write, serial port is not open.
2025-11-15 18:24:08.214 [main] ERROR com.otabi.jcodroneedu.SerialPortManager - Cannot write, serial port is not open.
2025-11-15 18:24:08.274 [main] ERROR com.otabi.jcodroneedu.SerialPortManager - Cannot write, serial port is not open.
2025-11-15 18:24:08.333 [main] ERROR com.otabi.jcodroneedu.SerialPortManager - Cannot write, serial port is not open.
2025-11-15 18:24:08.390 [main] ERROR com.otabi.jcodroneedu.SerialPortManager - Cannot write, serial port is not open.
2025-11-15 18:24:08.454 [main] ERROR com.otabi.jcodroneedu.SerialPortManager - Cannot write, serial port is not open.
2025-11-15 18:24:08.515 [main] ERROR com.otabi.jcodroneedu.SerialPortManager - Cannot write, serial port is not open.
2025-11-15 18:24:08.571 [main] ERROR com.otabi.jcodroneedu.SerialPortManager - Cannot write, serial port is not open.
2025-11-15 18:24:08.632 [main] ERROR com.otabi.jcodroneedu.SerialPortManager - Cannot write, serial port is not open.
2025-11-15 18:24:08.701 [main] ERROR com.otabi.jcodroneedu.SerialPortManager - Cannot write, serial port is not open.
2025-11-15 18:24:08.754 [main] ERROR com.otabi.jcodroneedu.SerialPortManager - Cannot write, serial port is not open.
2025-11-15 18:24:08.811 [main] ERROR com.otabi.jcodroneedu.SerialPortManager - Cannot write, serial port is not open.
2025-11-15 18:24:08.870 [main] ERROR com.otabi.jcodroneedu.SerialPortManager - Cannot write, serial port is not open.
2025-11-15 18:24:08.930 [main] ERROR com.otabi.jcodroneedu.SerialPortManager - Cannot write, serial port is not open.
2025-11-15 18:24:08.994 [main] ERROR com.otabi.jcodroneedu.SerialPortManager - Cannot write, serial port is not open.
2025-11-15 18:24:09.053 [main] ERROR com.otabi.jcodroneedu.SerialPortManager - Cannot write, serial port is not open.
2025-11-15 18:24:09.110 [main] ERROR com.otabi.jcodroneedu.SerialPortManager - Cannot write, serial port is not open.
2025-11-15 18:24:09.173 [main] ERROR com.otabi.jcodroneedu.SerialPortManager - Cannot write, serial port is not open.
2025-11-15 18:24:09.230 [main] ERROR com.otabi.jcodroneedu.SerialPortManager - Cannot write, serial port is not open.
2025-11-15 18:24:09.294 [main] ERROR com.otabi.jcodroneedu.SerialPortManager - Cannot write, serial port is not open.
2025-11-15 18:24:09.353 [main] ERROR com.otabi.jcodroneedu.SerialPortManager - Cannot write, serial port is not open.
2025-11-15 18:24:09.414 [main] ERROR com.otabi.jcodroneedu.SerialPortManager - Cannot write, serial port is not open.
2025-11-15 18:24:09.471 [main] ERROR com.otabi.jcodroneedu.SerialPortManager - Cannot write, serial port is not open.
2025-11-15 18:24:09.534 [main] ERROR com.otabi.jcodroneedu.SerialPortManager - Cannot write, serial port is not open.
2025-11-15 18:24:09.594 [main] ERROR com.otabi.jcodroneedu.SerialPortManager - Cannot write, serial port is not open.
2025-11-15 18:24:09.652 [main] ERROR com.otabi.jcodroneedu.SerialPortManager - Cannot write, serial port is not open.
2025-11-15 18:24:09.713 [main] ERROR com.otabi.jcodroneedu.SerialPortManager - Cannot write, serial port is not open.
2025-11-15 18:24:09.770 [main] ERROR com.otabi.jcodroneedu.SerialPortManager - Cannot write, serial port is not open.
2025-11-15 18:24:09.832 [main] ERROR com.otabi.jcodroneedu.SerialPortManager - Cannot write, serial port is not open.
2025-11-15 18:24:09.894 [main] ERROR com.otabi.jcodroneedu.SerialPortManager - Cannot write, serial port is not open.
2025-11-15 18:24:09.953 [main] ERROR com.otabi.jcodroneedu.SerialPortManager - Cannot write, serial port is not open.
2025-11-15 18:24:10.014 [main] ERROR com.otabi.jcodroneedu.SerialPortManager - Cannot write, serial port is not open.
2025-11-15 18:24:10.071 [main] ERROR com.otabi.jcodroneedu.SerialPortManager - Cannot write, serial port is not open.
2025-11-15 18:24:10.134 [main] ERROR com.otabi.jcodroneedu.SerialPortManager - Cannot write, serial port is not open.
2025-11-15 18:24:10.192 [main] ERROR com.otabi.jcodroneedu.SerialPortManager - Cannot write, serial port is not open.
2025-11-15 18:24:10.251 [main] ERROR com.otabi.jcodroneedu.SerialPortManager - Cannot write, serial port is not open.
2025-11-15 18:24:10.314 [main] ERROR com.otabi.jcodroneedu.SerialPortManager - Cannot write, serial port is not open.
2025-11-15 18:24:10.373 [main] ERROR com.otabi.jcodroneedu.SerialPortManager - Cannot write, serial port is not open.
2025-11-15 18:24:10.431 [main] ERROR com.otabi.jcodroneedu.SerialPortManager - Cannot write, serial port is not open.
2025-11-15 18:24:10.492 [main] ERROR com.otabi.jcodroneedu.SerialPortManager - Cannot write, serial port is not open.
2025-11-15 18:24:10.569 [main] ERROR com.otabi.jcodroneedu.SerialPortManager - Cannot write, serial port is not open.
2025-11-15 18:24:10.612 [main] ERROR com.otabi.jcodroneedu.SerialPortManager - Cannot write, serial port is not open.
2025-11-15 18:24:10.673 [main] ERROR com.otabi.jcodroneedu.SerialPortManager - Cannot write, serial port is not open.
2025-11-15 18:24:10.734 [main] ERROR com.otabi.jcodroneedu.SerialPortManager - Cannot write, serial port is not open.
2025-11-15 18:24:10.790 [main] ERROR com.otabi.jcodroneedu.SerialPortManager - Cannot write, serial port is not open.
2025-11-15 18:24:10.852 [main] ERROR com.otabi.jcodroneedu.SerialPortManager - Cannot write, serial port is not open.
2025-11-15 18:24:10.913 [main] ERROR com.otabi.jcodroneedu.SerialPortManager - Cannot write, serial port is not open.
2025-11-15 18:24:10.971 [main] ERROR com.otabi.jcodroneedu.SerialPortManager - Cannot write, serial port is not open.
2025-11-15 18:24:11.031 [main] ERROR com.otabi.jcodroneedu.SerialPortManager - Cannot write, serial port is not open.
2025-11-15 18:24:11.092 [main] ERROR com.otabi.jcodroneedu.SerialPortManager - Cannot write, serial port is not open.
2025-11-15 18:24:11.152 [main] ERROR com.otabi.jcodroneedu.SerialPortManager - Cannot write, serial port is not open.
2025-11-15 18:24:11.214 [main] ERROR com.otabi.jcodroneedu.SerialPortManager - Cannot write, serial port is not open.
2025-11-15 18:24:11.271 [main] ERROR com.otabi.jcodroneedu.SerialPortManager - Cannot write, serial port is not open.
2025-11-15 18:24:11.331 [main] ERROR com.otabi.jcodroneedu.SerialPortManager - Cannot write, serial port is not open.
2025-11-15 18:24:11.390 [main] ERROR com.otabi.jcodroneedu.SerialPortManager - Cannot write, serial port is not open.
2025-11-15 18:24:11.454 [main] ERROR com.otabi.jcodroneedu.SerialPortManager - Cannot write, serial port is not open.
2025-11-15 18:24:11.513 [main] ERROR com.otabi.jcodroneedu.SerialPortManager - Cannot write, serial port is not open.
2025-11-15 18:24:11.574 [main] ERROR com.otabi.jcodroneedu.SerialPortManager - Cannot write, serial port is not open.
2025-11-15 18:24:11.632 [main] ERROR com.otabi.jcodroneedu.SerialPortManager - Cannot write, serial port is not open.
2025-11-15 18:24:11.690 [main] ERROR com.otabi.jcodroneedu.SerialPortManager - Cannot write, serial port is not open.
2025-11-15 18:24:11.754 [main] ERROR com.otabi.jcodroneedu.SerialPortManager - Cannot write, serial port is not open.
2025-11-15 18:24:11.813 [main] ERROR com.otabi.jcodroneedu.SerialPortManager - Cannot write, serial port is not open.
2025-11-15 18:24:11.870 [main] ERROR com.otabi.jcodroneedu.SerialPortManager - Cannot write, serial port is not open.
2025-11-15 18:24:11.930 [main] ERROR com.otabi.jcodroneedu.SerialPortManager - Cannot write, serial port is not open.
2025-11-15 18:24:11.994 [main] ERROR com.otabi.jcodroneedu.SerialPortManager - Cannot write, serial port is not open.
2025-11-15 18:24:12.051 [main] ERROR com.otabi.jcodroneedu.SerialPortManager - Cannot write, serial port is not open.
2025-11-15 18:24:12.112 [main] ERROR com.otabi.jcodroneedu.SerialPortManager - Cannot write, serial port is not open.
2025-11-15 18:24:12.171 [main] ERROR com.otabi.jcodroneedu.SerialPortManager - Cannot write, serial port is not open.
2025-11-15 18:24:12.231 [main] ERROR com.otabi.jcodroneedu.SerialPortManager - Cannot write, serial port is not open.
2025-11-15 18:24:12.291 [main] ERROR com.otabi.jcodroneedu.SerialPortManager - Cannot write, serial port is not open.
2025-11-15 18:24:12.354 [main] ERROR com.otabi.jcodroneedu.SerialPortManager - Cannot write, serial port is not open.
2025-11-15 18:24:12.409 [main] ERROR com.otabi.jcodroneedu.SerialPortManager - Cannot write, serial port is not open.
2025-11-15 18:24:12.470 [main] ERROR com.otabi.jcodroneedu.SerialPortManager - Cannot write, serial port is not open.
2025-11-15 18:24:12.532 [main] ERROR com.otabi.jcodroneedu.SerialPortManager - Cannot write, serial port is not open.
2025-11-15 18:24:12.590 [main] ERROR com.otabi.jcodroneedu.SerialPortManager - Cannot write, serial port is not open.
2025-11-15 18:24:12.651 [main] ERROR com.otabi.jcodroneedu.SerialPortManager - Cannot write, serial port is not open.
2025-11-15 18:24:12.713 [main] ERROR com.otabi.jcodroneedu.SerialPortManager - Cannot write, serial port is not open.
2025-11-15 18:24:12.770 [main] ERROR com.otabi.jcodroneedu.SerialPortManager - Cannot write, serial port is not open.
2025-11-15 18:24:12.834 [main] ERROR com.otabi.jcodroneedu.SerialPortManager - Cannot write, serial port is not open.
2025-11-15 18:24:12.892 [main] ERROR com.otabi.jcodroneedu.SerialPortManager - Cannot write, serial port is not open.
2025-11-15 18:24:12.950 [main] ERROR com.otabi.jcodroneedu.SerialPortManager - Cannot write, serial port is not open.
2025-11-15 18:24:13.012 [main] ERROR com.otabi.jcodroneedu.SerialPortManager - Cannot write, serial port is not open.
2025-11-15 18:24:13.071 [main] ERROR com.otabi.jcodroneedu.SerialPortManager - Cannot write, serial port is not open.
2025-11-15 18:24:13.133 [main] ERROR com.otabi.jcodroneedu.SerialPortManager - Cannot write, serial port is not open.
2025-11-15 18:24:13.194 [main] ERROR com.otabi.jcodroneedu.SerialPortManager - Cannot write, serial port is not open.
2025-11-15 18:24:13.254 [main] ERROR com.otabi.jcodroneedu.SerialPortManager - Cannot write, serial port is not open.
2025-11-15 18:24:13.313 [main] ERROR com.otabi.jcodroneedu.SerialPortManager - Cannot write, serial port is not open.
2025-11-15 18:24:13.370 [main] ERROR com.otabi.jcodroneedu.SerialPortManager - Cannot write, serial port is not open.
2025-11-15 18:24:13.430 [main] ERROR com.otabi.jcodroneedu.SerialPortManager - Cannot write, serial port is not open.
2025-11-15 18:24:13.492 [main] ERROR com.otabi.jcodroneedu.SerialPortManager - Cannot write, serial port is not open.
2025-11-15 18:24:13.554 [main] ERROR com.otabi.jcodroneedu.SerialPortManager - Cannot write, serial port is not open.
2025-11-15 18:24:13.613 [main] ERROR com.otabi.jcodroneedu.SerialPortManager - Cannot write, serial port is not open.
2025-11-15 18:24:13.674 [main] ERROR com.otabi.jcodroneedu.SerialPortManager - Cannot write, serial port is not open.
2025-11-15 18:24:13.730 [main] ERROR com.otabi.jcodroneedu.SerialPortManager - Cannot write, serial port is not open.
2025-11-15 18:24:13.791 [main] ERROR com.otabi.jcodroneedu.SerialPortManager - Cannot write, serial port is not open.
2025-11-15 18:24:13.852 [main] ERROR com.otabi.jcodroneedu.SerialPortManager - Cannot write, serial port is not open.
2025-11-15 18:24:13.914 [main] ERROR com.otabi.jcodroneedu.SerialPortManager - Cannot write, serial port is not open.
2025-11-15 18:24:13.974 [main] ERROR com.otabi.jcodroneedu.SerialPortManager - Cannot write, serial port is not open.
2025-11-15 18:24:14.031 [main] ERROR com.otabi.jcodroneedu.SerialPortManager - Cannot write, serial port is not open.
2025-11-15 18:24:14.093 [main] ERROR com.otabi.jcodroneedu.SerialPortManager - Cannot write, serial port is not open.
2025-11-15 18:24:14.150 [main] ERROR com.otabi.jcodroneedu.SerialPortManager - Cannot write, serial port is not open.
2025-11-15 18:24:14.213 [main] ERROR com.otabi.jcodroneedu.SerialPortManager - Cannot write, serial port is not open.
2025-11-15 18:24:14.272 [main] ERROR com.otabi.jcodroneedu.SerialPortManager - Cannot write, serial port is not open.
2025-11-15 18:24:14.330 [main] ERROR com.otabi.jcodroneedu.SerialPortManager - Cannot write, serial port is not open.
2025-11-15 18:24:14.390 [main] ERROR com.otabi.jcodroneedu.SerialPortManager - Cannot write, serial port is not open.
2025-11-15 18:24:14.450 [main] ERROR com.otabi.jcodroneedu.SerialPortManager - Cannot write, serial port is not open.
2025-11-15 18:24:14.514 [main] ERROR com.otabi.jcodroneedu.SerialPortManager - Cannot write, serial port is not open.
2025-11-15 18:24:14.574 [main] ERROR com.otabi.jcodroneedu.SerialPortManager - Cannot write, serial port is not open.
2025-11-15 18:24:14.633 [main] ERROR com.otabi.jcodroneedu.SerialPortManager - Cannot write, serial port is not open.
2025-11-15 18:24:14.689 [main] ERROR com.otabi.jcodroneedu.SerialPortManager - Cannot write, serial port is not open.
2025-11-15 18:24:14.751 [main] ERROR com.otabi.jcodroneedu.SerialPortManager - Cannot write, serial port is not open.
2025-11-15 18:24:14.813 [main] ERROR com.otabi.jcodroneedu.SerialPortManager - Cannot write, serial port is not open.
2025-11-15 18:24:14.872 [main] ERROR com.otabi.jcodroneedu.SerialPortManager - Cannot write, serial port is not open.
2025-11-15 18:24:14.934 [main] ERROR com.otabi.jcodroneedu.SerialPortManager - Cannot write, serial port is not open.
2025-11-15 18:24:14.994 [main] ERROR com.otabi.jcodroneedu.SerialPortManager - Cannot write, serial port is not open.
2025-11-15 18:24:15.052 [main] ERROR com.otabi.jcodroneedu.SerialPortManager - Cannot write, serial port is not open.
2025-11-15 18:24:15.112 [main] ERROR com.otabi.jcodroneedu.SerialPortManager - Cannot write, serial port is not open.
2025-11-15 18:24:15.170 [main] ERROR com.otabi.jcodroneedu.SerialPortManager - Cannot write, serial port is not open.
2025-11-15 18:24:15.230 [main] ERROR com.otabi.jcodroneedu.SerialPortManager - Cannot write, serial port is not open.
2025-11-15 18:24:15.290 [main] ERROR com.otabi.jcodroneedu.SerialPortManager - Cannot write, serial port is not open.
2025-11-15 18:24:15.351 [main] ERROR com.otabi.jcodroneedu.SerialPortManager - Cannot write, serial port is not open.
2025-11-15 18:24:15.412 [main] ERROR com.otabi.jcodroneedu.SerialPortManager - Cannot write, serial port is not open.
2025-11-15 18:24:15.472 [main] ERROR com.otabi.jcodroneedu.SerialPortManager - Cannot write, serial port is not open.
2025-11-15 18:24:15.529 [main] ERROR com.otabi.jcodroneedu.SerialPortManager - Cannot write, serial port is not open.
2025-11-15 18:24:15.591 [main] ERROR com.otabi.jcodroneedu.SerialPortManager - Cannot write, serial port is not open.
2025-11-15 18:24:15.654 [main] ERROR com.otabi.jcodroneedu.SerialPortManager - Cannot write, serial port is not open.
2025-11-15 18:24:15.710 [main] ERROR com.otabi.jcodroneedu.SerialPortManager - Cannot write, serial port is not open.
2025-11-15 18:24:15.774 [main] ERROR com.otabi.jcodroneedu.SerialPortManager - Cannot write, serial port is not open.
2025-11-15 18:24:15.831 [main] ERROR com.otabi.jcodroneedu.SerialPortManager - Cannot write, serial port is not open.
2025-11-15 18:24:15.894 [main] ERROR com.otabi.jcodroneedu.SerialPortManager - Cannot write, serial port is not open.
2025-11-15 18:24:15.953 [main] ERROR com.otabi.jcodroneedu.SerialPortManager - Cannot write, serial port is not open.
2025-11-15 18:24:16.013 [main] ERROR com.otabi.jcodroneedu.SerialPortManager - Cannot write, serial port is not open.
2025-11-15 18:24:16.069 [main] ERROR com.otabi.jcodroneedu.SerialPortManager - Cannot write, serial port is not open.
2025-11-15 18:24:16.132 [main] ERROR com.otabi.jcodroneedu.SerialPortManager - Cannot write, serial port is not open.
2025-11-15 18:24:16.192 [main] ERROR com.otabi.jcodroneedu.SerialPortManager - Cannot write, serial port is not open.
2025-11-15 18:24:16.251 [main] ERROR com.otabi.jcodroneedu.SerialPortManager - Cannot write, serial port is not open.
2025-11-15 18:24:16.314 [main] ERROR com.otabi.jcodroneedu.SerialPortManager - Cannot write, serial port is not open.
2025-11-15 18:24:16.371 [main] ERROR com.otabi.jcodroneedu.SerialPortManager - Cannot write, serial port is not open.
2025-11-15 18:24:16.430 [main] ERROR com.otabi.jcodroneedu.SerialPortManager - Cannot write, serial port is not open.
2025-11-15 18:24:16.490 [main] ERROR com.otabi.jcodroneedu.SerialPortManager - Cannot write, serial port is not open.
2025-11-15 18:24:16.550 [main] ERROR com.otabi.jcodroneedu.SerialPortManager - Cannot write, serial port is not open.
2025-11-15 18:24:16.613 [main] ERROR com.otabi.jcodroneedu.SerialPortManager - Cannot write, serial port is not open.
2025-11-15 18:24:16.674 [main] ERROR com.otabi.jcodroneedu.SerialPortManager - Cannot write, serial port is not open.
2025-11-15 18:24:16.729 [main] ERROR com.otabi.jcodroneedu.SerialPortManager - Cannot write, serial port is not open.
2025-11-15 18:24:16.794 [main] ERROR com.otabi.jcodroneedu.SerialPortManager - Cannot write, serial port is not open.
2025-11-15 18:24:16.854 [main] ERROR com.otabi.jcodroneedu.SerialPortManager - Cannot write, serial port is not open.
2025-11-15 18:24:16.913 [main] ERROR com.otabi.jcodroneedu.SerialPortManager - Cannot write, serial port is not open.
2025-11-15 18:24:16.973 [main] ERROR com.otabi.jcodroneedu.SerialPortManager - Cannot write, serial port is not open.
2025-11-15 18:24:17.032 [main] ERROR com.otabi.jcodroneedu.SerialPortManager - Cannot write, serial port is not open.
2025-11-15 18:24:17.092 [main] ERROR com.otabi.jcodroneedu.SerialPortManager - Cannot write, serial port is not open.
2025-11-15 18:24:17.154 [main] ERROR com.otabi.jcodroneedu.SerialPortManager - Cannot write, serial port is not open.
2025-11-15 18:24:17.213 [main] ERROR com.otabi.jcodroneedu.SerialPortManager - Cannot write, serial port is not open.
2025-11-15 18:24:17.272 [main] ERROR com.otabi.jcodroneedu.SerialPortManager - Cannot write, serial port is not open.
2025-11-15 18:24:17.334 [main] ERROR com.otabi.jcodroneedu.SerialPortManager - Cannot write, serial port is not open.
2025-11-15 18:24:17.390 [main] ERROR com.otabi.jcodroneedu.SerialPortManager - Cannot write, serial port is not open.
2025-11-15 18:24:17.454 [main] ERROR com.otabi.jcodroneedu.SerialPortManager - Cannot write, serial port is not open.
2025-11-15 18:24:17.512 [main] ERROR com.otabi.jcodroneedu.SerialPortManager - Cannot write, serial port is not open.
2025-11-15 18:24:17.571 [main] ERROR com.otabi.jcodroneedu.SerialPortManager - Cannot write, serial port is not open.
2025-11-15 18:24:17.632 [main] ERROR com.otabi.jcodroneedu.SerialPortManager - Cannot write, serial port is not open.
2025-11-15 18:24:17.692 [main] ERROR com.otabi.jcodroneedu.SerialPortManager - Cannot write, serial port is not open.
2025-11-15 18:24:17.749 [main] ERROR com.otabi.jcodroneedu.SerialPortManager - Cannot write, serial port is not open.
2025-11-15 18:24:17.813 [main] ERROR com.otabi.jcodroneedu.SerialPortManager - Cannot write, serial port is not open.
2025-11-15 18:24:17.874 [main] ERROR com.otabi.jcodroneedu.SerialPortManager - Cannot write, serial port is not open.
2025-11-15 18:24:17.934 [main] ERROR com.otabi.jcodroneedu.SerialPortManager - Cannot write, serial port is not open.
2025-11-15 18:24:17.992 [main] ERROR com.otabi.jcodroneedu.SerialPortManager - Cannot write, serial port is not open.
2025-11-15 18:24:18.054 [main] ERROR com.otabi.jcodroneedu.SerialPortManager - Cannot write, serial port is not open.
2025-11-15 18:24:18.114 [main] ERROR com.otabi.jcodroneedu.SerialPortManager - Cannot write, serial port is not open.
2025-11-15 18:24:18.170 [main] ERROR com.otabi.jcodroneedu.SerialPortManager - Cannot write, serial port is not open.
2025-11-15 18:24:18.230 [main] ERROR com.otabi.jcodroneedu.SerialPortManager - Cannot write, serial port is not open.
2025-11-15 18:24:18.294 [main] ERROR com.otabi.jcodroneedu.SerialPortManager - Cannot write, serial port is not open.
2025-11-15 18:24:18.350 [main] ERROR com.otabi.jcodroneedu.SerialPortManager - Cannot write, serial port is not open.
2025-11-15 18:24:18.413 [main] ERROR com.otabi.jcodroneedu.SerialPortManager - Cannot write, serial port is not open.
2025-11-15 18:24:18.475 [main] ERROR com.otabi.jcodroneedu.SerialPortManager - Cannot write, serial port is not open.
2025-11-15 18:24:18.533 [main] ERROR com.otabi.jcodroneedu.SerialPortManager - Cannot write, serial port is not open.
2025-11-15 18:24:18.592 [main] ERROR com.otabi.jcodroneedu.SerialPortManager - Cannot write, serial port is not open.
2025-11-15 18:24:18.654 [main] ERROR com.otabi.jcodroneedu.SerialPortManager - Cannot write, serial port is not open.
2025-11-15 18:24:18.714 [main] ERROR com.otabi.jcodroneedu.SerialPortManager - Cannot write, serial port is not open.
2025-11-15 18:24:18.769 [main] ERROR com.otabi.jcodroneedu.SerialPortManager - Cannot write, serial port is not open.
2025-11-15 18:24:18.834 [main] ERROR com.otabi.jcodroneedu.SerialPortManager - Cannot write, serial port is not open.
2025-11-15 18:24:18.893 [main] ERROR com.otabi.jcodroneedu.SerialPortManager - Cannot write, serial port is not open.
2025-11-15 18:24:18.953 [main] ERROR com.otabi.jcodroneedu.SerialPortManager - Cannot write, serial port is not open.
2025-11-15 18:24:19.013 [main] ERROR com.otabi.jcodroneedu.SerialPortManager - Cannot write, serial port is not open.
2025-11-15 18:24:19.074 [main] ERROR com.otabi.jcodroneedu.SerialPortManager - Cannot write, serial port is not open.
2025-11-15 18:24:19.130 [main] ERROR com.otabi.jcodroneedu.SerialPortManager - Cannot write, serial port is not open.
2025-11-15 18:24:19.194 [main] ERROR com.otabi.jcodroneedu.SerialPortManager - Cannot write, serial port is not open.
2025-11-15 18:24:19.253 [main] ERROR com.otabi.jcodroneedu.SerialPortManager - Cannot write, serial port is not open.
2025-11-15 18:24:19.313 [main] ERROR com.otabi.jcodroneedu.SerialPortManager - Cannot write, serial port is not open.
2025-11-15 18:24:19.374 [main] ERROR com.otabi.jcodroneedu.SerialPortManager - Cannot write, serial port is not open.
2025-11-15 18:24:19.431 [main] ERROR com.otabi.jcodroneedu.SerialPortManager - Cannot write, serial port is not open.
2025-11-15 18:24:19.491 [main] ERROR com.otabi.jcodroneedu.SerialPortManager - Cannot write, serial port is not open.
2025-11-15 18:24:19.552 [main] ERROR com.otabi.jcodroneedu.SerialPortManager - Cannot write, serial port is not open.
2025-11-15 18:24:19.613 [main] ERROR com.otabi.jcodroneedu.SerialPortManager - Cannot write, serial port is not open.
2025-11-15 18:24:19.670 [main] ERROR com.otabi.jcodroneedu.SerialPortManager - Cannot write, serial port is not open.
2025-11-15 18:24:19.730 [main] ERROR com.otabi.jcodroneedu.SerialPortManager - Cannot write, serial port is not open.
2025-11-15 18:24:19.792 [main] ERROR com.otabi.jcodroneedu.SerialPortManager - Cannot write, serial port is not open.
2025-11-15 18:24:19.854 [main] ERROR com.otabi.jcodroneedu.SerialPortManager - Cannot write, serial port is not open.
2025-11-15 18:24:19.913 [main] ERROR com.otabi.jcodroneedu.SerialPortManager - Cannot write, serial port is not open.
2025-11-15 18:24:19.971 [main] ERROR com.otabi.jcodroneedu.SerialPortManager - Cannot write, serial port is not open.
2025-11-15 18:24:20.030 [main] ERROR com.otabi.jcodroneedu.SerialPortManager - Cannot write, serial port is not open.
2025-11-15 18:24:20.092 [main] ERROR com.otabi.jcodroneedu.SerialPortManager - Cannot write, serial port is not open.
2025-11-15 18:24:20.154 [main] ERROR com.otabi.jcodroneedu.SerialPortManager - Cannot write, serial port is not open.
2025-11-15 18:24:20.213 [main] ERROR com.otabi.jcodroneedu.SerialPortManager - Cannot write, serial port is not open.
2025-11-15 18:24:20.271 [main] ERROR com.otabi.jcodroneedu.SerialPortManager - Cannot write, serial port is not open.
2025-11-15 18:24:20.334 [main] ERROR com.otabi.jcodroneedu.SerialPortManager - Cannot write, serial port is not open.
2025-11-15 18:24:20.391 [main] ERROR com.otabi.jcodroneedu.SerialPortManager - Cannot write, serial port is not open.
2025-11-15 18:24:20.454 [main] ERROR com.otabi.jcodroneedu.SerialPortManager - Cannot write, serial port is not open.
2025-11-15 18:24:20.513 [main] ERROR com.otabi.jcodroneedu.SerialPortManager - Cannot write, serial port is not open.
2025-11-15 18:24:20.574 [main] ERROR com.otabi.jcodroneedu.SerialPortManager - Cannot write, serial port is not open.
2025-11-15 18:24:20.634 [main] ERROR com.otabi.jcodroneedu.SerialPortManager - Cannot write, serial port is not open.
2025-11-15 18:24:20.694 [main] ERROR com.otabi.jcodroneedu.SerialPortManager - Cannot write, serial port is not open.
2025-11-15 18:24:20.754 [main] ERROR com.otabi.jcodroneedu.SerialPortManager - Cannot write, serial port is not open.
2025-11-15 18:24:20.813 [main] ERROR com.otabi.jcodroneedu.SerialPortManager - Cannot write, serial port is not open.
2025-11-15 18:24:20.872 [main] ERROR com.otabi.jcodroneedu.SerialPortManager - Cannot write, serial port is not open.
2025-11-15 18:24:20.934 [main] ERROR com.otabi.jcodroneedu.SerialPortManager - Cannot write, serial port is not open.
2025-11-15 18:24:20.990 [main] ERROR com.otabi.jcodroneedu.SerialPortManager - Cannot write, serial port is not open.
2025-11-15 18:24:21.054 [main] ERROR com.otabi.jcodroneedu.SerialPortManager - Cannot write, serial port is not open.
2025-11-15 18:24:21.113 [main] ERROR com.otabi.jcodroneedu.SerialPortManager - Cannot write, serial port is not open.
2025-11-15 18:24:21.172 [main] ERROR com.otabi.jcodroneedu.SerialPortManager - Cannot write, serial port is not open.
2025-11-15 18:24:21.231 [main] ERROR com.otabi.jcodroneedu.SerialPortManager - Cannot write, serial port is not open.
2025-11-15 18:24:21.294 [main] ERROR com.otabi.jcodroneedu.SerialPortManager - Cannot write, serial port is not open.
2025-11-15 18:24:21.354 [main] ERROR com.otabi.jcodroneedu.SerialPortManager - Cannot write, serial port is not open.
2025-11-15 18:24:21.413 [main] ERROR com.otabi.jcodroneedu.SerialPortManager - Cannot write, serial port is not open.
2025-11-15 18:24:21.470 [main] ERROR com.otabi.jcodroneedu.SerialPortManager - Cannot write, serial port is not open.
2025-11-15 18:24:21.532 [main] ERROR com.otabi.jcodroneedu.SerialPortManager - Cannot write, serial port is not open.
2025-11-15 18:24:21.589 [main] ERROR com.otabi.jcodroneedu.SerialPortManager - Cannot write, serial port is not open.
2025-11-15 18:24:21.654 [main] ERROR com.otabi.jcodroneedu.SerialPortManager - Cannot write, serial port is not open.
2025-11-15 18:24:21.714 [main] ERROR com.otabi.jcodroneedu.SerialPortManager - Cannot write, serial port is not open.
2025-11-15 18:24:21.774 [main] ERROR com.otabi.jcodroneedu.SerialPortManager - Cannot write, serial port is not open.
2025-11-15 18:24:21.830 [main] ERROR com.otabi.jcodroneedu.SerialPortManager - Cannot write, serial port is not open.
2025-11-15 18:24:21.891 [main] ERROR com.otabi.jcodroneedu.SerialPortManager - Cannot write, serial port is not open.
2025-11-15 18:24:21.949 [main] ERROR com.otabi.jcodroneedu.SerialPortManager - Cannot write, serial port is not open.
2025-11-15 18:24:22.013 [main] ERROR com.otabi.jcodroneedu.SerialPortManager - Cannot write, serial port is not open.
2025-11-15 18:24:22.072 [main] ERROR com.otabi.jcodroneedu.SerialPortManager - Cannot write, serial port is not open.
2025-11-15 18:24:22.130 [main] ERROR com.otabi.jcodroneedu.SerialPortManager - Cannot write, serial port is not open.
2025-11-15 18:24:22.190 [main] ERROR com.otabi.jcodroneedu.SerialPortManager - Cannot write, serial port is not open.
2025-11-15 18:24:22.250 [main] ERROR com.otabi.jcodroneedu.SerialPortManager - Cannot write, serial port is not open.
2025-11-15 18:24:22.313 [main] ERROR com.otabi.jcodroneedu.SerialPortManager - Cannot write, serial port is not open.
2025-11-15 18:24:22.370 [main] ERROR com.otabi.jcodroneedu.SerialPortManager - Cannot write, serial port is not open.
2025-11-15 18:24:22.430 [main] ERROR com.otabi.jcodroneedu.SerialPortManager - Cannot write, serial port is not open.
2025-11-15 18:24:22.493 [main] ERROR com.otabi.jcodroneedu.SerialPortManager - Cannot write, serial port is not open.
2025-11-15 18:24:22.553 [main] ERROR com.otabi.jcodroneedu.SerialPortManager - Cannot write, serial port is not open.
2025-11-15 18:24:22.613 [main] ERROR com.otabi.jcodroneedu.SerialPortManager - Cannot write, serial port is not open.
2025-11-15 18:24:22.673 [main] ERROR com.otabi.jcodroneedu.SerialPortManager - Cannot write, serial port is not open.
2025-11-15 18:24:22.731 [main] ERROR com.otabi.jcodroneedu.SerialPortManager - Cannot write, serial port is not open.
2025-11-15 18:24:22.794 [main] ERROR com.otabi.jcodroneedu.SerialPortManager - Cannot write, serial port is not open.
2025-11-15 18:24:22.849 [main] ERROR com.otabi.jcodroneedu.SerialPortManager - Cannot write, serial port is not open.
2025-11-15 18:24:22.913 [main] ERROR com.otabi.jcodroneedu.SerialPortManager - Cannot write, serial port is not open.
2025-11-15 18:24:22.974 [main] ERROR com.otabi.jcodroneedu.SerialPortManager - Cannot write, serial port is not open.
2025-11-15 18:24:23.029 [main] ERROR com.otabi.jcodroneedu.SerialPortManager - Cannot write, serial port is not open.
2025-11-15 18:24:23.094 [main] ERROR com.otabi.jcodroneedu.SerialPortManager - Cannot write, serial port is not open.
2025-11-15 18:24:23.153 [main] ERROR com.otabi.jcodroneedu.SerialPortManager - Cannot write, serial port is not open.
2025-11-15 18:24:23.213 [main] ERROR com.otabi.jcodroneedu.SerialPortManager - Cannot write, serial port is not open.
2025-11-15 18:24:23.273 [main] ERROR com.otabi.jcodroneedu.SerialPortManager - Cannot write, serial port is not open.
2025-11-15 18:24:23.330 [main] ERROR com.otabi.jcodroneedu.SerialPortManager - Cannot write, serial port is not open.
2025-11-15 18:24:23.392 [main] ERROR com.otabi.jcodroneedu.SerialPortManager - Cannot write, serial port is not open.
2025-11-15 18:24:23.454 [main] ERROR com.otabi.jcodroneedu.SerialPortManager - Cannot write, serial port is not open.
2025-11-15 18:24:23.509 [main] ERROR com.otabi.jcodroneedu.SerialPortManager - Cannot write, serial port is not open.
2025-11-15 18:24:23.573 [main] ERROR com.otabi.jcodroneedu.SerialPortManager - Cannot write, serial port is not open.
2025-11-15 18:24:23.632 [main] ERROR com.otabi.jcodroneedu.SerialPortManager - Cannot write, serial port is not open.
2025-11-15 18:24:23.690 [main] ERROR com.otabi.jcodroneedu.SerialPortManager - Cannot write, serial port is not open.
2025-11-15 18:24:23.750 [main] ERROR com.otabi.jcodroneedu.SerialPortManager - Cannot write, serial port is not open.
2025-11-15 18:24:23.814 [main] ERROR com.otabi.jcodroneedu.SerialPortManager - Cannot write, serial port is not open.
2025-11-15 18:24:23.871 [main] ERROR com.otabi.jcodroneedu.SerialPortManager - Cannot write, serial port is not open.
2025-11-15 18:24:23.929 [main] ERROR com.otabi.jcodroneedu.SerialPortManager - Cannot write, serial port is not open.
2025-11-15 18:24:23.991 [main] ERROR com.otabi.jcodroneedu.SerialPortManager - Cannot write, serial port is not open.
2025-11-15 18:24:24.052 [main] ERROR com.otabi.jcodroneedu.SerialPortManager - Cannot write, serial port is not open.
2025-11-15 18:24:24.113 [main] ERROR com.otabi.jcodroneedu.SerialPortManager - Cannot write, serial port is not open.
2025-11-15 18:24:24.170 [main] ERROR com.otabi.jcodroneedu.SerialPortManager - Cannot write, serial port is not open.
2025-11-15 18:24:24.231 [main] ERROR com.otabi.jcodroneedu.SerialPortManager - Cannot write, serial port is not open.
2025-11-15 18:24:24.294 [main] ERROR com.otabi.jcodroneedu.SerialPortManager - Cannot write, serial port is not open.
2025-11-15 18:24:24.354 [main] ERROR com.otabi.jcodroneedu.SerialPortManager - Cannot write, serial port is not open.
2025-11-15 18:24:24.414 [main] ERROR com.otabi.jcodroneedu.SerialPortManager - Cannot write, serial port is not open.
2025-11-15 18:24:24.473 [main] ERROR com.otabi.jcodroneedu.SerialPortManager - Cannot write, serial port is not open.
2025-11-15 18:24:24.530 [main] ERROR com.otabi.jcodroneedu.SerialPortManager - Cannot write, serial port is not open.
2025-11-15 18:24:24.594 [main] ERROR com.otabi.jcodroneedu.SerialPortManager - Cannot write, serial port is not open.
2025-11-15 18:24:24.650 [main] ERROR com.otabi.jcodroneedu.SerialPortManager - Cannot write, serial port is not open.
2025-11-15 18:24:24.713 [main] ERROR com.otabi.jcodroneedu.SerialPortManager - Cannot write, serial port is not open.
2025-11-15 18:24:24.774 [main] ERROR com.otabi.jcodroneedu.SerialPortManager - Cannot write, serial port is not open.
2025-11-15 18:24:24.832 [main] ERROR com.otabi.jcodroneedu.SerialPortManager - Cannot write, serial port is not open.
2025-11-15 18:24:24.891 [main] ERROR com.otabi.jcodroneedu.SerialPortManager - Cannot write, serial port is not open.
2025-11-15 18:24:24.953 [main] ERROR com.otabi.jcodroneedu.SerialPortManager - Cannot write, serial port is not open.
2025-11-15 18:24:25.009 [main] ERROR com.otabi.jcodroneedu.SerialPortManager - Cannot write, serial port is not open.
2025-11-15 18:24:25.073 [main] ERROR com.otabi.jcodroneedu.SerialPortManager - Cannot write, serial port is not open.
2025-11-15 18:24:25.134 [main] ERROR com.otabi.jcodroneedu.SerialPortManager - Cannot write, serial port is not open.
2025-11-15 18:24:25.192 [main] ERROR com.otabi.jcodroneedu.SerialPortManager - Cannot write, serial port is not open.
2025-11-15 18:24:25.251 [main] ERROR com.otabi.jcodroneedu.SerialPortManager - Cannot write, serial port is not open.
2025-11-15 18:24:25.310 [main] ERROR com.otabi.jcodroneedu.SerialPortManager - Cannot write, serial port is not open.
2025-11-15 18:24:25.372 [main] ERROR com.otabi.jcodroneedu.SerialPortManager - Cannot write, serial port is not open.
2025-11-15 18:24:25.434 [main] ERROR com.otabi.jcodroneedu.SerialPortManager - Cannot write, serial port is not open.
2025-11-15 18:24:25.494 [main] ERROR com.otabi.jcodroneedu.SerialPortManager - Cannot write, serial port is not open.
2025-11-15 18:24:25.553 [main] ERROR com.otabi.jcodroneedu.SerialPortManager - Cannot write, serial port is not open.
2025-11-15 18:24:25.612 [main] ERROR com.otabi.jcodroneedu.SerialPortManager - Cannot write, serial port is not open.
2025-11-15 18:24:25.669 [main] ERROR com.otabi.jcodroneedu.SerialPortManager - Cannot write, serial port is not open.
2025-11-15 18:24:25.730 [main] ERROR com.otabi.jcodroneedu.SerialPortManager - Cannot write, serial port is not open.
2025-11-15 18:24:25.794 [main] ERROR com.otabi.jcodroneedu.SerialPortManager - Cannot write, serial port is not open.
2025-11-15 18:24:25.854 [main] ERROR com.otabi.jcodroneedu.SerialPortManager - Cannot write, serial port is not open.
2025-11-15 18:24:25.913 [main] ERROR com.otabi.jcodroneedu.SerialPortManager - Cannot write, serial port is not open.
2025-11-15 18:24:25.972 [main] ERROR com.otabi.jcodroneedu.SerialPortManager - Cannot write, serial port is not open.
2025-11-15 18:24:26.031 [main] ERROR com.otabi.jcodroneedu.SerialPortManager - Cannot write, serial port is not open.
2025-11-15 18:24:26.092 [main] ERROR com.otabi.jcodroneedu.SerialPortManager - Cannot write, serial port is not open.
2025-11-15 18:24:26.149 [main] ERROR com.otabi.jcodroneedu.SerialPortManager - Cannot write, serial port is not open.
2025-11-15 18:24:26.212 [main] ERROR com.otabi.jcodroneedu.SerialPortManager - Cannot write, serial port is not open.
2025-11-15 18:24:26.269 [main] ERROR com.otabi.jcodroneedu.SerialPortManager - Cannot write, serial port is not open.
2025-11-15 18:24:26.329 [main] ERROR com.otabi.jcodroneedu.SerialPortManager - Cannot write, serial port is not open.
2025-11-15 18:24:26.391 [main] ERROR com.otabi.jcodroneedu.SerialPortManager - Cannot write, serial port is not open.
2025-11-15 18:24:26.450 [main] ERROR com.otabi.jcodroneedu.SerialPortManager - Cannot write, serial port is not open.
2025-11-15 18:24:26.509 [main] ERROR com.otabi.jcodroneedu.SerialPortManager - Cannot write, serial port is not open.
2025-11-15 18:24:26.574 [main] ERROR com.otabi.jcodroneedu.SerialPortManager - Cannot write, serial port is not open.
2025-11-15 18:24:26.633 [main] ERROR com.otabi.jcodroneedu.SerialPortManager - Cannot write, serial port is not open.
2025-11-15 18:24:26.694 [main] ERROR com.otabi.jcodroneedu.SerialPortManager - Cannot write, serial port is not open.
2025-11-15 18:24:26.754 [main] ERROR com.otabi.jcodroneedu.SerialPortManager - Cannot write, serial port is not open.
2025-11-15 18:24:26.813 [main] ERROR com.otabi.jcodroneedu.SerialPortManager - Cannot write, serial port is not open.
2025-11-15 18:24:26.874 [main] ERROR com.otabi.jcodroneedu.SerialPortManager - Cannot write, serial port is not open.
2025-11-15 18:24:26.935 [main] ERROR com.otabi.jcodroneedu.SerialPortManager - Cannot write, serial port is not open.
2025-11-15 18:24:26.994 [main] ERROR com.otabi.jcodroneedu.SerialPortManager - Cannot write, serial port is not open.
2025-11-15 18:24:27.053 [main] ERROR com.otabi.jcodroneedu.SerialPortManager - Cannot write, serial port is not open.
2025-11-15 18:24:27.109 [main] ERROR com.otabi.jcodroneedu.SerialPortManager - Cannot write, serial port is not open.
2025-11-15 18:24:27.174 [main] ERROR com.otabi.jcodroneedu.SerialPortManager - Cannot write, serial port is not open.
2025-11-15 18:24:27.234 [main] ERROR com.otabi.jcodroneedu.SerialPortManager - Cannot write, serial port is not open.
2025-11-15 18:24:27.290 [main] ERROR com.otabi.jcodroneedu.SerialPortManager - Cannot write, serial port is not open.
2025-11-15 18:24:27.352 [main] ERROR com.otabi.jcodroneedu.SerialPortManager - Cannot write, serial port is not open.
2025-11-15 18:24:27.413 [main] ERROR com.otabi.jcodroneedu.SerialPortManager - Cannot write, serial port is not open.
2025-11-15 18:24:27.470 [main] ERROR com.otabi.jcodroneedu.SerialPortManager - Cannot write, serial port is not open.
2025-11-15 18:24:27.530 [main] ERROR com.otabi.jcodroneedu.SerialPortManager - Cannot write, serial port is not open.
2025-11-15 18:24:27.590 [main] ERROR com.otabi.jcodroneedu.SerialPortManager - Cannot write, serial port is not open.
2025-11-15 18:24:27.650 [main] ERROR com.otabi.jcodroneedu.SerialPortManager - Cannot write, serial port is not open.
2025-11-15 18:24:27.713 [main] ERROR com.otabi.jcodroneedu.SerialPortManager - Cannot write, serial port is not open.
2025-11-15 18:24:27.770 [main] ERROR com.otabi.jcodroneedu.SerialPortManager - Cannot write, serial port is not open.
2025-11-15 18:24:27.833 [main] ERROR com.otabi.jcodroneedu.SerialPortManager - Cannot write, serial port is not open.
2025-11-15 18:24:27.893 [main] ERROR com.otabi.jcodroneedu.SerialPortManager - Cannot write, serial port is not open.
2025-11-15 18:24:27.951 [main] ERROR com.otabi.jcodroneedu.SerialPortManager - Cannot write, serial port is not open.
2025-11-15 18:24:28.013 [main] ERROR com.otabi.jcodroneedu.SerialPortManager - Cannot write, serial port is not open.
2025-11-15 18:24:28.073 [main] ERROR com.otabi.jcodroneedu.SerialPortManager - Cannot write, serial port is not open.
2025-11-15 18:24:28.133 [main] ERROR com.otabi.jcodroneedu.SerialPortManager - Cannot write, serial port is not open.
2025-11-15 18:24:28.191 [main] ERROR com.otabi.jcodroneedu.SerialPortManager - Cannot write, serial port is not open.
2025-11-15 18:24:28.251 [main] ERROR com.otabi.jcodroneedu.SerialPortManager - Cannot write, serial port is not open.
2025-11-15 18:24:28.310 [main] ERROR com.otabi.jcodroneedu.SerialPortManager - Cannot write, serial port is not open.
2025-11-15 18:24:28.373 [main] ERROR com.otabi.jcodroneedu.SerialPortManager - Cannot write, serial port is not open.
2025-11-15 18:24:28.430 [main] ERROR com.otabi.jcodroneedu.SerialPortManager - Cannot write, serial port is not open.
2025-11-15 18:24:28.500 [main] ERROR com.otabi.jcodroneedu.SerialPortManager - Cannot write, serial port is not open.
2025-11-15 18:24:28.554 [main] ERROR com.otabi.jcodroneedu.SerialPortManager - Cannot write, serial port is not open.
2025-11-15 18:24:28.613 [main] ERROR com.otabi.jcodroneedu.SerialPortManager - Cannot write, serial port is not open.
2025-11-15 18:24:28.673 [main] ERROR com.otabi.jcodroneedu.SerialPortManager - Cannot write, serial port is not open.
2025-11-15 18:24:28.729 [main] ERROR com.otabi.jcodroneedu.SerialPortManager - Cannot write, serial port is not open.
2025-11-15 18:24:28.793 [main] ERROR com.otabi.jcodroneedu.SerialPortManager - Cannot write, serial port is not open.
2025-11-15 18:24:28.852 [main] ERROR com.otabi.jcodroneedu.SerialPortManager - Cannot write, serial port is not open.
2025-11-15 18:24:28.913 [main] ERROR com.otabi.jcodroneedu.SerialPortManager - Cannot write, serial port is not open.
2025-11-15 18:24:28.973 [main] ERROR com.otabi.jcodroneedu.SerialPortManager - Cannot write, serial port is not open.
2025-11-15 18:24:29.030 [main] ERROR com.otabi.jcodroneedu.SerialPortManager - Cannot write, serial port is not open.
2025-11-15 18:24:29.093 [main] ERROR com.otabi.jcodroneedu.SerialPortManager - Cannot write, serial port is not open.
2025-11-15 18:24:29.153 [main] ERROR com.otabi.jcodroneedu.SerialPortManager - Cannot write, serial port is not open.
2025-11-15 18:24:29.213 [main] ERROR com.otabi.jcodroneedu.SerialPortManager - Cannot write, serial port is not open.
2025-11-15 18:24:29.269 [main] ERROR com.otabi.jcodroneedu.SerialPortManager - Cannot write, serial port is not open.
2025-11-15 18:24:29.333 [main] ERROR com.otabi.jcodroneedu.SerialPortManager - Cannot write, serial port is not open.
2025-11-15 18:24:29.393 [main] ERROR com.otabi.jcodroneedu.SerialPortManager - Cannot write, serial port is not open.
2025-11-15 18:24:29.451 [main] ERROR com.otabi.jcodroneedu.SerialPortManager - Cannot write, serial port is not open.
2025-11-15 18:24:29.510 [main] ERROR com.otabi.jcodroneedu.SerialPortManager - Cannot write, serial port is not open.
2025-11-15 18:24:29.571 [main] ERROR com.otabi.jcodroneedu.SerialPortManager - Cannot write, serial port is not open.
2025-11-15 18:24:29.632 [main] ERROR com.otabi.jcodroneedu.SerialPortManager - Cannot write, serial port is not open.
2025-11-15 18:24:29.693 [main] ERROR com.otabi.jcodroneedu.SerialPortManager - Cannot write, serial port is not open.
2025-11-15 18:24:29.753 [main] ERROR com.otabi.jcodroneedu.SerialPortManager - Cannot write, serial port is not open.
2025-11-15 18:24:29.809 [main] ERROR com.otabi.jcodroneedu.SerialPortManager - Cannot write, serial port is not open.
2025-11-15 18:24:29.872 [main] ERROR com.otabi.jcodroneedu.SerialPortManager - Cannot write, serial port is not open.
2025-11-15 18:24:29.932 [main] ERROR com.otabi.jcodroneedu.SerialPortManager - Cannot write, serial port is not open.
2025-11-15 18:24:29.989 [main] ERROR com.otabi.jcodroneedu.SerialPortManager - Cannot write, serial port is not open.
2025-11-15 18:24:30.052 [main] ERROR com.otabi.jcodroneedu.SerialPortManager - Cannot write, serial port is not open.
2025-11-15 18:24:30.113 [main] ERROR com.otabi.jcodroneedu.SerialPortManager - Cannot write, serial port is not open.
2025-11-15 18:24:30.171 [main] ERROR com.otabi.jcodroneedu.SerialPortManager - Cannot write, serial port is not open.
2025-11-15 18:24:30.229 [main] ERROR com.otabi.jcodroneedu.SerialPortManager - Cannot write, serial port is not open.
2025-11-15 18:24:30.293 [main] ERROR com.otabi.jcodroneedu.SerialPortManager - Cannot write, serial port is not open.
2025-11-15 18:24:30.353 [main] ERROR com.otabi.jcodroneedu.SerialPortManager - Cannot write, serial port is not open.
2025-11-15 18:24:30.413 [main] ERROR com.otabi.jcodroneedu.SerialPortManager - Cannot write, serial port is not open.
2025-11-15 18:24:30.469 [main] ERROR com.otabi.jcodroneedu.SerialPortManager - Cannot write, serial port is not open.
2025-11-15 18:24:30.530 [main] ERROR com.otabi.jcodroneedu.SerialPortManager - Cannot write, serial port is not open.
2025-11-15 18:24:30.593 [main] ERROR com.otabi.jcodroneedu.SerialPortManager - Cannot write, serial port is not open.
2025-11-15 18:24:30.653 [main] ERROR com.otabi.jcodroneedu.SerialPortManager - Cannot write, serial port is not open.
2025-11-15 18:24:30.710 [main] ERROR com.otabi.jcodroneedu.SerialPortManager - Cannot write, serial port is not open.
2025-11-15 18:24:30.770 [main] ERROR com.otabi.jcodroneedu.SerialPortManager - Cannot write, serial port is not open.
2025-11-15 18:24:30.833 [main] ERROR com.otabi.jcodroneedu.SerialPortManager - Cannot write, serial port is not open.
2025-11-15 18:24:30.893 [main] ERROR com.otabi.jcodroneedu.SerialPortManager - Cannot write, serial port is not open.
2025-11-15 18:24:30.952 [main] ERROR com.otabi.jcodroneedu.SerialPortManager - Cannot write, serial port is not open.
2025-11-15 18:24:31.009 [main] ERROR com.otabi.jcodroneedu.SerialPortManager - Cannot write, serial port is not open.
2025-11-15 18:24:31.069 [main] ERROR com.otabi.jcodroneedu.SerialPortManager - Cannot write, serial port is not open.
2025-11-15 18:24:31.133 [main] ERROR com.otabi.jcodroneedu.SerialPortManager - Cannot write, serial port is not open.
2025-11-15 18:24:31.193 [main] ERROR com.otabi.jcodroneedu.SerialPortManager - Cannot write, serial port is not open.
2025-11-15 18:24:31.253 [main] ERROR com.otabi.jcodroneedu.SerialPortManager - Cannot write, serial port is not open.
2025-11-15 18:24:31.310 [main] ERROR com.otabi.jcodroneedu.SerialPortManager - Cannot write, serial port is not open.
2025-11-15 18:24:31.373 [main] ERROR com.otabi.jcodroneedu.SerialPortManager - Cannot write, serial port is not open.
2025-11-15 18:24:31.431 [main] ERROR com.otabi.jcodroneedu.SerialPortManager - Cannot write, serial port is not open.
2025-11-15 18:24:31.488 [main] ERROR com.otabi.jcodroneedu.SerialPortManager - Cannot write, serial port is not open.
2025-11-15 18:24:31.550 [main] ERROR com.otabi.jcodroneedu.SerialPortManager - Cannot write, serial port is not open.
2025-11-15 18:24:31.612 [main] ERROR com.otabi.jcodroneedu.SerialPortManager - Cannot write, serial port is not open.
2025-11-15 18:24:31.673 [main] ERROR com.otabi.jcodroneedu.SerialPortManager - Cannot write, serial port is not open.
2025-11-15 18:24:31.728 [main] ERROR com.otabi.jcodroneedu.SerialPortManager - Cannot write, serial port is not open.
2025-11-15 18:24:31.792 [main] ERROR com.otabi.jcodroneedu.SerialPortManager - Cannot write, serial port is not open.
2025-11-15 18:24:31.852 [main] ERROR com.otabi.jcodroneedu.SerialPortManager - Cannot write, serial port is not open.
2025-11-15 18:24:31.913 [main] ERROR com.otabi.jcodroneedu.SerialPortManager - Cannot write, serial port is not open.
2025-11-15 18:24:31.970 [main] ERROR com.otabi.jcodroneedu.SerialPortManager - Cannot write, serial port is not open.
2025-11-15 18:24:32.031 [main] ERROR com.otabi.jcodroneedu.SerialPortManager - Cannot write, serial port is not open.
2025-11-15 18:24:32.092 [main] ERROR com.otabi.jcodroneedu.SerialPortManager - Cannot write, serial port is not open.
2025-11-15 18:24:32.150 [main] ERROR com.otabi.jcodroneedu.SerialPortManager - Cannot write, serial port is not open.
2025-11-15 18:24:32.212 [main] ERROR com.otabi.jcodroneedu.SerialPortManager - Cannot write, serial port is not open.
2025-11-15 18:24:32.272 [main] ERROR com.otabi.jcodroneedu.SerialPortManager - Cannot write, serial port is not open.
2025-11-15 18:24:32.332 [main] ERROR com.otabi.jcodroneedu.SerialPortManager - Cannot write, serial port is not open.
2025-11-15 18:24:32.391 [main] ERROR com.otabi.jcodroneedu.SerialPortManager - Cannot write, serial port is not open.
2025-11-15 18:24:32.453 [main] ERROR com.otabi.jcodroneedu.SerialPortManager - Cannot write, serial port is not open.
2025-11-15 18:24:32.513 [main] ERROR com.otabi.jcodroneedu.SerialPortManager - Cannot write, serial port is not open.
2025-11-15 18:24:32.572 [main] ERROR com.otabi.jcodroneedu.SerialPortManager - Cannot write, serial port is not open.
2025-11-15 18:24:32.632 [main] ERROR com.otabi.jcodroneedu.SerialPortManager - Cannot write, serial port is not open.
2025-11-15 18:24:32.693 [main] ERROR com.otabi.jcodroneedu.SerialPortManager - Cannot write, serial port is not open.
2025-11-15 18:24:32.753 [main] ERROR com.otabi.jcodroneedu.SerialPortManager - Cannot write, serial port is not open.
2025-11-15 18:24:32.813 [main] ERROR com.otabi.jcodroneedu.SerialPortManager - Cannot write, serial port is not open.
2025-11-15 18:24:32.868 [main] ERROR com.otabi.jcodroneedu.SerialPortManager - Cannot write, serial port is not open.
2025-11-15 18:24:32.933 [main] ERROR com.otabi.jcodroneedu.SerialPortManager - Cannot write, serial port is not open.
2025-11-15 18:24:32.992 [main] ERROR com.otabi.jcodroneedu.SerialPortManager - Cannot write, serial port is not open.
2025-11-15 18:24:33.052 [main] ERROR com.otabi.jcodroneedu.SerialPortManager - Cannot write, serial port is not open.
2025-11-15 18:24:33.113 [main] ERROR com.otabi.jcodroneedu.SerialPortManager - Cannot write, serial port is not open.
2025-11-15 18:24:33.173 [main] ERROR com.otabi.jcodroneedu.SerialPortManager - Cannot write, serial port is not open.
2025-11-15 18:24:33.233 [main] ERROR com.otabi.jcodroneedu.SerialPortManager - Cannot write, serial port is not open.
2025-11-15 18:24:33.293 [main] ERROR com.otabi.jcodroneedu.SerialPortManager - Cannot write, serial port is not open.
2025-11-15 18:24:33.353 [main] ERROR com.otabi.jcodroneedu.SerialPortManager - Cannot write, serial port is not open.
2025-11-15 18:24:33.413 [main] ERROR com.otabi.jcodroneedu.SerialPortManager - Cannot write, serial port is not open.
2025-11-15 18:24:33.473 [main] ERROR com.otabi.jcodroneedu.SerialPortManager - Cannot write, serial port is not open.
2025-11-15 18:24:33.528 [main] ERROR com.otabi.jcodroneedu.SerialPortManager - Cannot write, serial port is not open.
2025-11-15 18:24:33.592 [main] ERROR com.otabi.jcodroneedu.SerialPortManager - Cannot write, serial port is not open.
2025-11-15 18:24:33.651 [main] ERROR com.otabi.jcodroneedu.SerialPortManager - Cannot write, serial port is not open.
2025-11-15 18:24:33.708 [main] ERROR com.otabi.jcodroneedu.SerialPortManager - Cannot write, serial port is not open.
2025-11-15 18:24:33.771 [main] ERROR com.otabi.jcodroneedu.SerialPortManager - Cannot write, serial port is not open.
2025-11-15 18:24:33.833 [main] ERROR com.otabi.jcodroneedu.SerialPortManager - Cannot write, serial port is not open.
2025-11-15 18:24:33.892 [main] ERROR com.otabi.jcodroneedu.SerialPortManager - Cannot write, serial port is not open.
2025-11-15 18:24:33.952 [main] ERROR com.otabi.jcodroneedu.SerialPortManager - Cannot write, serial port is not open.
2025-11-15 18:24:34.013 [main] ERROR com.otabi.jcodroneedu.SerialPortManager - Cannot write, serial port is not open.
2025-11-15 18:24:34.070 [main] ERROR com.otabi.jcodroneedu.SerialPortManager - Cannot write, serial port is not open.
2025-11-15 18:24:34.131 [main] ERROR com.otabi.jcodroneedu.SerialPortManager - Cannot write, serial port is not open.
2025-11-15 18:24:34.193 [main] ERROR com.otabi.jcodroneedu.SerialPortManager - Cannot write, serial port is not open.
2025-11-15 18:24:34.253 [main] ERROR com.otabi.jcodroneedu.SerialPortManager - Cannot write, serial port is not open.
2025-11-15 18:24:34.312 [main] ERROR com.otabi.jcodroneedu.SerialPortManager - Cannot write, serial port is not open.
2025-11-15 18:24:34.369 [main] ERROR com.otabi.jcodroneedu.SerialPortManager - Cannot write, serial port is not open.
2025-11-15 18:24:34.430 [main] ERROR com.otabi.jcodroneedu.SerialPortManager - Cannot write, serial port is not open.
2025-11-15 18:24:34.488 [main] ERROR com.otabi.jcodroneedu.SerialPortManager - Cannot write, serial port is not open.
2025-11-15 18:24:34.553 [main] ERROR com.otabi.jcodroneedu.SerialPortManager - Cannot write, serial port is not open.
2025-11-15 18:24:34.613 [main] ERROR com.otabi.jcodroneedu.SerialPortManager - Cannot write, serial port is not open.
2025-11-15 18:24:34.673 [main] ERROR com.otabi.jcodroneedu.SerialPortManager - Cannot write, serial port is not open.
2025-11-15 18:24:34.733 [main] ERROR com.otabi.jcodroneedu.SerialPortManager - Cannot write, serial port is not open.
2025-11-15 18:24:34.791 [main] ERROR com.otabi.jcodroneedu.SerialPortManager - Cannot write, serial port is not open.
2025-11-15 18:24:34.851 [main] ERROR com.otabi.jcodroneedu.SerialPortManager - Cannot write, serial port is not open.
2025-11-15 18:24:34.912 [main] ERROR com.otabi.jcodroneedu.SerialPortManager - Cannot write, serial port is not open.
2025-11-15 18:24:34.969 [main] ERROR com.otabi.jcodroneedu.SerialPortManager - Cannot write, serial port is not open.
2025-11-15 18:24:35.034 [main] ERROR com.otabi.jcodroneedu.SerialPortManager - Cannot write, serial port is not open.
2025-11-15 18:24:35.093 [main] ERROR com.otabi.jcodroneedu.SerialPortManager - Cannot write, serial port is not open.
2025-11-15 18:24:35.152 [main] ERROR com.otabi.jcodroneedu.SerialPortManager - Cannot write, serial port is not open.
2025-11-15 18:24:35.212 [main] ERROR com.otabi.jcodroneedu.SerialPortManager - Cannot write, serial port is not open.
2025-11-15 18:24:35.270 [main] ERROR com.otabi.jcodroneedu.SerialPortManager - Cannot write, serial port is not open.
2025-11-15 18:24:35.333 [main] ERROR com.otabi.jcodroneedu.SerialPortManager - Cannot write, serial port is not open.
2025-11-15 18:24:35.392 [main] ERROR com.otabi.jcodroneedu.SerialPortManager - Cannot write, serial port is not open.
2025-11-15 18:24:35.452 [main] ERROR com.otabi.jcodroneedu.SerialPortManager - Cannot write, serial port is not open.
2025-11-15 18:24:35.513 [main] ERROR com.otabi.jcodroneedu.SerialPortManager - Cannot write, serial port is not open.
2025-11-15 18:24:35.573 [main] ERROR com.otabi.jcodroneedu.SerialPortManager - Cannot write, serial port is not open.
2025-11-15 18:24:35.632 [main] ERROR com.otabi.jcodroneedu.SerialPortManager - Cannot write, serial port is not open.
2025-11-15 18:24:35.692 [main] ERROR com.otabi.jcodroneedu.SerialPortManager - Cannot write, serial port is not open.
2025-11-15 18:24:35.753 [main] ERROR com.otabi.jcodroneedu.SerialPortManager - Cannot write, serial port is not open.
2025-11-15 18:24:35.809 [main] ERROR com.otabi.jcodroneedu.SerialPortManager - Cannot write, serial port is not open.
2025-11-15 18:24:35.873 [main] ERROR com.otabi.jcodroneedu.SerialPortManager - Cannot write, serial port is not open.
2025-11-15 18:24:35.929 [main] ERROR com.otabi.jcodroneedu.SerialPortManager - Cannot write, serial port is not open.
2025-11-15 18:24:35.989 [main] ERROR com.otabi.jcodroneedu.SerialPortManager - Cannot write, serial port is not open.
2025-11-15 18:24:36.049 [main] ERROR com.otabi.jcodroneedu.SerialPortManager - Cannot write, serial port is not open.
2025-11-15 18:24:36.113 [main] ERROR com.otabi.jcodroneedu.SerialPortManager - Cannot write, serial port is not open.
2025-11-15 18:24:36.173 [main] ERROR com.otabi.jcodroneedu.SerialPortManager - Cannot write, serial port is not open.
2025-11-15 18:24:36.229 [main] ERROR com.otabi.jcodroneedu.SerialPortManager - Cannot write, serial port is not open.
2025-11-15 18:24:36.292 [main] ERROR com.otabi.jcodroneedu.SerialPortManager - Cannot write, serial port is not open.
2025-11-15 18:24:36.352 [main] ERROR com.otabi.jcodroneedu.SerialPortManager - Cannot write, serial port is not open.
2025-11-15 18:24:36.413 [main] ERROR com.otabi.jcodroneedu.SerialPortManager - Cannot write, serial port is not open.
2025-11-15 18:24:36.469 [main] ERROR com.otabi.jcodroneedu.SerialPortManager - Cannot write, serial port is not open.
2025-11-15 18:24:36.529 [main] ERROR com.otabi.jcodroneedu.SerialPortManager - Cannot write, serial port is not open.
2025-11-15 18:24:36.592 [main] ERROR com.otabi.jcodroneedu.SerialPortManager - Cannot write, serial port is not open.
2025-11-15 18:24:36.653 [main] ERROR com.otabi.jcodroneedu.SerialPortManager - Cannot write, serial port is not open.
2025-11-15 18:24:36.712 [main] ERROR com.otabi.jcodroneedu.SerialPortManager - Cannot write, serial port is not open.
2025-11-15 18:24:36.771 [main] ERROR com.otabi.jcodroneedu.SerialPortManager - Cannot write, serial port is not open.
2025-11-15 18:24:36.830 [main] ERROR com.otabi.jcodroneedu.SerialPortManager - Cannot write, serial port is not open.
2025-11-15 18:24:36.892 [main] ERROR com.otabi.jcodroneedu.SerialPortManager - Cannot write, serial port is not open.
2025-11-15 18:24:36.953 [main] ERROR com.otabi.jcodroneedu.SerialPortManager - Cannot write, serial port is not open.
2025-11-15 18:24:37.013 [main] ERROR com.otabi.jcodroneedu.SerialPortManager - Cannot write, serial port is not open.
2025-11-15 18:24:37.071 [main] ERROR com.otabi.jcodroneedu.SerialPortManager - Cannot write, serial port is not open.
2025-11-15 18:24:37.132 [main] ERROR com.otabi.jcodroneedu.SerialPortManager - Cannot write, serial port is not open.
2025-11-15 18:24:37.193 [main] ERROR com.otabi.jcodroneedu.SerialPortManager - Cannot write, serial port is not open.
2025-11-15 18:24:37.253 [main] ERROR com.otabi.jcodroneedu.SerialPortManager - Cannot write, serial port is not open.
2025-11-15 18:24:37.313 [main] ERROR com.otabi.jcodroneedu.SerialPortManager - Cannot write, serial port is not open.
2025-11-15 18:24:37.373 [main] ERROR com.otabi.jcodroneedu.SerialPortManager - Cannot write, serial port is not open.
2025-11-15 18:24:37.431 [main] ERROR com.otabi.jcodroneedu.SerialPortManager - Cannot write, serial port is not open.
2025-11-15 18:24:37.494 [main] ERROR com.otabi.jcodroneedu.SerialPortManager - Cannot write, serial port is not open.
2025-11-15 18:24:37.556 [main] ERROR com.otabi.jcodroneedu.SerialPortManager - Cannot write, serial port is not open.
2025-11-15 18:24:37.613 [main] ERROR com.otabi.jcodroneedu.SerialPortManager - Cannot write, serial port is not open.
2025-11-15 18:24:37.679 [main] ERROR com.otabi.jcodroneedu.SerialPortManager - Cannot write, serial port is not open.
2025-11-15 18:24:37.733 [main] ERROR com.otabi.jcodroneedu.SerialPortManager - Cannot write, serial port is not open.
2025-11-15 18:24:37.793 [main] ERROR com.otabi.jcodroneedu.SerialPortManager - Cannot write, serial port is not open.
2025-11-15 18:24:37.849 [main] ERROR com.otabi.jcodroneedu.SerialPortManager - Cannot write, serial port is not open.
2025-11-15 18:24:37.913 [main] ERROR com.otabi.jcodroneedu.SerialPortManager - Cannot write, serial port is not open.
2025-11-15 18:24:37.969 [main] ERROR com.otabi.jcodroneedu.SerialPortManager - Cannot write, serial port is not open.
2025-11-15 18:24:38.030 [main] ERROR com.otabi.jcodroneedu.SerialPortManager - Cannot write, serial port is not open.
2025-11-15 18:24:38.093 [main] ERROR com.otabi.jcodroneedu.SerialPortManager - Cannot write, serial port is not open.
2025-11-15 18:24:38.151 [main] ERROR com.otabi.jcodroneedu.SerialPortManager - Cannot write, serial port is not open.
2025-11-15 18:24:38.213 [main] ERROR com.otabi.jcodroneedu.SerialPortManager - Cannot write, serial port is not open.
2025-11-15 18:24:38.271 [main] ERROR com.otabi.jcodroneedu.SerialPortManager - Cannot write, serial port is not open.
2025-11-15 18:24:38.329 [main] ERROR com.otabi.jcodroneedu.SerialPortManager - Cannot write, serial port is not open.
2025-11-15 18:24:38.389 [main] ERROR com.otabi.jcodroneedu.SerialPortManager - Cannot write, serial port is not open.
2025-11-15 18:24:38.452 [main] ERROR com.otabi.jcodroneedu.SerialPortManager - Cannot write, serial port is not open.
2025-11-15 18:24:38.551 [main] ERROR com.otabi.jcodroneedu.SerialPortManager - Cannot write, serial port is not open.
2025-11-15 18:24:38.575 [main] ERROR com.otabi.jcodroneedu.SerialPortManager - Cannot write, serial port is not open.
2025-11-15 18:24:38.629 [main] ERROR com.otabi.jcodroneedu.SerialPortManager - Cannot write, serial port is not open.
2025-11-15 18:24:38.688 [main] ERROR com.otabi.jcodroneedu.SerialPortManager - Cannot write, serial port is not open.
2025-11-15 18:24:38.753 [main] ERROR com.otabi.jcodroneedu.SerialPortManager - Cannot write, serial port is not open.
2025-11-15 18:24:38.813 [main] ERROR com.otabi.jcodroneedu.SerialPortManager - Cannot write, serial port is not open.
2025-11-15 18:24:38.870 [main] ERROR com.otabi.jcodroneedu.SerialPortManager - Cannot write, serial port is not open.
2025-11-15 18:24:38.931 [main] ERROR com.otabi.jcodroneedu.SerialPortManager - Cannot write, serial port is not open.
2025-11-15 18:24:38.993 [main] ERROR com.otabi.jcodroneedu.SerialPortManager - Cannot write, serial port is not open.
2025-11-15 18:24:39.053 [main] ERROR com.otabi.jcodroneedu.SerialPortManager - Cannot write, serial port is not open.
2025-11-15 18:24:39.113 [main] ERROR com.otabi.jcodroneedu.SerialPortManager - Cannot write, serial port is not open.
2025-11-15 18:24:39.169 [main] ERROR com.otabi.jcodroneedu.SerialPortManager - Cannot write, serial port is not open.
2025-11-15 18:24:39.233 [main] ERROR com.otabi.jcodroneedu.SerialPortManager - Cannot write, serial port is not open.
2025-11-15 18:24:39.291 [main] ERROR com.otabi.jcodroneedu.SerialPortManager - Cannot write, serial port is not open.
2025-11-15 18:24:39.352 [main] ERROR com.otabi.jcodroneedu.SerialPortManager - Cannot write, serial port is not open.
2025-11-15 18:24:39.412 [main] ERROR com.otabi.jcodroneedu.SerialPortManager - Cannot write, serial port is not open.
2025-11-15 18:24:39.473 [main] ERROR com.otabi.jcodroneedu.SerialPortManager - Cannot write, serial port is not open.
2025-11-15 18:24:39.533 [main] ERROR com.otabi.jcodroneedu.SerialPortManager - Cannot write, serial port is not open.
2025-11-15 18:24:39.588 [main] ERROR com.otabi.jcodroneedu.SerialPortManager - Cannot write, serial port is not open.
2025-11-15 18:24:39.648 [main] ERROR com.otabi.jcodroneedu.SerialPortManager - Cannot write, serial port is not open.
2025-11-15 18:24:39.713 [main] ERROR com.otabi.jcodroneedu.SerialPortManager - Cannot write, serial port is not open.
2025-11-15 18:24:39.768 [main] ERROR com.otabi.jcodroneedu.SerialPortManager - Cannot write, serial port is not open.
2025-11-15 18:24:39.833 [main] ERROR com.otabi.jcodroneedu.SerialPortManager - Cannot write, serial port is not open.
2025-11-15 18:24:39.890 [main] ERROR com.otabi.jcodroneedu.SerialPortManager - Cannot write, serial port is not open.
2025-11-15 18:24:39.950 [main] ERROR com.otabi.jcodroneedu.SerialPortManager - Cannot write, serial port is not open.
2025-11-15 18:24:40.009 [main] ERROR com.otabi.jcodroneedu.SerialPortManager - Cannot write, serial port is not open.
2025-11-15 18:24:40.073 [main] ERROR com.otabi.jcodroneedu.SerialPortManager - Cannot write, serial port is not open.
2025-11-15 18:24:40.130 [main] ERROR com.otabi.jcodroneedu.SerialPortManager - Cannot write, serial port is not open.
2025-11-15 18:24:40.192 [main] ERROR com.otabi.jcodroneedu.SerialPortManager - Cannot write, serial port is not open.
2025-11-15 18:24:40.252 [main] ERROR com.otabi.jcodroneedu.SerialPortManager - Cannot write, serial port is not open.
2025-11-15 18:24:40.312 [main] ERROR com.otabi.jcodroneedu.SerialPortManager - Cannot write, serial port is not open.
2025-11-15 18:24:40.373 [main] ERROR com.otabi.jcodroneedu.SerialPortManager - Cannot write, serial port is not open.
2025-11-15 18:24:40.428 [main] ERROR com.otabi.jcodroneedu.SerialPortManager - Cannot write, serial port is not open.
2025-11-15 18:24:40.493 [main] ERROR com.otabi.jcodroneedu.SerialPortManager - Cannot write, serial port is not open.
2025-11-15 18:24:40.551 [main] ERROR com.otabi.jcodroneedu.SerialPortManager - Cannot write, serial port is not open.
2025-11-15 18:24:40.613 [main] ERROR com.otabi.jcodroneedu.SerialPortManager - Cannot write, serial port is not open.
2025-11-15 18:24:40.673 [main] ERROR com.otabi.jcodroneedu.SerialPortManager - Cannot write, serial port is not open.
2025-11-15 18:24:40.732 [main] ERROR com.otabi.jcodroneedu.SerialPortManager - Cannot write, serial port is not open.
2025-11-15 18:24:40.793 [main] ERROR com.otabi.jcodroneedu.SerialPortManager - Cannot write, serial port is not open.
2025-11-15 18:24:40.851 [main] ERROR com.otabi.jcodroneedu.SerialPortManager - Cannot write, serial port is not open.
2025-11-15 18:24:40.913 [main] ERROR com.otabi.jcodroneedu.SerialPortManager - Cannot write, serial port is not open.
2025-11-15 18:24:40.970 [main] ERROR com.otabi.jcodroneedu.SerialPortManager - Cannot write, serial port is not open.
2025-11-15 18:24:41.033 [main] ERROR com.otabi.jcodroneedu.SerialPortManager - Cannot write, serial port is not open.
2025-11-15 18:24:41.088 [main] ERROR com.otabi.jcodroneedu.SerialPortManager - Cannot write, serial port is not open.
2025-11-15 18:24:41.151 [main] ERROR com.otabi.jcodroneedu.SerialPortManager - Cannot write, serial port is not open.
2025-11-15 18:24:41.213 [main] ERROR com.otabi.jcodroneedu.SerialPortManager - Cannot write, serial port is not open.
2025-11-15 18:24:41.272 [main] ERROR com.otabi.jcodroneedu.SerialPortManager - Cannot write, serial port is not open.
2025-11-15 18:24:41.331 [main] ERROR com.otabi.jcodroneedu.SerialPortManager - Cannot write, serial port is not open.
2025-11-15 18:24:41.392 [main] ERROR com.otabi.jcodroneedu.SerialPortManager - Cannot write, serial port is not open.
2025-11-15 18:24:41.451 [main] ERROR com.otabi.jcodroneedu.SerialPortManager - Cannot write, serial port is not open.
2025-11-15 18:24:41.513 [main] ERROR com.otabi.jcodroneedu.SerialPortManager - Cannot write, serial port is not open.
2025-11-15 18:24:41.569 [main] ERROR com.otabi.jcodroneedu.SerialPortManager - Cannot write, serial port is not open.
2025-11-15 18:24:41.632 [main] ERROR com.otabi.jcodroneedu.SerialPortManager - Cannot write, serial port is not open.
2025-11-15 18:24:41.693 [main] ERROR com.otabi.jcodroneedu.SerialPortManager - Cannot write, serial port is not open.
2025-11-15 18:24:41.753 [main] ERROR com.otabi.jcodroneedu.SerialPortManager - Cannot write, serial port is not open.
2025-11-15 18:24:41.813 [main] ERROR com.otabi.jcodroneedu.SerialPortManager - Cannot write, serial port is not open.
2025-11-15 18:24:41.873 [main] ERROR com.otabi.jcodroneedu.SerialPortManager - Cannot write, serial port is not open.
2025-11-15 18:24:41.929 [main] ERROR com.otabi.jcodroneedu.SerialPortManager - Cannot write, serial port is not open.
2025-11-15 18:24:41.993 [main] ERROR com.otabi.jcodroneedu.SerialPortManager - Cannot write, serial port is not open.
2025-11-15 18:24:42.053 [main] ERROR com.otabi.jcodroneedu.SerialPortManager - Cannot write, serial port is not open.
2025-11-15 18:24:42.113 [main] ERROR com.otabi.jcodroneedu.SerialPortManager - Cannot write, serial port is not open.
2025-11-15 18:24:42.170 [main] ERROR com.otabi.jcodroneedu.SerialPortManager - Cannot write, serial port is not open.
2025-11-15 18:24:42.232 [main] ERROR com.otabi.jcodroneedu.SerialPortManager - Cannot write, serial port is not open.
2025-11-15 18:24:42.291 [main] ERROR com.otabi.jcodroneedu.SerialPortManager - Cannot write, serial port is not open.
2025-11-15 18:24:42.350 [main] ERROR com.otabi.jcodroneedu.SerialPortManager - Cannot write, serial port is not open.
2025-11-15 18:24:42.413 [main] ERROR com.otabi.jcodroneedu.SerialPortManager - Cannot write, serial port is not open.
2025-11-15 18:24:42.471 [main] ERROR com.otabi.jcodroneedu.SerialPortManager - Cannot write, serial port is not open.
2025-11-15 18:24:42.532 [main] ERROR com.otabi.jcodroneedu.SerialPortManager - Cannot write, serial port is not open.
2025-11-15 18:24:42.589 [main] ERROR com.otabi.jcodroneedu.SerialPortManager - Cannot write, serial port is not open.
2025-11-15 18:24:42.651 [main] ERROR com.otabi.jcodroneedu.SerialPortManager - Cannot write, serial port is not open.
2025-11-15 18:24:42.713 [main] ERROR com.otabi.jcodroneedu.SerialPortManager - Cannot write, serial port is not open.
2025-11-15 18:24:42.773 [main] ERROR com.otabi.jcodroneedu.SerialPortManager - Cannot write, serial port is not open.
2025-11-15 18:24:42.833 [main] ERROR com.otabi.jcodroneedu.SerialPortManager - Cannot write, serial port is not open.
2025-11-15 18:24:42.891 [main] ERROR com.otabi.jcodroneedu.SerialPortManager - Cannot write, serial port is not open.
2025-11-15 18:24:42.951 [main] ERROR com.otabi.jcodroneedu.SerialPortManager - Cannot write, serial port is not open.
2025-11-15 18:24:43.013 [main] ERROR com.otabi.jcodroneedu.SerialPortManager - Cannot write, serial port is not open.
2025-11-15 18:24:43.070 [main] ERROR com.otabi.jcodroneedu.SerialPortManager - Cannot write, serial port is not open.
2025-11-15 18:24:43.129 [main] ERROR com.otabi.jcodroneedu.SerialPortManager - Cannot write, serial port is not open.
2025-11-15 18:24:43.193 [main] ERROR com.otabi.jcodroneedu.SerialPortManager - Cannot write, serial port is not open.
2025-11-15 18:24:43.251 [main] ERROR com.otabi.jcodroneedu.SerialPortManager - Cannot write, serial port is not open.
2025-11-15 18:24:43.312 [main] ERROR com.otabi.jcodroneedu.SerialPortManager - Cannot write, serial port is not open.
2025-11-15 18:24:43.369 [main] ERROR com.otabi.jcodroneedu.SerialPortManager - Cannot write, serial port is not open.
2025-11-15 18:24:43.431 [main] ERROR com.otabi.jcodroneedu.SerialPortManager - Cannot write, serial port is not open.
2025-11-15 18:24:43.492 [main] ERROR com.otabi.jcodroneedu.SerialPortManager - Cannot write, serial port is not open.
2025-11-15 18:24:43.553 [main] ERROR com.otabi.jcodroneedu.SerialPortManager - Cannot write, serial port is not open.
2025-11-15 18:24:43.609 [main] ERROR com.otabi.jcodroneedu.SerialPortManager - Cannot write, serial port is not open.
2025-11-15 18:24:43.671 [main] ERROR com.otabi.jcodroneedu.SerialPortManager - Cannot write, serial port is not open.
2025-11-15 18:24:43.729 [main] ERROR com.otabi.jcodroneedu.SerialPortManager - Cannot write, serial port is not open.
2025-11-15 18:24:43.789 [main] ERROR com.otabi.jcodroneedu.SerialPortManager - Cannot write, serial port is not open.
2025-11-15 18:24:43.848 [main] ERROR com.otabi.jcodroneedu.SerialPortManager - Cannot write, serial port is not open.
2025-11-15 18:24:43.913 [main] ERROR com.otabi.jcodroneedu.SerialPortManager - Cannot write, serial port is not open.
2025-11-15 18:24:43.973 [main] ERROR com.otabi.jcodroneedu.SerialPortManager - Cannot write, serial port is not open.
2025-11-15 18:24:44.030 [main] ERROR com.otabi.jcodroneedu.SerialPortManager - Cannot write, serial port is not open.
2025-11-15 18:24:44.093 [main] ERROR com.otabi.jcodroneedu.SerialPortManager - Cannot write, serial port is not open.
2025-11-15 18:24:44.153 [main] ERROR com.otabi.jcodroneedu.SerialPortManager - Cannot write, serial port is not open.
2025-11-15 18:24:44.213 [main] ERROR com.otabi.jcodroneedu.SerialPortManager - Cannot write, serial port is not open.
2025-11-15 18:24:44.271 [main] ERROR com.otabi.jcodroneedu.SerialPortManager - Cannot write, serial port is not open.
2025-11-15 18:24:44.329 [main] ERROR com.otabi.jcodroneedu.SerialPortManager - Cannot write, serial port is not open.
2025-11-15 18:24:44.392 [main] ERROR com.otabi.jcodroneedu.SerialPortManager - Cannot write, serial port is not open.
2025-11-15 18:24:44.449 [main] ERROR com.otabi.jcodroneedu.SerialPortManager - Cannot write, serial port is not open.
2025-11-15 18:24:44.513 [main] ERROR com.otabi.jcodroneedu.SerialPortManager - Cannot write, serial port is not open.
2025-11-15 18:24:44.573 [main] ERROR com.otabi.jcodroneedu.SerialPortManager - Cannot write, serial port is not open.
2025-11-15 18:24:44.631 [main] ERROR com.otabi.jcodroneedu.SerialPortManager - Cannot write, serial port is not open.
2025-11-15 18:24:44.689 [main] ERROR com.otabi.jcodroneedu.SerialPortManager - Cannot write, serial port is not open.
2025-11-15 18:24:44.751 [main] ERROR com.otabi.jcodroneedu.SerialPortManager - Cannot write, serial port is not open.
2025-11-15 18:24:44.813 [main] ERROR com.otabi.jcodroneedu.SerialPortManager - Cannot write, serial port is not open.
2025-11-15 18:24:44.870 [main] ERROR com.otabi.jcodroneedu.SerialPortManager - Cannot write, serial port is not open.
2025-11-15 18:24:44.929 [main] ERROR com.otabi.jcodroneedu.SerialPortManager - Cannot write, serial port is not open.
2025-11-15 18:24:44.991 [main] ERROR com.otabi.jcodroneedu.SerialPortManager - Cannot write, serial port is not open.
2025-11-15 18:24:45.049 [main] ERROR com.otabi.jcodroneedu.SerialPortManager - Cannot write, serial port is not open.
2025-11-15 18:24:45.113 [main] ERROR com.otabi.jcodroneedu.SerialPortManager - Cannot write, serial port is not open.
2025-11-15 18:24:45.172 [main] ERROR com.otabi.jcodroneedu.SerialPortManager - Cannot write, serial port is not open.
2025-11-15 18:24:45.233 [main] ERROR com.otabi.jcodroneedu.SerialPortManager - Cannot write, serial port is not open.
2025-11-15 18:24:45.289 [main] ERROR com.otabi.jcodroneedu.SerialPortManager - Cannot write, serial port is not open.
2025-11-15 18:24:45.348 [main] ERROR com.otabi.jcodroneedu.SerialPortManager - Cannot write, serial port is not open.
2025-11-15 18:24:45.413 [main] ERROR com.otabi.jcodroneedu.SerialPortManager - Cannot write, serial port is not open.
2025-11-15 18:24:45.469 [main] ERROR com.otabi.jcodroneedu.SerialPortManager - Cannot write, serial port is not open.
2025-11-15 18:24:45.529 [main] ERROR com.otabi.jcodroneedu.SerialPortManager - Cannot write, serial port is not open.
2025-11-15 18:24:45.590 [main] ERROR com.otabi.jcodroneedu.SerialPortManager - Cannot write, serial port is not open.
2025-11-15 18:24:45.651 [main] ERROR com.otabi.jcodroneedu.SerialPortManager - Cannot write, serial port is not open.
2025-11-15 18:24:45.713 [main] ERROR com.otabi.jcodroneedu.SerialPortManager - Cannot write, serial port is not open.
2025-11-15 18:24:45.773 [main] ERROR com.otabi.jcodroneedu.SerialPortManager - Cannot write, serial port is not open.
2025-11-15 18:24:45.829 [main] ERROR com.otabi.jcodroneedu.SerialPortManager - Cannot write, serial port is not open.
2025-11-15 18:24:45.893 [main] ERROR com.otabi.jcodroneedu.SerialPortManager - Cannot write, serial port is not open.
2025-11-15 18:24:45.953 [main] ERROR com.otabi.jcodroneedu.SerialPortManager - Cannot write, serial port is not open.
2025-11-15 18:24:46.013 [main] ERROR com.otabi.jcodroneedu.SerialPortManager - Cannot write, serial port is not open.
2025-11-15 18:24:46.073 [main] ERROR com.otabi.jcodroneedu.SerialPortManager - Cannot write, serial port is not open.
2025-11-15 18:24:46.129 [main] ERROR com.otabi.jcodroneedu.SerialPortManager - Cannot write, serial port is not open.
2025-11-15 18:24:46.189 [main] ERROR com.otabi.jcodroneedu.SerialPortManager - Cannot write, serial port is not open.
2025-11-15 18:24:46.252 [main] ERROR com.otabi.jcodroneedu.SerialPortManager - Cannot write, serial port is not open.
2025-11-15 18:24:46.313 [main] ERROR com.otabi.jcodroneedu.SerialPortManager - Cannot write, serial port is not open.
2025-11-15 18:24:46.373 [main] ERROR com.otabi.jcodroneedu.SerialPortManager - Cannot write, serial port is not open.
2025-11-15 18:24:46.430 [main] ERROR com.otabi.jcodroneedu.SerialPortManager - Cannot write, serial port is not open.
2025-11-15 18:24:46.488 [main] ERROR com.otabi.jcodroneedu.SerialPortManager - Cannot write, serial port is not open.
2025-11-15 18:24:46.553 [main] ERROR com.otabi.jcodroneedu.SerialPortManager - Cannot write, serial port is not open.
2025-11-15 18:24:46.613 [main] ERROR com.otabi.jcodroneedu.SerialPortManager - Cannot write, serial port is not open.
2025-11-15 18:24:46.673 [main] ERROR com.otabi.jcodroneedu.SerialPortManager - Cannot write, serial port is not open.
2025-11-15 18:24:46.733 [main] ERROR com.otabi.jcodroneedu.SerialPortManager - Cannot write, serial port is not open.
2025-11-15 18:24:46.793 [main] ERROR com.otabi.jcodroneedu.SerialPortManager - Cannot write, serial port is not open.
2025-11-15 18:24:46.851 [main] ERROR com.otabi.jcodroneedu.SerialPortManager - Cannot write, serial port is not open.
2025-11-15 18:24:46.913 [main] ERROR com.otabi.jcodroneedu.SerialPortManager - Cannot write, serial port is not open.
2025-11-15 18:24:46.968 [main] ERROR com.otabi.jcodroneedu.SerialPortManager - Cannot write, serial port is not open.
2025-11-15 18:24:47.032 [main] ERROR com.otabi.jcodroneedu.SerialPortManager - Cannot write, serial port is not open.
2025-11-15 18:24:47.095 [main] ERROR com.otabi.jcodroneedu.SerialPortManager - Cannot write, serial port is not open.
2025-11-15 18:24:47.154 [main] ERROR com.otabi.jcodroneedu.SerialPortManager - Cannot write, serial port is not open.
2025-11-15 18:24:47.213 [main] ERROR com.otabi.jcodroneedu.SerialPortManager - Cannot write, serial port is not open.
2025-11-15 18:24:47.273 [main] ERROR com.otabi.jcodroneedu.SerialPortManager - Cannot write, serial port is not open.
2025-11-15 18:24:47.329 [main] ERROR com.otabi.jcodroneedu.SerialPortManager - Cannot write, serial port is not open.
2025-11-15 18:24:47.393 [main] ERROR com.otabi.jcodroneedu.SerialPortManager - Cannot write, serial port is not open.
2025-11-15 18:24:47.453 [main] ERROR com.otabi.jcodroneedu.SerialPortManager - Cannot write, serial port is not open.
2025-11-15 18:24:47.513 [main] ERROR com.otabi.jcodroneedu.SerialPortManager - Cannot write, serial port is not open.
2025-11-15 18:24:47.569 [main] ERROR com.otabi.jcodroneedu.SerialPortManager - Cannot write, serial port is not open.
2025-11-15 18:24:47.629 [main] ERROR com.otabi.jcodroneedu.SerialPortManager - Cannot write, serial port is not open.
2025-11-15 18:24:47.692 [main] ERROR com.otabi.jcodroneedu.SerialPortManager - Cannot write, serial port is not open.
2025-11-15 18:24:47.751 [main] ERROR com.otabi.jcodroneedu.SerialPortManager - Cannot write, serial port is not open.
2025-11-15 18:24:47.812 [main] ERROR com.otabi.jcodroneedu.SerialPortManager - Cannot write, serial port is not open.
2025-11-15 18:24:47.868 [main] ERROR com.otabi.jcodroneedu.SerialPortManager - Cannot write, serial port is not open.
2025-11-15 18:24:47.932 [main] ERROR com.otabi.jcodroneedu.SerialPortManager - Cannot write, serial port is not open.
2025-11-15 18:24:47.992 [main] ERROR com.otabi.jcodroneedu.SerialPortManager - Cannot write, serial port is not open.
2025-11-15 18:24:48.050 [main] ERROR com.otabi.jcodroneedu.SerialPortManager - Cannot write, serial port is not open.
2025-11-15 18:24:48.113 [main] ERROR com.otabi.jcodroneedu.SerialPortManager - Cannot write, serial port is not open.
2025-11-15 18:24:48.173 [main] ERROR com.otabi.jcodroneedu.SerialPortManager - Cannot write, serial port is not open.
2025-11-15 18:24:48.229 [main] ERROR com.otabi.jcodroneedu.SerialPortManager - Cannot write, serial port is not open.
2025-11-15 18:24:48.288 [main] ERROR com.otabi.jcodroneedu.SerialPortManager - Cannot write, serial port is not open.
2025-11-15 18:24:48.350 [main] ERROR com.otabi.jcodroneedu.SerialPortManager - Cannot write, serial port is not open.
2025-11-15 18:24:48.410 [main] ERROR com.otabi.jcodroneedu.SerialPortManager - Cannot write, serial port is not open.
2025-11-15 18:24:48.473 [main] ERROR com.otabi.jcodroneedu.SerialPortManager - Cannot write, serial port is not open.
2025-11-15 18:24:48.532 [main] ERROR com.otabi.jcodroneedu.SerialPortManager - Cannot write, serial port is not open.
2025-11-15 18:24:48.593 [main] ERROR com.otabi.jcodroneedu.SerialPortManager - Cannot write, serial port is not open.
2025-11-15 18:24:48.652 [main] ERROR com.otabi.jcodroneedu.SerialPortManager - Cannot write, serial port is not open.
2025-11-15 18:24:48.709 [main] ERROR com.otabi.jcodroneedu.SerialPortManager - Cannot write, serial port is not open.
2025-11-15 18:24:48.773 [main] ERROR com.otabi.jcodroneedu.SerialPortManager - Cannot write, serial port is not open.
2025-11-15 18:24:48.831 [main] ERROR com.otabi.jcodroneedu.SerialPortManager - Cannot write, serial port is not open.
2025-11-15 18:24:48.888 [main] ERROR com.otabi.jcodroneedu.SerialPortManager - Cannot write, serial port is not open.
2025-11-15 18:24:48.953 [main] ERROR com.otabi.jcodroneedu.SerialPortManager - Cannot write, serial port is not open.
2025-11-15 18:24:49.013 [main] ERROR com.otabi.jcodroneedu.SerialPortManager - Cannot write, serial port is not open.
2025-11-15 18:24:49.073 [main] ERROR com.otabi.jcodroneedu.SerialPortManager - Cannot write, serial port is not open.
2025-11-15 18:24:49.132 [main] ERROR com.otabi.jcodroneedu.SerialPortManager - Cannot write, serial port is not open.
2025-11-15 18:24:49.192 [main] ERROR com.otabi.jcodroneedu.SerialPortManager - Cannot write, serial port is not open.
2025-11-15 18:24:49.249 [main] ERROR com.otabi.jcodroneedu.SerialPortManager - Cannot write, serial port is not open.
2025-11-15 18:24:49.314 [main] ERROR com.otabi.jcodroneedu.SerialPortManager - Cannot write, serial port is not open.
2025-11-15 18:24:49.369 [main] ERROR com.otabi.jcodroneedu.SerialPortManager - Cannot write, serial port is not open.
2025-11-15 18:24:49.431 [main] ERROR com.otabi.jcodroneedu.SerialPortManager - Cannot write, serial port is not open.
2025-11-15 18:24:49.489 [main] ERROR com.otabi.jcodroneedu.SerialPortManager - Cannot write, serial port is not open.
2025-11-15 18:24:49.552 [main] ERROR com.otabi.jcodroneedu.SerialPortManager - Cannot write, serial port is not open.
2025-11-15 18:24:49.609 [main] ERROR com.otabi.jcodroneedu.SerialPortManager - Cannot write, serial port is not open.
2025-11-15 18:24:49.669 [main] ERROR com.otabi.jcodroneedu.SerialPortManager - Cannot write, serial port is not open.
2025-11-15 18:24:49.729 [main] ERROR com.otabi.jcodroneedu.SerialPortManager - Cannot write, serial port is not open.
2025-11-15 18:24:49.792 [main] ERROR com.otabi.jcodroneedu.SerialPortManager - Cannot write, serial port is not open.
2025-11-15 18:24:49.853 [main] ERROR com.otabi.jcodroneedu.SerialPortManager - Cannot write, serial port is not open.
2025-11-15 18:24:49.913 [main] ERROR com.otabi.jcodroneedu.SerialPortManager - Cannot write, serial port is not open.
2025-11-15 18:24:49.971 [main] ERROR com.otabi.jcodroneedu.SerialPortManager - Cannot write, serial port is not open.
2025-11-15 18:24:50.031 [main] ERROR com.otabi.jcodroneedu.SerialPortManager - Cannot write, serial port is not open.
2025-11-15 18:24:50.091 [main] ERROR com.otabi.jcodroneedu.SerialPortManager - Cannot write, serial port is not open.
2025-11-15 18:24:50.151 [main] ERROR com.otabi.jcodroneedu.SerialPortManager - Cannot write, serial port is not open.
2025-11-15 18:24:50.213 [main] ERROR com.otabi.jcodroneedu.SerialPortManager - Cannot write, serial port is not open.
2025-11-15 18:24:50.273 [main] ERROR com.otabi.jcodroneedu.SerialPortManager - Cannot write, serial port is not open.
2025-11-15 18:24:50.331 [main] ERROR com.otabi.jcodroneedu.SerialPortManager - Cannot write, serial port is not open.
2025-11-15 18:24:50.388 [main] ERROR com.otabi.jcodroneedu.SerialPortManager - Cannot write, serial port is not open.
2025-11-15 18:24:50.451 [main] ERROR com.otabi.jcodroneedu.SerialPortManager - Cannot write, serial port is not open.
2025-11-15 18:24:50.513 [main] ERROR com.otabi.jcodroneedu.SerialPortManager - Cannot write, serial port is not open.
2025-11-15 18:24:50.571 [main] ERROR com.otabi.jcodroneedu.SerialPortManager - Cannot write, serial port is not open.
2025-11-15 18:24:50.632 [main] ERROR com.otabi.jcodroneedu.SerialPortManager - Cannot write, serial port is not open.
2025-11-15 18:24:50.691 [main] ERROR com.otabi.jcodroneedu.SerialPortManager - Cannot write, serial port is not open.
2025-11-15 18:24:50.752 [main] ERROR com.otabi.jcodroneedu.SerialPortManager - Cannot write, serial port is not open.
2025-11-15 18:24:50.813 [main] ERROR com.otabi.jcodroneedu.SerialPortManager - Cannot write, serial port is not open.
2025-11-15 18:24:50.871 [main] ERROR com.otabi.jcodroneedu.SerialPortManager - Cannot write, serial port is not open.
2025-11-15 18:24:50.928 [main] ERROR com.otabi.jcodroneedu.SerialPortManager - Cannot write, serial port is not open.
2025-11-15 18:24:50.989 [main] ERROR com.otabi.jcodroneedu.SerialPortManager - Cannot write, serial port is not open.
2025-11-15 18:24:51.048 [main] ERROR com.otabi.jcodroneedu.SerialPortManager - Cannot write, serial port is not open.
2025-11-15 18:24:51.113 [main] ERROR com.otabi.jcodroneedu.SerialPortManager - Cannot write, serial port is not open.
2025-11-15 18:24:51.169 [main] ERROR com.otabi.jcodroneedu.SerialPortManager - Cannot write, serial port is not open.
2025-11-15 18:24:51.228 [main] ERROR com.otabi.jcodroneedu.SerialPortManager - Cannot write, serial port is not open.
2025-11-15 18:24:51.292 [main] ERROR com.otabi.jcodroneedu.SerialPortManager - Cannot write, serial port is not open.
2025-11-15 18:24:51.353 [main] ERROR com.otabi.jcodroneedu.SerialPortManager - Cannot write, serial port is not open.
2025-11-15 18:24:51.409 [main] ERROR com.otabi.jcodroneedu.SerialPortManager - Cannot write, serial port is not open.
2025-11-15 18:24:51.469 [main] ERROR com.otabi.jcodroneedu.SerialPortManager - Cannot write, serial port is not open.
2025-11-15 18:24:51.529 [main] ERROR com.otabi.jcodroneedu.SerialPortManager - Cannot write, serial port is not open.
2025-11-15 18:24:51.590 [main] ERROR com.otabi.jcodroneedu.SerialPortManager - Cannot write, serial port is not open.
2025-11-15 18:24:51.648 [main] ERROR com.otabi.jcodroneedu.SerialPortManager - Cannot write, serial port is not open.
2025-11-15 18:24:51.712 [main] ERROR com.otabi.jcodroneedu.SerialPortManager - Cannot write, serial port is not open.
2025-11-15 18:24:51.773 [main] ERROR com.otabi.jcodroneedu.SerialPortManager - Cannot write, serial port is not open.
2025-11-15 18:24:51.830 [main] ERROR com.otabi.jcodroneedu.SerialPortManager - Cannot write, serial port is not open.
2025-11-15 18:24:51.888 [main] ERROR com.otabi.jcodroneedu.SerialPortManager - Cannot write, serial port is not open.
2025-11-15 18:24:51.953 [main] ERROR com.otabi.jcodroneedu.SerialPortManager - Cannot write, serial port is not open.
2025-11-15 18:24:52.011 [main] ERROR com.otabi.jcodroneedu.SerialPortManager - Cannot write, serial port is not open.
2025-11-15 18:24:52.073 [main] ERROR com.otabi.jcodroneedu.SerialPortManager - Cannot write, serial port is not open.
2025-11-15 18:24:52.128 [main] ERROR com.otabi.jcodroneedu.SerialPortManager - Cannot write, serial port is not open.
2025-11-15 18:24:52.190 [main] ERROR com.otabi.jcodroneedu.SerialPortManager - Cannot write, serial port is not open.
2025-11-15 18:24:52.253 [main] ERROR com.otabi.jcodroneedu.SerialPortManager - Cannot write, serial port is not open.
2025-11-15 18:24:52.309 [main] ERROR com.otabi.jcodroneedu.SerialPortManager - Cannot write, serial port is not open.
2025-11-15 18:24:52.371 [main] ERROR com.otabi.jcodroneedu.SerialPortManager - Cannot write, serial port is not open.
2025-11-15 18:24:52.433 [main] ERROR com.otabi.jcodroneedu.SerialPortManager - Cannot write, serial port is not open.
2025-11-15 18:24:52.490 [main] ERROR com.otabi.jcodroneedu.SerialPortManager - Cannot write, serial port is not open.
2025-11-15 18:24:52.549 [main] ERROR com.otabi.jcodroneedu.SerialPortManager - Cannot write, serial port is not open.
2025-11-15 18:24:52.613 [main] ERROR com.otabi.jcodroneedu.SerialPortManager - Cannot write, serial port is not open.
2025-11-15 18:24:52.669 [main] ERROR com.otabi.jcodroneedu.SerialPortManager - Cannot write, serial port is not open.
2025-11-15 18:24:52.729 [main] ERROR com.otabi.jcodroneedu.SerialPortManager - Cannot write, serial port is not open.
2025-11-15 18:24:52.791 [main] ERROR com.otabi.jcodroneedu.SerialPortManager - Cannot write, serial port is not open.
2025-11-15 18:24:52.849 [main] ERROR com.otabi.jcodroneedu.SerialPortManager - Cannot write, serial port is not open.
2025-11-15 18:24:52.911 [main] ERROR com.otabi.jcodroneedu.SerialPortManager - Cannot write, serial port is not open.
2025-11-15 18:24:52.970 [main] ERROR com.otabi.jcodroneedu.SerialPortManager - Cannot write, serial port is not open.
2025-11-15 18:24:53.032 [main] ERROR com.otabi.jcodroneedu.SerialPortManager - Cannot write, serial port is not open.
2025-11-15 18:24:53.091 [main] ERROR com.otabi.jcodroneedu.SerialPortManager - Cannot write, serial port is not open.
2025-11-15 18:24:53.153 [main] ERROR com.otabi.jcodroneedu.SerialPortManager - Cannot write, serial port is not open.
2025-11-15 18:24:53.209 [main] ERROR com.otabi.jcodroneedu.SerialPortManager - Cannot write, serial port is not open.
2025-11-15 18:24:53.270 [main] ERROR com.otabi.jcodroneedu.SerialPortManager - Cannot write, serial port is not open.
2025-11-15 18:24:53.331 [main] ERROR com.otabi.jcodroneedu.SerialPortManager - Cannot write, serial port is not open.
2025-11-15 18:24:53.391 [main] ERROR com.otabi.jcodroneedu.SerialPortManager - Cannot write, serial port is not open.
2025-11-15 18:24:53.448 [main] ERROR com.otabi.jcodroneedu.SerialPortManager - Cannot write, serial port is not open.
2025-11-15 18:24:53.513 [main] ERROR com.otabi.jcodroneedu.SerialPortManager - Cannot write, serial port is not open.
2025-11-15 18:24:53.571 [main] ERROR com.otabi.jcodroneedu.SerialPortManager - Cannot write, serial port is not open.
2025-11-15 18:24:53.631 [main] ERROR com.otabi.jcodroneedu.SerialPortManager - Cannot write, serial port is not open.
2025-11-15 18:24:53.690 [main] ERROR com.otabi.jcodroneedu.SerialPortManager - Cannot write, serial port is not open.
2025-11-15 18:24:53.752 [main] ERROR com.otabi.jcodroneedu.SerialPortManager - Cannot write, serial port is not open.
2025-11-15 18:24:53.808 [main] ERROR com.otabi.jcodroneedu.SerialPortManager - Cannot write, serial port is not open.
2025-11-15 18:24:53.871 [main] ERROR com.otabi.jcodroneedu.SerialPortManager - Cannot write, serial port is not open.
2025-11-15 18:24:53.931 [main] ERROR com.otabi.jcodroneedu.SerialPortManager - Cannot write, serial port is not open.
2025-11-15 18:24:53.990 [main] ERROR com.otabi.jcodroneedu.SerialPortManager - Cannot write, serial port is not open.
2025-11-15 18:24:54.049 [main] ERROR com.otabi.jcodroneedu.SerialPortManager - Cannot write, serial port is not open.
2025-11-15 18:24:54.113 [main] ERROR com.otabi.jcodroneedu.SerialPortManager - Cannot write, serial port is not open.
2025-11-15 18:24:54.170 [main] ERROR com.otabi.jcodroneedu.SerialPortManager - Cannot write, serial port is not open.
2025-11-15 18:24:54.231 [main] ERROR com.otabi.jcodroneedu.SerialPortManager - Cannot write, serial port is not open.
2025-11-15 18:24:54.290 [main] ERROR com.otabi.jcodroneedu.SerialPortManager - Cannot write, serial port is not open.
2025-11-15 18:24:54.352 [main] ERROR com.otabi.jcodroneedu.SerialPortManager - Cannot write, serial port is not open.
2025-11-15 18:24:54.411 [main] ERROR com.otabi.jcodroneedu.SerialPortManager - Cannot write, serial port is not open.
2025-11-15 18:24:54.472 [main] ERROR com.otabi.jcodroneedu.SerialPortManager - Cannot write, serial port is not open.
2025-11-15 18:24:54.529 [main] ERROR com.otabi.jcodroneedu.SerialPortManager - Cannot write, serial port is not open.
2025-11-15 18:24:54.591 [main] ERROR com.otabi.jcodroneedu.SerialPortManager - Cannot write, serial port is not open.
2025-11-15 18:24:54.652 [main] ERROR com.otabi.jcodroneedu.SerialPortManager - Cannot write, serial port is not open.
2025-11-15 18:24:54.712 [main] ERROR com.otabi.jcodroneedu.SerialPortManager - Cannot write, serial port is not open.
2025-11-15 18:24:54.772 [main] ERROR com.otabi.jcodroneedu.SerialPortManager - Cannot write, serial port is not open.
2025-11-15 18:24:54.830 [main] ERROR com.otabi.jcodroneedu.SerialPortManager - Cannot write, serial port is not open.
2025-11-15 18:24:54.889 [main] ERROR com.otabi.jcodroneedu.SerialPortManager - Cannot write, serial port is not open.
2025-11-15 18:24:54.952 [main] ERROR com.otabi.jcodroneedu.SerialPortManager - Cannot write, serial port is not open.
2025-11-15 18:24:55.011 [main] ERROR com.otabi.jcodroneedu.SerialPortManager - Cannot write, serial port is not open.
2025-11-15 18:24:55.070 [main] ERROR com.otabi.jcodroneedu.SerialPortManager - Cannot write, serial port is not open.
2025-11-15 18:24:55.132 [main] ERROR com.otabi.jcodroneedu.SerialPortManager - Cannot write, serial port is not open.
2025-11-15 18:24:55.190 [main] ERROR com.otabi.jcodroneedu.SerialPortManager - Cannot write, serial port is not open.
2025-11-15 18:24:55.248 [main] ERROR com.otabi.jcodroneedu.SerialPortManager - Cannot write, serial port is not open.
2025-11-15 18:24:55.310 [main] ERROR com.otabi.jcodroneedu.SerialPortManager - Cannot write, serial port is not open.
2025-11-15 18:24:55.369 [main] ERROR com.otabi.jcodroneedu.SerialPortManager - Cannot write, serial port is not open.
2025-11-15 18:24:55.432 [main] ERROR com.otabi.jcodroneedu.SerialPortManager - Cannot write, serial port is not open.
2025-11-15 18:24:55.492 [main] ERROR com.otabi.jcodroneedu.SerialPortManager - Cannot write, serial port is not open.
2025-11-15 18:24:55.549 [main] ERROR com.otabi.jcodroneedu.SerialPortManager - Cannot write, serial port is not open.
2025-11-15 18:24:55.609 [main] ERROR com.otabi.jcodroneedu.SerialPortManager - Cannot write, serial port is not open.
2025-11-15 18:24:55.668 [main] ERROR com.otabi.jcodroneedu.SerialPortManager - Cannot write, serial port is not open.
2025-11-15 18:24:55.729 [main] ERROR com.otabi.jcodroneedu.SerialPortManager - Cannot write, serial port is not open.
2025-11-15 18:24:55.791 [main] ERROR com.otabi.jcodroneedu.SerialPortManager - Cannot write, serial port is not open.
2025-11-15 18:24:55.850 [main] ERROR com.otabi.jcodroneedu.SerialPortManager - Cannot write, serial port is not open.
2025-11-15 18:24:55.912 [main] ERROR com.otabi.jcodroneedu.SerialPortManager - Cannot write, serial port is not open.
2025-11-15 18:24:55.969 [main] ERROR com.otabi.jcodroneedu.SerialPortManager - Cannot write, serial port is not open.
2025-11-15 18:24:56.030 [main] ERROR com.otabi.jcodroneedu.SerialPortManager - Cannot write, serial port is not open.
2025-11-15 18:24:56.092 [main] ERROR com.otabi.jcodroneedu.SerialPortManager - Cannot write, serial port is not open.
2025-11-15 18:24:56.148 [main] ERROR com.otabi.jcodroneedu.SerialPortManager - Cannot write, serial port is not open.
2025-11-15 18:24:56.212 [main] ERROR com.otabi.jcodroneedu.SerialPortManager - Cannot write, serial port is not open.
2025-11-15 18:24:56.271 [main] ERROR com.otabi.jcodroneedu.SerialPortManager - Cannot write, serial port is not open.
2025-11-15 18:24:56.332 [main] ERROR com.otabi.jcodroneedu.SerialPortManager - Cannot write, serial port is not open.
2025-11-15 18:24:56.392 [main] ERROR com.otabi.jcodroneedu.SerialPortManager - Cannot write, serial port is not open.
2025-11-15 18:24:56.451 [main] ERROR com.otabi.jcodroneedu.SerialPortManager - Cannot write, serial port is not open.
2025-11-15 18:24:56.508 [main] ERROR com.otabi.jcodroneedu.SerialPortManager - Cannot write, serial port is not open.
2025-11-15 18:24:56.570 [main] ERROR com.otabi.jcodroneedu.SerialPortManager - Cannot write, serial port is not open.
2025-11-15 18:24:56.631 [main] ERROR com.otabi.jcodroneedu.SerialPortManager - Cannot write, serial port is not open.
2025-11-15 18:24:56.692 [main] ERROR com.otabi.jcodroneedu.SerialPortManager - Cannot write, serial port is not open.
2025-11-15 18:24:56.752 [main] ERROR com.otabi.jcodroneedu.SerialPortManager - Cannot write, serial port is not open.
2025-11-15 18:24:56.812 [main] ERROR com.otabi.jcodroneedu.SerialPortManager - Cannot write, serial port is not open.
2025-11-15 18:24:56.870 [main] ERROR com.otabi.jcodroneedu.SerialPortManager - Cannot write, serial port is not open.
2025-11-15 18:24:56.929 [main] ERROR com.otabi.jcodroneedu.SerialPortManager - Cannot write, serial port is not open.
2025-11-15 18:24:56.992 [main] ERROR com.otabi.jcodroneedu.SerialPortManager - Cannot write, serial port is not open.
2025-11-15 18:24:57.052 [main] ERROR com.otabi.jcodroneedu.SerialPortManager - Cannot write, serial port is not open.
2025-11-15 18:24:57.112 [main] ERROR com.otabi.jcodroneedu.SerialPortManager - Cannot write, serial port is not open.
2025-11-15 18:24:57.169 [main] ERROR com.otabi.jcodroneedu.SerialPortManager - Cannot write, serial port is not open.
2025-11-15 18:24:57.232 [main] ERROR com.otabi.jcodroneedu.SerialPortManager - Cannot write, serial port is not open.
2025-11-15 18:24:57.292 [main] ERROR com.otabi.jcodroneedu.SerialPortManager - Cannot write, serial port is not open.
2025-11-15 18:24:57.348 [main] ERROR com.otabi.jcodroneedu.SerialPortManager - Cannot write, serial port is not open.
2025-11-15 18:24:57.412 [main] ERROR com.otabi.jcodroneedu.SerialPortManager - Cannot write, serial port is not open.
2025-11-15 18:24:57.469 [main] ERROR com.otabi.jcodroneedu.SerialPortManager - Cannot write, serial port is not open.
2025-11-15 18:24:57.532 [main] ERROR com.otabi.jcodroneedu.SerialPortManager - Cannot write, serial port is not open.
2025-11-15 18:24:57.592 [main] ERROR com.otabi.jcodroneedu.SerialPortManager - Cannot write, serial port is not open.
2025-11-15 18:24:57.650 [main] ERROR com.otabi.jcodroneedu.SerialPortManager - Cannot write, serial port is not open.
2025-11-15 18:24:57.711 [main] ERROR com.otabi.jcodroneedu.SerialPortManager - Cannot write, serial port is not open.
2025-11-15 18:24:57.772 [main] ERROR com.otabi.jcodroneedu.SerialPortManager - Cannot write, serial port is not open.
2025-11-15 18:24:57.830 [main] ERROR com.otabi.jcodroneedu.SerialPortManager - Cannot write, serial port is not open.
2025-11-15 18:24:57.892 [main] ERROR com.otabi.jcodroneedu.SerialPortManager - Cannot write, serial port is not open.
2025-11-15 18:24:57.952 [main] ERROR com.otabi.jcodroneedu.SerialPortManager - Cannot write, serial port is not open.
2025-11-15 18:24:58.011 [main] ERROR com.otabi.jcodroneedu.SerialPortManager - Cannot write, serial port is not open.
2025-11-15 18:24:58.072 [main] ERROR com.otabi.jcodroneedu.SerialPortManager - Cannot write, serial port is not open.
2025-11-15 18:24:58.130 [main] ERROR com.otabi.jcodroneedu.SerialPortManager - Cannot write, serial port is not open.
2025-11-15 18:24:58.192 [main] ERROR com.otabi.jcodroneedu.SerialPortManager - Cannot write, serial port is not open.
2025-11-15 18:24:58.252 [main] ERROR com.otabi.jcodroneedu.SerialPortManager - Cannot write, serial port is not open.
2025-11-15 18:24:58.312 [main] ERROR com.otabi.jcodroneedu.SerialPortManager - Cannot write, serial port is not open.
2025-11-15 18:24:58.370 [main] ERROR com.otabi.jcodroneedu.SerialPortManager - Cannot write, serial port is not open.
2025-11-15 18:24:58.431 [main] ERROR com.otabi.jcodroneedu.SerialPortManager - Cannot write, serial port is not open.
2025-11-15 18:24:58.488 [main] ERROR com.otabi.jcodroneedu.SerialPortManager - Cannot write, serial port is not open.
2025-11-15 18:24:58.549 [main] ERROR com.otabi.jcodroneedu.SerialPortManager - Cannot write, serial port is not open.
2025-11-15 18:24:58.611 [main] ERROR com.otabi.jcodroneedu.SerialPortManager - Cannot write, serial port is not open.
2025-11-15 18:24:58.671 [main] ERROR com.otabi.jcodroneedu.SerialPortManager - Cannot write, serial port is not open.
2025-11-15 18:24:58.733 [main] ERROR com.otabi.jcodroneedu.SerialPortManager - Cannot write, serial port is not open.
2025-11-15 18:24:58.789 [main] ERROR com.otabi.jcodroneedu.SerialPortManager - Cannot write, serial port is not open.
2025-11-15 18:24:58.858 [main] ERROR com.otabi.jcodroneedu.SerialPortManager - Cannot write, serial port is not open.
2025-11-15 18:24:58.910 [main] ERROR com.otabi.jcodroneedu.SerialPortManager - Cannot write, serial port is not open.
2025-11-15 18:24:58.975 [main] ERROR com.otabi.jcodroneedu.SerialPortManager - Cannot write, serial port is not open.
2025-11-15 18:24:59.029 [main] ERROR com.otabi.jcodroneedu.SerialPortManager - Cannot write, serial port is not open.
2025-11-15 18:24:59.092 [main] ERROR com.otabi.jcodroneedu.SerialPortManager - Cannot write, serial port is not open.
2025-11-15 18:24:59.151 [main] ERROR com.otabi.jcodroneedu.SerialPortManager - Cannot write, serial port is not open.
2025-11-15 18:24:59.212 [main] ERROR com.otabi.jcodroneedu.SerialPortManager - Cannot write, serial port is not open.
2025-11-15 18:24:59.271 [main] ERROR com.otabi.jcodroneedu.SerialPortManager - Cannot write, serial port is not open.
2025-11-15 18:24:59.330 [main] ERROR com.otabi.jcodroneedu.SerialPortManager - Cannot write, serial port is not open.
2025-11-15 18:24:59.387 [main] ERROR com.otabi.jcodroneedu.SerialPortManager - Cannot write, serial port is not open.
2025-11-15 18:24:59.449 [main] ERROR com.otabi.jcodroneedu.SerialPortManager - Cannot write, serial port is not open.
2025-11-15 18:24:59.512 [main] ERROR com.otabi.jcodroneedu.SerialPortManager - Cannot write, serial port is not open.
2025-11-15 18:24:59.567 [main] ERROR com.otabi.jcodroneedu.SerialPortManager - Cannot write, serial port is not open.
2025-11-15 18:24:59.629 [main] ERROR com.otabi.jcodroneedu.SerialPortManager - Cannot write, serial port is not open.
2025-11-15 18:24:59.689 [main] ERROR com.otabi.jcodroneedu.SerialPortManager - Cannot write, serial port is not open.
2025-11-15 18:24:59.787 [main] ERROR com.otabi.jcodroneedu.SerialPortManager - Cannot write, serial port is not open.
2025-11-15 18:24:59.818 [main] ERROR com.otabi.jcodroneedu.SerialPortManager - Cannot write, serial port is not open.
2025-11-15 18:24:59.872 [main] ERROR com.otabi.jcodroneedu.SerialPortManager - Cannot write, serial port is not open.
2025-11-15 18:24:59.929 [main] ERROR com.otabi.jcodroneedu.SerialPortManager - Cannot write, serial port is not open.
2025-11-15 18:24:59.991 [main] ERROR com.otabi.jcodroneedu.SerialPortManager - Cannot write, serial port is not open.
2025-11-15 18:25:00.052 [main] ERROR com.otabi.jcodroneedu.SerialPortManager - Cannot write, serial port is not open.
2025-11-15 18:25:00.111 [main] ERROR com.otabi.jcodroneedu.SerialPortManager - Cannot write, serial port is not open.
2025-11-15 18:25:00.178 [main] ERROR com.otabi.jcodroneedu.SerialPortManager - Cannot write, serial port is not open.
2025-11-15 18:25:00.228 [main] ERROR com.otabi.jcodroneedu.SerialPortManager - Cannot write, serial port is not open.
2025-11-15 18:25:00.290 [main] ERROR com.otabi.jcodroneedu.SerialPortManager - Cannot write, serial port is not open.
2025-11-15 18:25:00.347 [main] ERROR com.otabi.jcodroneedu.SerialPortManager - Cannot write, serial port is not open.
2025-11-15 18:25:00.408 [main] ERROR com.otabi.jcodroneedu.SerialPortManager - Cannot write, serial port is not open.
2025-11-15 18:25:00.470 [main] ERROR com.otabi.jcodroneedu.SerialPortManager - Cannot write, serial port is not open.
2025-11-15 18:25:00.528 [main] ERROR com.otabi.jcodroneedu.SerialPortManager - Cannot write, serial port is not open.
2025-11-15 18:25:00.589 [main] ERROR com.otabi.jcodroneedu.SerialPortManager - Cannot write, serial port is not open.
2025-11-15 18:25:00.652 [main] ERROR com.otabi.jcodroneedu.SerialPortManager - Cannot write, serial port is not open.
2025-11-15 18:25:00.712 [main] ERROR com.otabi.jcodroneedu.SerialPortManager - Cannot write, serial port is not open.
2025-11-15 18:25:00.771 [main] ERROR com.otabi.jcodroneedu.SerialPortManager - Cannot write, serial port is not open.
2025-11-15 18:25:00.829 [main] ERROR com.otabi.jcodroneedu.SerialPortManager - Cannot write, serial port is not open.
2025-11-15 18:25:00.891 [main] ERROR com.otabi.jcodroneedu.SerialPortManager - Cannot write, serial port is not open.
2025-11-15 18:25:00.947 [main] ERROR com.otabi.jcodroneedu.SerialPortManager - Cannot write, serial port is not open.
2025-11-15 18:25:01.009 [main] ERROR com.otabi.jcodroneedu.SerialPortManager - Cannot write, serial port is not open.
2025-11-15 18:25:01.072 [main] ERROR com.otabi.jcodroneedu.SerialPortManager - Cannot write, serial port is not open.
2025-11-15 18:25:01.132 [main] ERROR com.otabi.jcodroneedu.SerialPortManager - Cannot write, serial port is not open.
2025-11-15 18:25:01.191 [main] ERROR com.otabi.jcodroneedu.SerialPortManager - Cannot write, serial port is not open.
2025-11-15 18:25:01.248 [main] ERROR com.otabi.jcodroneedu.SerialPortManager - Cannot write, serial port is not open.
2025-11-15 18:25:01.312 [main] ERROR com.otabi.jcodroneedu.SerialPortManager - Cannot write, serial port is not open.
2025-11-15 18:25:01.368 [main] ERROR com.otabi.jcodroneedu.SerialPortManager - Cannot write, serial port is not open.
2025-11-15 18:25:01.427 [main] ERROR com.otabi.jcodroneedu.SerialPortManager - Cannot write, serial port is not open.
2025-11-15 18:25:01.488 [main] ERROR com.otabi.jcodroneedu.SerialPortManager - Cannot write, serial port is not open.
2025-11-15 18:25:01.552 [main] ERROR com.otabi.jcodroneedu.SerialPortManager - Cannot write, serial port is not open.
2025-11-15 18:25:01.611 [main] ERROR com.otabi.jcodroneedu.SerialPortManager - Cannot write, serial port is not open.
2025-11-15 18:25:01.672 [main] ERROR com.otabi.jcodroneedu.SerialPortManager - Cannot write, serial port is not open.
2025-11-15 18:25:01.728 [main] ERROR com.otabi.jcodroneedu.SerialPortManager - Cannot write, serial port is not open.
2025-11-15 18:25:01.791 [main] ERROR com.otabi.jcodroneedu.SerialPortManager - Cannot write, serial port is not open.
2025-11-15 18:25:01.849 [main] ERROR com.otabi.jcodroneedu.SerialPortManager - Cannot write, serial port is not open.
2025-11-15 18:25:01.911 [main] ERROR com.otabi.jcodroneedu.SerialPortManager - Cannot write, serial port is not open.
2025-11-15 18:25:01.968 [main] ERROR com.otabi.jcodroneedu.SerialPortManager - Cannot write, serial port is not open.
2025-11-15 18:25:02.031 [main] ERROR com.otabi.jcodroneedu.SerialPortManager - Cannot write, serial port is not open.
2025-11-15 18:25:02.088 [main] ERROR com.otabi.jcodroneedu.SerialPortManager - Cannot write, serial port is not open.
2025-11-15 18:25:02.149 [main] ERROR com.otabi.jcodroneedu.SerialPortManager - Cannot write, serial port is not open.
2025-11-15 18:25:02.212 [main] ERROR com.otabi.jcodroneedu.SerialPortManager - Cannot write, serial port is not open.
2025-11-15 18:25:02.268 [main] ERROR com.otabi.jcodroneedu.SerialPortManager - Cannot write, serial port is not open.
2025-11-15 18:25:02.330 [main] ERROR com.otabi.jcodroneedu.SerialPortManager - Cannot write, serial port is not open.
2025-11-15 18:25:02.390 [main] ERROR com.otabi.jcodroneedu.SerialPortManager - Cannot write, serial port is not open.
2025-11-15 18:25:02.452 [main] ERROR com.otabi.jcodroneedu.SerialPortManager - Cannot write, serial port is not open.
2025-11-15 18:25:02.512 [main] ERROR com.otabi.jcodroneedu.SerialPortManager - Cannot write, serial port is not open.
2025-11-15 18:25:02.568 [main] ERROR com.otabi.jcodroneedu.SerialPortManager - Cannot write, serial port is not open.
2025-11-15 18:25:02.630 [main] ERROR com.otabi.jcodroneedu.SerialPortManager - Cannot write, serial port is not open.
2025-11-15 18:25:02.691 [main] ERROR com.otabi.jcodroneedu.SerialPortManager - Cannot write, serial port is not open.
2025-11-15 18:25:02.751 [main] ERROR com.otabi.jcodroneedu.SerialPortManager - Cannot write, serial port is not open.
2025-11-15 18:25:02.812 [main] ERROR com.otabi.jcodroneedu.SerialPortManager - Cannot write, serial port is not open.
2025-11-15 18:25:02.871 [main] ERROR com.otabi.jcodroneedu.SerialPortManager - Cannot write, serial port is not open.
2025-11-15 18:25:02.929 [main] ERROR com.otabi.jcodroneedu.SerialPortManager - Cannot write, serial port is not open.
2025-11-15 18:25:02.991 [main] ERROR com.otabi.jcodroneedu.SerialPortManager - Cannot write, serial port is not open.
2025-11-15 18:25:03.048 [main] ERROR com.otabi.jcodroneedu.SerialPortManager - Cannot write, serial port is not open.
2025-11-15 18:25:03.112 [main] ERROR com.otabi.jcodroneedu.SerialPortManager - Cannot write, serial port is not open.
2025-11-15 18:25:03.172 [main] ERROR com.otabi.jcodroneedu.SerialPortManager - Cannot write, serial port is not open.
2025-11-15 18:25:03.232 [main] ERROR com.otabi.jcodroneedu.SerialPortManager - Cannot write, serial port is not open.
2025-11-15 18:25:03.289 [main] ERROR com.otabi.jcodroneedu.SerialPortManager - Cannot write, serial port is not open.
2025-11-15 18:25:03.350 [main] ERROR com.otabi.jcodroneedu.SerialPortManager - Cannot write, serial port is not open.
2025-11-15 18:25:03.412 [main] ERROR com.otabi.jcodroneedu.SerialPortManager - Cannot write, serial port is not open.
2025-11-15 18:25:03.470 [main] ERROR com.otabi.jcodroneedu.SerialPortManager - Cannot write, serial port is not open.
2025-11-15 18:25:03.532 [main] ERROR com.otabi.jcodroneedu.SerialPortManager - Cannot write, serial port is not open.
2025-11-15 18:25:03.590 [main] ERROR com.otabi.jcodroneedu.SerialPortManager - Cannot write, serial port is not open.
2025-11-15 18:25:03.652 [main] ERROR com.otabi.jcodroneedu.SerialPortManager - Cannot write, serial port is not open.
2025-11-15 18:25:03.707 [main] ERROR com.otabi.jcodroneedu.SerialPortManager - Cannot write, serial port is not open.
2025-11-15 18:25:03.768 [main] ERROR com.otabi.jcodroneedu.SerialPortManager - Cannot write, serial port is not open.
2025-11-15 18:25:03.829 [main] ERROR com.otabi.jcodroneedu.SerialPortManager - Cannot write, serial port is not open.
2025-11-15 18:25:03.889 [main] ERROR com.otabi.jcodroneedu.SerialPortManager - Cannot write, serial port is not open.
2025-11-15 18:25:03.947 [main] ERROR com.otabi.jcodroneedu.SerialPortManager - Cannot write, serial port is not open.
2025-11-15 18:25:04.008 [main] ERROR com.otabi.jcodroneedu.SerialPortManager - Cannot write, serial port is not open.
2025-11-15 18:25:04.069 [main] ERROR com.otabi.jcodroneedu.SerialPortManager - Cannot write, serial port is not open.
2025-11-15 18:25:04.131 [main] ERROR com.otabi.jcodroneedu.SerialPortManager - Cannot write, serial port is not open.
2025-11-15 18:25:04.192 [main] ERROR com.otabi.jcodroneedu.SerialPortManager - Cannot write, serial port is not open.
2025-11-15 18:25:04.252 [main] ERROR com.otabi.jcodroneedu.SerialPortManager - Cannot write, serial port is not open.
2025-11-15 18:25:04.309 [main] ERROR com.otabi.jcodroneedu.SerialPortManager - Cannot write, serial port is not open.
2025-11-15 18:25:04.369 [main] ERROR com.otabi.jcodroneedu.SerialPortManager - Cannot write, serial port is not open.
2025-11-15 18:25:04.431 [main] ERROR com.otabi.jcodroneedu.SerialPortManager - Cannot write, serial port is not open.
2025-11-15 18:25:04.491 [main] ERROR com.otabi.jcodroneedu.SerialPortManager - Cannot write, serial port is not open.
2025-11-15 18:25:04.552 [main] ERROR com.otabi.jcodroneedu.SerialPortManager - Cannot write, serial port is not open.
2025-11-15 18:25:04.611 [main] ERROR com.otabi.jcodroneedu.SerialPortManager - Cannot write, serial port is not open.
2025-11-15 18:25:04.672 [main] ERROR com.otabi.jcodroneedu.SerialPortManager - Cannot write, serial port is not open.
2025-11-15 18:25:04.729 [main] ERROR com.otabi.jcodroneedu.SerialPortManager - Cannot write, serial port is not open.
2025-11-15 18:25:04.787 [main] ERROR com.otabi.jcodroneedu.SerialPortManager - Cannot write, serial port is not open.
2025-11-15 18:25:04.848 [main] ERROR com.otabi.jcodroneedu.SerialPortManager - Cannot write, serial port is not open.
2025-11-15 18:25:04.908 [main] ERROR com.otabi.jcodroneedu.SerialPortManager - Cannot write, serial port is not open.
2025-11-15 18:25:04.968 [main] ERROR com.otabi.jcodroneedu.SerialPortManager - Cannot write, serial port is not open.
2025-11-15 18:25:05.029 [main] ERROR com.otabi.jcodroneedu.SerialPortManager - Cannot write, serial port is not open.
2025-11-15 18:25:05.092 [main] ERROR com.otabi.jcodroneedu.SerialPortManager - Cannot write, serial port is not open.
2025-11-15 18:25:05.152 [main] ERROR com.otabi.jcodroneedu.SerialPortManager - Cannot write, serial port is not open.
2025-11-15 18:25:05.210 [main] ERROR com.otabi.jcodroneedu.SerialPortManager - Cannot write, serial port is not open.
2025-11-15 18:25:05.269 [main] ERROR com.otabi.jcodroneedu.SerialPortManager - Cannot write, serial port is not open.
2025-11-15 18:25:05.330 [main] ERROR com.otabi.jcodroneedu.SerialPortManager - Cannot write, serial port is not open.
2025-11-15 18:25:05.392 [main] ERROR com.otabi.jcodroneedu.SerialPortManager - Cannot write, serial port is not open.
2025-11-15 18:25:05.451 [main] ERROR com.otabi.jcodroneedu.SerialPortManager - Cannot write, serial port is not open.
2025-11-15 18:25:05.510 [main] ERROR com.otabi.jcodroneedu.SerialPortManager - Cannot write, serial port is not open.
2025-11-15 18:25:05.570 [main] ERROR com.otabi.jcodroneedu.SerialPortManager - Cannot write, serial port is not open.
2025-11-15 18:25:05.629 [main] ERROR com.otabi.jcodroneedu.SerialPortManager - Cannot write, serial port is not open.
2025-11-15 18:25:05.691 [main] ERROR com.otabi.jcodroneedu.SerialPortManager - Cannot write, serial port is not open.
2025-11-15 18:25:05.748 [main] ERROR com.otabi.jcodroneedu.SerialPortManager - Cannot write, serial port is not open.
2025-11-15 18:25:05.808 [main] ERROR com.otabi.jcodroneedu.SerialPortManager - Cannot write, serial port is not open.
2025-11-15 18:25:05.869 [main] ERROR com.otabi.jcodroneedu.SerialPortManager - Cannot write, serial port is not open.
2025-11-15 18:25:05.931 [main] ERROR com.otabi.jcodroneedu.SerialPortManager - Cannot write, serial port is not open.
2025-11-15 18:25:05.987 [main] ERROR com.otabi.jcodroneedu.SerialPortManager - Cannot write, serial port is not open.
2025-11-15 18:25:06.052 [main] ERROR com.otabi.jcodroneedu.SerialPortManager - Cannot write, serial port is not open.
2025-11-15 18:25:06.111 [main] ERROR com.otabi.jcodroneedu.SerialPortManager - Cannot write, serial port is not open.
2025-11-15 18:25:06.171 [main] ERROR com.otabi.jcodroneedu.SerialPortManager - Cannot write, serial port is not open.
2025-11-15 18:25:06.231 [main] ERROR com.otabi.jcodroneedu.SerialPortManager - Cannot write, serial port is not open.
2025-11-15 18:25:06.289 [main] ERROR com.otabi.jcodroneedu.SerialPortManager - Cannot write, serial port is not open.
2025-11-15 18:25:06.351 [main] ERROR com.otabi.jcodroneedu.SerialPortManager - Cannot write, serial port is not open.
2025-11-15 18:25:06.410 [main] ERROR com.otabi.jcodroneedu.SerialPortManager - Cannot write, serial port is not open.
2025-11-15 18:25:06.472 [main] ERROR com.otabi.jcodroneedu.SerialPortManager - Cannot write, serial port is not open.
2025-11-15 18:25:06.531 [main] ERROR com.otabi.jcodroneedu.SerialPortManager - Cannot write, serial port is not open.
2025-11-15 18:25:06.587 [main] ERROR com.otabi.jcodroneedu.SerialPortManager - Cannot write, serial port is not open.
2025-11-15 18:25:06.650 [main] ERROR com.otabi.jcodroneedu.SerialPortManager - Cannot write, serial port is not open.
2025-11-15 18:25:06.712 [main] ERROR com.otabi.jcodroneedu.SerialPortManager - Cannot write, serial port is not open.
2025-11-15 18:25:06.767 [main] ERROR com.otabi.jcodroneedu.SerialPortManager - Cannot write, serial port is not open.
2025-11-15 18:25:06.829 [main] ERROR com.otabi.jcodroneedu.SerialPortManager - Cannot write, serial port is not open.
2025-11-15 18:25:06.892 [main] ERROR com.otabi.jcodroneedu.SerialPortManager - Cannot write, serial port is not open.
2025-11-15 18:25:06.952 [main] ERROR com.otabi.jcodroneedu.SerialPortManager - Cannot write, serial port is not open.
2025-11-15 18:25:07.012 [main] ERROR com.otabi.jcodroneedu.SerialPortManager - Cannot write, serial port is not open.
2025-11-15 18:25:07.069 [main] ERROR com.otabi.jcodroneedu.SerialPortManager - Cannot write, serial port is not open.
2025-11-15 18:25:07.131 [main] ERROR com.otabi.jcodroneedu.SerialPortManager - Cannot write, serial port is not open.
2025-11-15 18:25:07.189 [main] ERROR com.otabi.jcodroneedu.SerialPortManager - Cannot write, serial port is not open.
2025-11-15 18:25:07.251 [main] ERROR com.otabi.jcodroneedu.SerialPortManager - Cannot write, serial port is not open.
2025-11-15 18:25:07.312 [main] ERROR com.otabi.jcodroneedu.SerialPortManager - Cannot write, serial port is not open.
2025-11-15 18:25:07.367 [main] ERROR com.otabi.jcodroneedu.SerialPortManager - Cannot write, serial port is not open.
2025-11-15 18:25:07.430 [main] ERROR com.otabi.jcodroneedu.SerialPortManager - Cannot write, serial port is not open.
2025-11-15 18:25:07.489 [main] ERROR com.otabi.jcodroneedu.SerialPortManager - Cannot write, serial port is not open.
2025-11-15 18:25:07.548 [main] ERROR com.otabi.jcodroneedu.SerialPortManager - Cannot write, serial port is not open.
2025-11-15 18:25:07.609 [main] ERROR com.otabi.jcodroneedu.SerialPortManager - Cannot write, serial port is not open.
2025-11-15 18:25:07.668 [main] ERROR com.otabi.jcodroneedu.SerialPortManager - Cannot write, serial port is not open.
2025-11-15 18:25:07.730 [main] ERROR com.otabi.jcodroneedu.SerialPortManager - Cannot write, serial port is not open.
2025-11-15 18:25:07.791 [main] ERROR com.otabi.jcodroneedu.SerialPortManager - Cannot write, serial port is not open.
2025-11-15 18:25:07.849 [main] ERROR com.otabi.jcodroneedu.SerialPortManager - Cannot write, serial port is not open.
2025-11-15 18:25:07.909 [main] ERROR com.otabi.jcodroneedu.SerialPortManager - Cannot write, serial port is not open.
2025-11-15 18:25:07.969 [main] ERROR com.otabi.jcodroneedu.SerialPortManager - Cannot write, serial port is not open.
2025-11-15 18:25:08.031 [main] ERROR com.otabi.jcodroneedu.SerialPortManager - Cannot write, serial port is not open.
2025-11-15 18:25:08.091 [main] ERROR com.otabi.jcodroneedu.SerialPortManager - Cannot write, serial port is not open.
2025-11-15 18:25:08.151 [main] ERROR com.otabi.jcodroneedu.SerialPortManager - Cannot write, serial port is not open.
2025-11-15 18:25:08.208 [main] ERROR com.otabi.jcodroneedu.SerialPortManager - Cannot write, serial port is not open.
2025-11-15 18:25:08.272 [main] ERROR com.otabi.jcodroneedu.SerialPortManager - Cannot write, serial port is not open.
2025-11-15 18:25:08.328 [main] ERROR com.otabi.jcodroneedu.SerialPortManager - Cannot write, serial port is not open.
2025-11-15 18:25:08.388 [main] ERROR com.otabi.jcodroneedu.SerialPortManager - Cannot write, serial port is not open.
2025-11-15 18:25:08.452 [main] ERROR com.otabi.jcodroneedu.SerialPortManager - Cannot write, serial port is not open.
2025-11-15 18:25:08.511 [main] ERROR com.otabi.jcodroneedu.SerialPortManager - Cannot write, serial port is not open.
2025-11-15 18:25:08.587 [main] ERROR com.otabi.jcodroneedu.SerialPortManager - Cannot write, serial port is not open.
2025-11-15 18:25:08.646 [main] ERROR com.otabi.jcodroneedu.SerialPortManager - Cannot write, serial port is not open.
2025-11-15 18:25:08.687 [main] ERROR com.otabi.jcodroneedu.SerialPortManager - Cannot write, serial port is not open.
2025-11-15 18:25:08.750 [main] ERROR com.otabi.jcodroneedu.SerialPortManager - Cannot write, serial port is not open.
2025-11-15 18:25:08.811 [main] ERROR com.otabi.jcodroneedu.SerialPortManager - Cannot write, serial port is not open.
2025-11-15 18:25:08.872 [main] ERROR com.otabi.jcodroneedu.SerialPortManager - Cannot write, serial port is not open.
2025-11-15 18:25:08.929 [main] ERROR com.otabi.jcodroneedu.SerialPortManager - Cannot write, serial port is not open.
2025-11-15 18:25:08.988 [main] ERROR com.otabi.jcodroneedu.SerialPortManager - Cannot write, serial port is not open.
2025-11-15 18:25:09.047 [main] ERROR com.otabi.jcodroneedu.SerialPortManager - Cannot write, serial port is not open.
2025-11-15 18:25:09.110 [main] ERROR com.otabi.jcodroneedu.SerialPortManager - Cannot write, serial port is not open.
2025-11-15 18:25:09.172 [main] ERROR com.otabi.jcodroneedu.SerialPortManager - Cannot write, serial port is not open.
2025-11-15 18:25:09.231 [main] ERROR com.otabi.jcodroneedu.SerialPortManager - Cannot write, serial port is not open.
2025-11-15 18:25:09.288 [main] ERROR com.otabi.jcodroneedu.SerialPortManager - Cannot write, serial port is not open.
2025-11-15 18:25:09.349 [main] ERROR com.otabi.jcodroneedu.SerialPortManager - Cannot write, serial port is not open.
2025-11-15 18:25:09.412 [main] ERROR com.otabi.jcodroneedu.SerialPortManager - Cannot write, serial port is not open.
2025-11-15 18:25:09.468 [main] ERROR com.otabi.jcodroneedu.SerialPortManager - Cannot write, serial port is not open.
2025-11-15 18:25:09.528 [main] ERROR com.otabi.jcodroneedu.SerialPortManager - Cannot write, serial port is not open.
2025-11-15 18:25:09.590 [main] ERROR com.otabi.jcodroneedu.SerialPortManager - Cannot write, serial port is not open.
2025-11-15 18:25:09.649 [main] ERROR com.otabi.jcodroneedu.SerialPortManager - Cannot write, serial port is not open.
2025-11-15 18:25:09.711 [main] ERROR com.otabi.jcodroneedu.SerialPortManager - Cannot write, serial port is not open.
2025-11-15 18:25:09.769 [main] ERROR com.otabi.jcodroneedu.SerialPortManager - Cannot write, serial port is not open.
2025-11-15 18:25:09.831 [main] ERROR com.otabi.jcodroneedu.SerialPortManager - Cannot write, serial port is not open.
2025-11-15 18:25:09.889 [main] ERROR com.otabi.jcodroneedu.SerialPortManager - Cannot write, serial port is not open.
2025-11-15 18:25:09.949 [main] ERROR com.otabi.jcodroneedu.SerialPortManager - Cannot write, serial port is not open.
2025-11-15 18:25:10.008 [main] ERROR com.otabi.jcodroneedu.SerialPortManager - Cannot write, serial port is not open.
2025-11-15 18:25:10.067 [main] ERROR com.otabi.jcodroneedu.SerialPortManager - Cannot write, serial port is not open.
2025-11-15 18:25:10.129 [main] ERROR com.otabi.jcodroneedu.SerialPortManager - Cannot write, serial port is not open.
2025-11-15 18:25:10.192 [main] ERROR com.otabi.jcodroneedu.SerialPortManager - Cannot write, serial port is not open.
2025-11-15 18:25:10.252 [main] ERROR com.otabi.jcodroneedu.SerialPortManager - Cannot write, serial port is not open.
2025-11-15 18:25:10.312 [main] ERROR com.otabi.jcodroneedu.SerialPortManager - Cannot write, serial port is not open.
2025-11-15 18:25:10.368 [main] ERROR com.otabi.jcodroneedu.SerialPortManager - Cannot write, serial port is not open.
2025-11-15 18:25:10.429 [main] ERROR com.otabi.jcodroneedu.SerialPortManager - Cannot write, serial port is not open.
2025-11-15 18:25:10.492 [main] ERROR com.otabi.jcodroneedu.SerialPortManager - Cannot write, serial port is not open.
2025-11-15 18:25:10.552 [main] ERROR com.otabi.jcodroneedu.SerialPortManager - Cannot write, serial port is not open.
2025-11-15 18:25:10.607 [main] ERROR com.otabi.jcodroneedu.SerialPortManager - Cannot write, serial port is not open.
2025-11-15 18:25:10.668 [main] ERROR com.otabi.jcodroneedu.SerialPortManager - Cannot write, serial port is not open.
2025-11-15 18:25:10.732 [main] ERROR com.otabi.jcodroneedu.SerialPortManager - Cannot write, serial port is not open.
2025-11-15 18:25:10.791 [main] ERROR com.otabi.jcodroneedu.SerialPortManager - Cannot write, serial port is not open.
2025-11-15 18:25:10.849 [main] ERROR com.otabi.jcodroneedu.SerialPortManager - Cannot write, serial port is not open.
2025-11-15 18:25:10.912 [main] ERROR com.otabi.jcodroneedu.SerialPortManager - Cannot write, serial port is not open.
2025-11-15 18:25:10.968 [main] ERROR com.otabi.jcodroneedu.SerialPortManager - Cannot write, serial port is not open.
2025-11-15 18:25:11.032 [main] ERROR com.otabi.jcodroneedu.SerialPortManager - Cannot write, serial port is not open.
2025-11-15 18:25:11.088 [main] ERROR com.otabi.jcodroneedu.SerialPortManager - Cannot write, serial port is not open.
2025-11-15 18:25:11.149 [main] ERROR com.otabi.jcodroneedu.SerialPortManager - Cannot write, serial port is not open.
2025-11-15 18:25:11.212 [main] ERROR com.otabi.jcodroneedu.SerialPortManager - Cannot write, serial port is not open.
2025-11-15 18:25:11.267 [main] ERROR com.otabi.jcodroneedu.SerialPortManager - Cannot write, serial port is not open.
2025-11-15 18:25:11.329 [main] ERROR com.otabi.jcodroneedu.SerialPortManager - Cannot write, serial port is not open.
2025-11-15 18:25:11.392 [main] ERROR com.otabi.jcodroneedu.SerialPortManager - Cannot write, serial port is not open.
2025-11-15 18:25:11.452 [main] ERROR com.otabi.jcodroneedu.SerialPortManager - Cannot write, serial port is not open.
2025-11-15 18:25:11.511 [main] ERROR com.otabi.jcodroneedu.SerialPortManager - Cannot write, serial port is not open.
2025-11-15 18:25:11.571 [main] ERROR com.otabi.jcodroneedu.SerialPortManager - Cannot write, serial port is not open.
2025-11-15 18:25:11.631 [main] ERROR com.otabi.jcodroneedu.SerialPortManager - Cannot write, serial port is not open.
2025-11-15 18:25:11.692 [main] ERROR com.otabi.jcodroneedu.SerialPortManager - Cannot write, serial port is not open.
2025-11-15 18:25:11.750 [main] ERROR com.otabi.jcodroneedu.SerialPortManager - Cannot write, serial port is not open.
2025-11-15 18:25:11.812 [main] ERROR com.otabi.jcodroneedu.SerialPortManager - Cannot write, serial port is not open.
2025-11-15 18:25:11.870 [main] ERROR com.otabi.jcodroneedu.SerialPortManager - Cannot write, serial port is not open.
2025-11-15 18:25:11.929 [main] ERROR com.otabi.jcodroneedu.SerialPortManager - Cannot write, serial port is not open.
2025-11-15 18:25:11.992 [main] ERROR com.otabi.jcodroneedu.SerialPortManager - Cannot write, serial port is not open.
2025-11-15 18:25:12.049 [main] ERROR com.otabi.jcodroneedu.SerialPortManager - Cannot write, serial port is not open.
2025-11-15 18:25:12.112 [main] ERROR com.otabi.jcodroneedu.SerialPortManager - Cannot write, serial port is not open.
2025-11-15 18:25:12.167 [main] ERROR com.otabi.jcodroneedu.SerialPortManager - Cannot write, serial port is not open.
2025-11-15 18:25:12.230 [main] ERROR com.otabi.jcodroneedu.SerialPortManager - Cannot write, serial port is not open.
2025-11-15 18:25:12.287 [main] ERROR com.otabi.jcodroneedu.SerialPortManager - Cannot write, serial port is not open.
2025-11-15 18:25:12.352 [main] ERROR com.otabi.jcodroneedu.SerialPortManager - Cannot write, serial port is not open.
2025-11-15 18:25:12.408 [main] ERROR com.otabi.jcodroneedu.SerialPortManager - Cannot write, serial port is not open.
2025-11-15 18:25:12.467 [main] ERROR com.otabi.jcodroneedu.SerialPortManager - Cannot write, serial port is not open.
2025-11-15 18:25:12.530 [main] ERROR com.otabi.jcodroneedu.SerialPortManager - Cannot write, serial port is not open.
2025-11-15 18:25:12.587 [main] ERROR com.otabi.jcodroneedu.SerialPortManager - Cannot write, serial port is not open.
2025-11-15 18:25:12.648 [main] ERROR com.otabi.jcodroneedu.SerialPortManager - Cannot write, serial port is not open.
2025-11-15 18:25:12.708 [main] ERROR com.otabi.jcodroneedu.SerialPortManager - Cannot write, serial port is not open.
2025-11-15 18:25:12.767 [main] ERROR com.otabi.jcodroneedu.SerialPortManager - Cannot write, serial port is not open.
2025-11-15 18:25:12.831 [main] ERROR com.otabi.jcodroneedu.SerialPortManager - Cannot write, serial port is not open.
2025-11-15 18:25:12.891 [main] ERROR com.otabi.jcodroneedu.SerialPortManager - Cannot write, serial port is not open.
2025-11-15 18:25:12.950 [main] ERROR com.otabi.jcodroneedu.SerialPortManager - Cannot write, serial port is not open.
2025-11-15 18:25:13.010 [main] ERROR com.otabi.jcodroneedu.SerialPortManager - Cannot write, serial port is not open.
2025-11-15 18:25:13.070 [main] ERROR com.otabi.jcodroneedu.SerialPortManager - Cannot write, serial port is not open.
2025-11-15 18:25:13.129 [main] ERROR com.otabi.jcodroneedu.SerialPortManager - Cannot write, serial port is not open.
2025-11-15 18:25:13.192 [main] ERROR com.otabi.jcodroneedu.SerialPortManager - Cannot write, serial port is not open.
2025-11-15 18:25:13.249 [main] ERROR com.otabi.jcodroneedu.SerialPortManager - Cannot write, serial port is not open.
2025-11-15 18:25:13.312 [main] ERROR com.otabi.jcodroneedu.SerialPortManager - Cannot write, serial port is not open.
2025-11-15 18:25:13.372 [main] ERROR com.otabi.jcodroneedu.SerialPortManager - Cannot write, serial port is not open.
2025-11-15 18:25:13.429 [main] ERROR com.otabi.jcodroneedu.SerialPortManager - Cannot write, serial port is not open.
2025-11-15 18:25:13.492 [main] ERROR com.otabi.jcodroneedu.SerialPortManager - Cannot write, serial port is not open.
2025-11-15 18:25:13.551 [main] ERROR com.otabi.jcodroneedu.SerialPortManager - Cannot write, serial port is not open.
2025-11-15 18:25:13.612 [main] ERROR com.otabi.jcodroneedu.SerialPortManager - Cannot write, serial port is not open.
2025-11-15 18:25:13.669 [main] ERROR com.otabi.jcodroneedu.SerialPortManager - Cannot write, serial port is not open.
2025-11-15 18:25:13.731 [main] ERROR com.otabi.jcodroneedu.SerialPortManager - Cannot write, serial port is not open.
2025-11-15 18:25:13.788 [main] ERROR com.otabi.jcodroneedu.SerialPortManager - Cannot write, serial port is not open.
2025-11-15 18:25:13.852 [main] ERROR com.otabi.jcodroneedu.SerialPortManager - Cannot write, serial port is not open.
2025-11-15 18:25:13.912 [main] ERROR com.otabi.jcodroneedu.SerialPortManager - Cannot write, serial port is not open.
2025-11-15 18:25:13.970 [main] ERROR com.otabi.jcodroneedu.SerialPortManager - Cannot write, serial port is not open.
2025-11-15 18:25:14.027 [main] ERROR com.otabi.jcodroneedu.SerialPortManager - Cannot write, serial port is not open.
2025-11-15 18:25:14.092 [main] ERROR com.otabi.jcodroneedu.SerialPortManager - Cannot write, serial port is not open.
2025-11-15 18:25:14.152 [main] ERROR com.otabi.jcodroneedu.SerialPortManager - Cannot write, serial port is not open.
2025-11-15 18:25:14.212 [main] ERROR com.otabi.jcodroneedu.SerialPortManager - Cannot write, serial port is not open.
2025-11-15 18:25:14.272 [main] ERROR com.otabi.jcodroneedu.SerialPortManager - Cannot write, serial port is not open.
2025-11-15 18:25:14.332 [main] ERROR com.otabi.jcodroneedu.SerialPortManager - Cannot write, serial port is not open.
2025-11-15 18:25:14.388 [main] ERROR com.otabi.jcodroneedu.SerialPortManager - Cannot write, serial port is not open.
2025-11-15 18:25:14.452 [main] ERROR com.otabi.jcodroneedu.SerialPortManager - Cannot write, serial port is not open.
2025-11-15 18:25:14.511 [main] ERROR com.otabi.jcodroneedu.SerialPortManager - Cannot write, serial port is not open.
2025-11-15 18:25:14.570 [main] ERROR com.otabi.jcodroneedu.SerialPortManager - Cannot write, serial port is not open.
2025-11-15 18:25:14.629 [main] ERROR com.otabi.jcodroneedu.SerialPortManager - Cannot write, serial port is not open.
2025-11-15 18:25:14.689 [main] ERROR com.otabi.jcodroneedu.SerialPortManager - Cannot write, serial port is not open.
2025-11-15 18:25:14.747 [main] ERROR com.otabi.jcodroneedu.SerialPortManager - Cannot write, serial port is not open.
2025-11-15 18:25:14.807 [main] ERROR com.otabi.jcodroneedu.SerialPortManager - Cannot write, serial port is not open.
2025-11-15 18:25:14.868 [main] ERROR com.otabi.jcodroneedu.SerialPortManager - Cannot write, serial port is not open.
2025-11-15 18:25:14.931 [main] ERROR com.otabi.jcodroneedu.SerialPortManager - Cannot write, serial port is not open.
2025-11-15 18:25:14.992 [main] ERROR com.otabi.jcodroneedu.SerialPortManager - Cannot write, serial port is not open.
2025-11-15 18:25:15.051 [main] ERROR com.otabi.jcodroneedu.SerialPortManager - Cannot write, serial port is not open.
2025-11-15 18:25:15.108 [main] ERROR com.otabi.jcodroneedu.SerialPortManager - Cannot write, serial port is not open.
2025-11-15 18:25:15.171 [main] ERROR com.otabi.jcodroneedu.SerialPortManager - Cannot write, serial port is not open.
2025-11-15 18:25:15.229 [main] ERROR com.otabi.jcodroneedu.SerialPortManager - Cannot write, serial port is not open.
2025-11-15 18:25:15.287 [main] ERROR com.otabi.jcodroneedu.SerialPortManager - Cannot write, serial port is not open.
2025-11-15 18:25:15.348 [main] ERROR com.otabi.jcodroneedu.SerialPortManager - Cannot write, serial port is not open.
2025-11-15 18:25:15.409 [main] ERROR com.otabi.jcodroneedu.SerialPortManager - Cannot write, serial port is not open.
2025-11-15 18:25:15.467 [main] ERROR com.otabi.jcodroneedu.SerialPortManager - Cannot write, serial port is not open.
2025-11-15 18:25:15.530 [main] ERROR com.otabi.jcodroneedu.SerialPortManager - Cannot write, serial port is not open.
2025-11-15 18:25:15.588 [main] ERROR com.otabi.jcodroneedu.SerialPortManager - Cannot write, serial port is not open.
2025-11-15 18:25:15.650 [main] ERROR com.otabi.jcodroneedu.SerialPortManager - Cannot write, serial port is not open.
2025-11-15 18:25:15.711 [main] ERROR com.otabi.jcodroneedu.SerialPortManager - Cannot write, serial port is not open.
2025-11-15 18:25:15.770 [main] ERROR com.otabi.jcodroneedu.SerialPortManager - Cannot write, serial port is not open.
2025-11-15 18:25:15.829 [main] ERROR com.otabi.jcodroneedu.SerialPortManager - Cannot write, serial port is not open.
2025-11-15 18:25:15.890 [main] ERROR com.otabi.jcodroneedu.SerialPortManager - Cannot write, serial port is not open.
2025-11-15 18:25:15.951 [main] ERROR com.otabi.jcodroneedu.SerialPortManager - Cannot write, serial port is not open.
2025-11-15 18:25:16.008 [main] ERROR com.otabi.jcodroneedu.SerialPortManager - Cannot write, serial port is not open.
2025-11-15 18:25:16.068 [main] ERROR com.otabi.jcodroneedu.SerialPortManager - Cannot write, serial port is not open.
2025-11-15 18:25:16.129 [main] ERROR com.otabi.jcodroneedu.SerialPortManager - Cannot write, serial port is not open.
2025-11-15 18:25:16.192 [main] ERROR com.otabi.jcodroneedu.SerialPortManager - Cannot write, serial port is not open.
2025-11-15 18:25:16.251 [main] ERROR com.otabi.jcodroneedu.SerialPortManager - Cannot write, serial port is not open.
2025-11-15 18:25:16.310 [main] ERROR com.otabi.jcodroneedu.SerialPortManager - Cannot write, serial port is not open.
2025-11-15 18:25:16.369 [main] ERROR com.otabi.jcodroneedu.SerialPortManager - Cannot write, serial port is not open.
2025-11-15 18:25:16.429 [main] ERROR com.otabi.jcodroneedu.SerialPortManager - Cannot write, serial port is not open.
2025-11-15 18:25:16.488 [main] ERROR com.otabi.jcodroneedu.SerialPortManager - Cannot write, serial port is not open.
2025-11-15 18:25:16.552 [main] ERROR com.otabi.jcodroneedu.SerialPortManager - Cannot write, serial port is not open.
2025-11-15 18:25:16.612 [main] ERROR com.otabi.jcodroneedu.SerialPortManager - Cannot write, serial port is not open.
2025-11-15 18:25:16.669 [main] ERROR com.otabi.jcodroneedu.SerialPortManager - Cannot write, serial port is not open.
2025-11-15 18:25:16.730 [main] ERROR com.otabi.jcodroneedu.SerialPortManager - Cannot write, serial port is not open.
2025-11-15 18:25:16.792 [main] ERROR com.otabi.jcodroneedu.SerialPortManager - Cannot write, serial port is not open.
2025-11-15 18:25:16.847 [main] ERROR com.otabi.jcodroneedu.SerialPortManager - Cannot write, serial port is not open.
2025-11-15 18:25:16.908 [main] ERROR com.otabi.jcodroneedu.SerialPortManager - Cannot write, serial port is not open.
2025-11-15 18:25:16.970 [main] ERROR com.otabi.jcodroneedu.SerialPortManager - Cannot write, serial port is not open.
2025-11-15 18:25:17.029 [main] ERROR com.otabi.jcodroneedu.SerialPortManager - Cannot write, serial port is not open.
2025-11-15 18:25:17.092 [main] ERROR com.otabi.jcodroneedu.SerialPortManager - Cannot write, serial port is not open.
2025-11-15 18:25:17.147 [main] ERROR com.otabi.jcodroneedu.SerialPortManager - Cannot write, serial port is not open.
2025-11-15 18:25:17.210 [main] ERROR com.otabi.jcodroneedu.SerialPortManager - Cannot write, serial port is not open.
2025-11-15 18:25:17.270 [main] ERROR com.otabi.jcodroneedu.SerialPortManager - Cannot write, serial port is not open.
2025-11-15 18:25:17.331 [main] ERROR com.otabi.jcodroneedu.SerialPortManager - Cannot write, serial port is not open.
2025-11-15 18:25:17.387 [main] ERROR com.otabi.jcodroneedu.SerialPortManager - Cannot write, serial port is not open.
2025-11-15 18:25:17.449 [main] ERROR com.otabi.jcodroneedu.SerialPortManager - Cannot write, serial port is not open.
2025-11-15 18:25:17.512 [main] ERROR com.otabi.jcodroneedu.SerialPortManager - Cannot write, serial port is not open.
2025-11-15 18:25:17.572 [main] ERROR com.otabi.jcodroneedu.SerialPortManager - Cannot write, serial port is not open.
2025-11-15 18:25:17.628 [main] ERROR com.otabi.jcodroneedu.SerialPortManager - Cannot write, serial port is not open.
2025-11-15 18:25:17.691 [main] ERROR com.otabi.jcodroneedu.SerialPortManager - Cannot write, serial port is not open.
2025-11-15 18:25:17.751 [main] ERROR com.otabi.jcodroneedu.SerialPortManager - Cannot write, serial port is not open.
2025-11-15 18:25:17.809 [main] ERROR com.otabi.jcodroneedu.SerialPortManager - Cannot write, serial port is not open.
2025-11-15 18:25:17.870 [main] ERROR com.otabi.jcodroneedu.SerialPortManager - Cannot write, serial port is not open.
2025-11-15 18:25:17.929 [main] ERROR com.otabi.jcodroneedu.SerialPortManager - Cannot write, serial port is not open.
2025-11-15 18:25:17.988 [main] ERROR com.otabi.jcodroneedu.SerialPortManager - Cannot write, serial port is not open.
2025-11-15 18:25:18.051 [main] ERROR com.otabi.jcodroneedu.SerialPortManager - Cannot write, serial port is not open.
2025-11-15 18:25:18.110 [main] ERROR com.otabi.jcodroneedu.SerialPortManager - Cannot write, serial port is not open.
2025-11-15 18:25:18.167 [main] ERROR com.otabi.jcodroneedu.SerialPortManager - Cannot write, serial port is not open.
2025-11-15 18:25:18.229 [main] ERROR com.otabi.jcodroneedu.SerialPortManager - Cannot write, serial port is not open.
2025-11-15 18:25:18.288 [main] ERROR com.otabi.jcodroneedu.SerialPortManager - Cannot write, serial port is not open.
2025-11-15 18:25:18.351 [main] ERROR com.otabi.jcodroneedu.SerialPortManager - Cannot write, serial port is not open.
2025-11-15 18:25:18.412 [main] ERROR com.otabi.jcodroneedu.SerialPortManager - Cannot write, serial port is not open.
2025-11-15 18:25:18.468 [main] ERROR com.otabi.jcodroneedu.SerialPortManager - Cannot write, serial port is not open.
2025-11-15 18:25:18.531 [main] ERROR com.otabi.jcodroneedu.SerialPortManager - Cannot write, serial port is not open.
2025-11-15 18:25:18.588 [main] ERROR com.otabi.jcodroneedu.SerialPortManager - Cannot write, serial port is not open.
2025-11-15 18:25:18.647 [main] ERROR com.otabi.jcodroneedu.SerialPortManager - Cannot write, serial port is not open.
2025-11-15 18:25:18.708 [main] ERROR com.otabi.jcodroneedu.SerialPortManager - Cannot write, serial port is not open.
2025-11-15 18:25:18.769 [main] ERROR com.otabi.jcodroneedu.SerialPortManager - Cannot write, serial port is not open.
2025-11-15 18:25:18.831 [main] ERROR com.otabi.jcodroneedu.SerialPortManager - Cannot write, serial port is not open.
2025-11-15 18:25:18.891 [main] ERROR com.otabi.jcodroneedu.SerialPortManager - Cannot write, serial port is not open.
2025-11-15 18:25:18.947 [main] ERROR com.otabi.jcodroneedu.SerialPortManager - Cannot write, serial port is not open.
2025-11-15 18:25:19.007 [main] ERROR com.otabi.jcodroneedu.SerialPortManager - Cannot write, serial port is not open.
2025-11-15 18:25:19.068 [main] ERROR com.otabi.jcodroneedu.SerialPortManager - Cannot write, serial port is not open.
2025-11-15 18:25:19.131 [main] ERROR com.otabi.jcodroneedu.SerialPortManager - Cannot write, serial port is not open.
2025-11-15 18:25:19.187 [main] ERROR com.otabi.jcodroneedu.SerialPortManager - Cannot write, serial port is not open.
2025-11-15 18:25:19.249 [main] ERROR com.otabi.jcodroneedu.SerialPortManager - Cannot write, serial port is not open.
2025-11-15 18:25:19.307 [main] ERROR com.otabi.jcodroneedu.SerialPortManager - Cannot write, serial port is not open.
2025-11-15 18:25:19.367 [main] ERROR com.otabi.jcodroneedu.SerialPortManager - Cannot write, serial port is not open.
2025-11-15 18:25:19.429 [main] ERROR com.otabi.jcodroneedu.SerialPortManager - Cannot write, serial port is not open.
2025-11-15 18:25:19.487 [main] ERROR com.otabi.jcodroneedu.SerialPortManager - Cannot write, serial port is not open.
2025-11-15 18:25:19.547 [main] ERROR com.otabi.jcodroneedu.SerialPortManager - Cannot write, serial port is not open.
2025-11-15 18:25:19.611 [main] ERROR com.otabi.jcodroneedu.SerialPortManager - Cannot write, serial port is not open.
2025-11-15 18:25:19.670 [main] ERROR com.otabi.jcodroneedu.SerialPortManager - Cannot write, serial port is not open.
2025-11-15 18:25:19.731 [main] ERROR com.otabi.jcodroneedu.SerialPortManager - Cannot write, serial port is not open.
2025-11-15 18:25:19.788 [main] ERROR com.otabi.jcodroneedu.SerialPortManager - Cannot write, serial port is not open.
2025-11-15 18:25:19.851 [main] ERROR com.otabi.jcodroneedu.SerialPortManager - Cannot write, serial port is not open.
2025-11-15 18:25:19.908 [main] ERROR com.otabi.jcodroneedu.SerialPortManager - Cannot write, serial port is not open.
2025-11-15 18:25:19.967 [main] ERROR com.otabi.jcodroneedu.SerialPortManager - Cannot write, serial port is not open.
2025-11-15 18:25:20.027 [main] ERROR com.otabi.jcodroneedu.SerialPortManager - Cannot write, serial port is not open.
2025-11-15 18:25:20.092 [main] ERROR com.otabi.jcodroneedu.SerialPortManager - Cannot write, serial port is not open.
2025-11-15 18:25:20.147 [main] ERROR com.otabi.jcodroneedu.SerialPortManager - Cannot write, serial port is not open.
2025-11-15 18:25:20.207 [main] ERROR com.otabi.jcodroneedu.SerialPortManager - Cannot write, serial port is not open.
2025-11-15 18:25:20.270 [main] ERROR com.otabi.jcodroneedu.SerialPortManager - Cannot write, serial port is not open.
2025-11-15 18:25:20.331 [main] ERROR com.otabi.jcodroneedu.SerialPortManager - Cannot write, serial port is not open.
2025-11-15 18:25:20.389 [main] ERROR com.otabi.jcodroneedu.SerialPortManager - Cannot write, serial port is not open.
2025-11-15 18:25:20.452 [main] ERROR com.otabi.jcodroneedu.SerialPortManager - Cannot write, serial port is not open.
2025-11-15 18:25:20.510 [main] ERROR com.otabi.jcodroneedu.SerialPortManager - Cannot write, serial port is not open.
2025-11-15 18:25:20.568 [main] ERROR com.otabi.jcodroneedu.SerialPortManager - Cannot write, serial port is not open.
2025-11-15 18:25:20.630 [main] ERROR com.otabi.jcodroneedu.SerialPortManager - Cannot write, serial port is not open.
2025-11-15 18:25:20.691 [main] ERROR com.otabi.jcodroneedu.SerialPortManager - Cannot write, serial port is not open.
2025-11-15 18:25:20.751 [main] ERROR com.otabi.jcodroneedu.SerialPortManager - Cannot write, serial port is not open.
2025-11-15 18:25:20.811 [main] ERROR com.otabi.jcodroneedu.SerialPortManager - Cannot write, serial port is not open.
2025-11-15 18:25:20.867 [main] ERROR com.otabi.jcodroneedu.SerialPortManager - Cannot write, serial port is not open.
2025-11-15 18:25:20.927 [main] ERROR com.otabi.jcodroneedu.SerialPortManager - Cannot write, serial port is not open.
2025-11-15 18:25:20.987 [main] ERROR com.otabi.jcodroneedu.SerialPortManager - Cannot write, serial port is not open.
2025-11-15 18:25:21.051 [main] ERROR com.otabi.jcodroneedu.SerialPortManager - Cannot write, serial port is not open.
2025-11-15 18:25:21.111 [main] ERROR com.otabi.jcodroneedu.SerialPortManager - Cannot write, serial port is not open.
2025-11-15 18:25:21.171 [main] ERROR com.otabi.jcodroneedu.SerialPortManager - Cannot write, serial port is not open.
2025-11-15 18:25:21.231 [main] ERROR com.otabi.jcodroneedu.SerialPortManager - Cannot write, serial port is not open.
2025-11-15 18:25:21.289 [main] ERROR com.otabi.jcodroneedu.SerialPortManager - Cannot write, serial port is not open.
2025-11-15 18:25:21.351 [main] ERROR com.otabi.jcodroneedu.SerialPortManager - Cannot write, serial port is not open.
2025-11-15 18:25:21.408 [main] ERROR com.otabi.jcodroneedu.SerialPortManager - Cannot write, serial port is not open.
2025-11-15 18:25:21.469 [main] ERROR com.otabi.jcodroneedu.SerialPortManager - Cannot write, serial port is not open.
2025-11-15 18:25:21.531 [main] ERROR com.otabi.jcodroneedu.SerialPortManager - Cannot write, serial port is not open.
2025-11-15 18:25:21.587 [main] ERROR com.otabi.jcodroneedu.SerialPortManager - Cannot write, serial port is not open.
2025-11-15 18:25:21.651 [main] ERROR com.otabi.jcodroneedu.SerialPortManager - Cannot write, serial port is not open.
2025-11-15 18:25:21.710 [main] ERROR com.otabi.jcodroneedu.SerialPortManager - Cannot write, serial port is not open.
2025-11-15 18:25:21.771 [main] ERROR com.otabi.jcodroneedu.SerialPortManager - Cannot write, serial port is not open.
2025-11-15 18:25:21.831 [main] ERROR com.otabi.jcodroneedu.SerialPortManager - Cannot write, serial port is not open.
2025-11-15 18:25:21.887 [main] ERROR com.otabi.jcodroneedu.SerialPortManager - Cannot write, serial port is not open.
2025-11-15 18:25:21.951 [main] ERROR com.otabi.jcodroneedu.SerialPortManager - Cannot write, serial port is not open.
2025-11-15 18:25:22.011 [main] ERROR com.otabi.jcodroneedu.SerialPortManager - Cannot write, serial port is not open.
2025-11-15 18:25:22.067 [main] ERROR com.otabi.jcodroneedu.SerialPortManager - Cannot write, serial port is not open.
2025-11-15 18:25:22.129 [main] ERROR com.otabi.jcodroneedu.SerialPortManager - Cannot write, serial port is not open.
2025-11-15 18:25:22.191 [main] ERROR com.otabi.jcodroneedu.SerialPortManager - Cannot write, serial port is not open.
2025-11-15 18:25:22.247 [main] ERROR com.otabi.jcodroneedu.SerialPortManager - Cannot write, serial port is not open.
2025-11-15 18:25:22.311 [main] ERROR com.otabi.jcodroneedu.SerialPortManager - Cannot write, serial port is not open.
2025-11-15 18:25:22.367 [main] ERROR com.otabi.jcodroneedu.SerialPortManager - Cannot write, serial port is not open.
2025-11-15 18:25:22.431 [main] ERROR com.otabi.jcodroneedu.SerialPortManager - Cannot write, serial port is not open.
2025-11-15 18:25:22.489 [main] ERROR com.otabi.jcodroneedu.SerialPortManager - Cannot write, serial port is not open.
2025-11-15 18:25:22.551 [main] ERROR com.otabi.jcodroneedu.SerialPortManager - Cannot write, serial port is not open.
2025-11-15 18:25:22.611 [main] ERROR com.otabi.jcodroneedu.SerialPortManager - Cannot write, serial port is not open.
2025-11-15 18:25:22.670 [main] ERROR com.otabi.jcodroneedu.SerialPortManager - Cannot write, serial port is not open.
2025-11-15 18:25:22.729 [main] ERROR com.otabi.jcodroneedu.SerialPortManager - Cannot write, serial port is not open.
2025-11-15 18:25:22.791 [main] ERROR com.otabi.jcodroneedu.SerialPortManager - Cannot write, serial port is not open.
2025-11-15 18:25:22.847 [main] ERROR com.otabi.jcodroneedu.SerialPortManager - Cannot write, serial port is not open.
2025-11-15 18:25:22.911 [main] ERROR com.otabi.jcodroneedu.SerialPortManager - Cannot write, serial port is not open.
2025-11-15 18:25:22.967 [main] ERROR com.otabi.jcodroneedu.SerialPortManager - Cannot write, serial port is not open.
2025-11-15 18:25:23.037 [main] ERROR com.otabi.jcodroneedu.SerialPortManager - Cannot write, serial port is not open.
2025-11-15 18:25:23.091 [main] ERROR com.otabi.jcodroneedu.SerialPortManager - Cannot write, serial port is not open.
2025-11-15 18:25:23.150 [main] ERROR com.otabi.jcodroneedu.SerialPortManager - Cannot write, serial port is not open.
2025-11-15 18:25:23.210 [main] ERROR com.otabi.jcodroneedu.SerialPortManager - Cannot write, serial port is not open.
2025-11-15 18:25:23.268 [main] ERROR com.otabi.jcodroneedu.SerialPortManager - Cannot write, serial port is not open.
2025-11-15 18:25:23.329 [main] ERROR com.otabi.jcodroneedu.SerialPortManager - Cannot write, serial port is not open.
2025-11-15 18:25:23.391 [main] ERROR com.otabi.jcodroneedu.SerialPortManager - Cannot write, serial port is not open.
2025-11-15 18:25:23.448 [main] ERROR com.otabi.jcodroneedu.SerialPortManager - Cannot write, serial port is not open.
2025-11-15 18:25:23.508 [main] ERROR com.otabi.jcodroneedu.SerialPortManager - Cannot write, serial port is not open.
2025-11-15 18:25:23.570 [main] ERROR com.otabi.jcodroneedu.SerialPortManager - Cannot write, serial port is not open.
2025-11-15 18:25:23.629 [main] ERROR com.otabi.jcodroneedu.SerialPortManager - Cannot write, serial port is not open.
2025-11-15 18:25:23.691 [main] ERROR com.otabi.jcodroneedu.SerialPortManager - Cannot write, serial port is not open.
2025-11-15 18:25:23.750 [main] ERROR com.otabi.jcodroneedu.SerialPortManager - Cannot write, serial port is not open.
2025-11-15 18:25:23.809 [main] ERROR com.otabi.jcodroneedu.SerialPortManager - Cannot write, serial port is not open.
2025-11-15 18:25:23.868 [main] ERROR com.otabi.jcodroneedu.SerialPortManager - Cannot write, serial port is not open.
2025-11-15 18:25:23.929 [main] ERROR com.otabi.jcodroneedu.SerialPortManager - Cannot write, serial port is not open.
2025-11-15 18:25:23.987 [main] ERROR com.otabi.jcodroneedu.SerialPortManager - Cannot write, serial port is not open.
2025-11-15 18:25:24.051 [main] ERROR com.otabi.jcodroneedu.SerialPortManager - Cannot write, serial port is not open.
2025-11-15 18:25:24.111 [main] ERROR com.otabi.jcodroneedu.SerialPortManager - Cannot write, serial port is not open.
2025-11-15 18:25:24.167 [main] ERROR com.otabi.jcodroneedu.SerialPortManager - Cannot write, serial port is not open.
2025-11-15 18:25:24.229 [main] ERROR com.otabi.jcodroneedu.SerialPortManager - Cannot write, serial port is not open.
2025-11-15 18:25:24.291 [main] ERROR com.otabi.jcodroneedu.SerialPortManager - Cannot write, serial port is not open.
2025-11-15 18:25:24.351 [main] ERROR com.otabi.jcodroneedu.SerialPortManager - Cannot write, serial port is not open.
2025-11-15 18:25:24.411 [main] ERROR com.otabi.jcodroneedu.SerialPortManager - Cannot write, serial port is not open.
2025-11-15 18:25:24.471 [main] ERROR com.otabi.jcodroneedu.SerialPortManager - Cannot write, serial port is not open.
2025-11-15 18:25:24.530 [main] ERROR com.otabi.jcodroneedu.SerialPortManager - Cannot write, serial port is not open.
2025-11-15 18:25:24.591 [main] ERROR com.otabi.jcodroneedu.SerialPortManager - Cannot write, serial port is not open.
2025-11-15 18:25:24.651 [main] ERROR com.otabi.jcodroneedu.SerialPortManager - Cannot write, serial port is not open.
2025-11-15 18:25:24.711 [main] ERROR com.otabi.jcodroneedu.SerialPortManager - Cannot write, serial port is not open.
2025-11-15 18:25:24.769 [main] ERROR com.otabi.jcodroneedu.SerialPortManager - Cannot write, serial port is not open.
2025-11-15 18:25:24.829 [main] ERROR com.otabi.jcodroneedu.SerialPortManager - Cannot write, serial port is not open.
2025-11-15 18:25:24.887 [main] ERROR com.otabi.jcodroneedu.SerialPortManager - Cannot write, serial port is not open.
2025-11-15 18:25:24.951 [main] ERROR com.otabi.jcodroneedu.SerialPortManager - Cannot write, serial port is not open.
2025-11-15 18:25:25.011 [main] ERROR com.otabi.jcodroneedu.SerialPortManager - Cannot write, serial port is not open.
2025-11-15 18:25:25.071 [main] ERROR com.otabi.jcodroneedu.SerialPortManager - Cannot write, serial port is not open.
2025-11-15 18:25:25.128 [main] ERROR com.otabi.jcodroneedu.SerialPortManager - Cannot write, serial port is not open.
2025-11-15 18:25:25.186 [main] ERROR com.otabi.jcodroneedu.SerialPortManager - Cannot write, serial port is not open.
2025-11-15 18:25:25.250 [main] ERROR com.otabi.jcodroneedu.SerialPortManager - Cannot write, serial port is not open.
2025-11-15 18:25:25.308 [main] ERROR com.otabi.jcodroneedu.SerialPortManager - Cannot write, serial port is not open.
2025-11-15 18:25:25.368 [main] ERROR com.otabi.jcodroneedu.SerialPortManager - Cannot write, serial port is not open.
2025-11-15 18:25:25.429 [main] ERROR com.otabi.jcodroneedu.SerialPortManager - Cannot write, serial port is not open.
2025-11-15 18:25:25.489 [main] ERROR com.otabi.jcodroneedu.SerialPortManager - Cannot write, serial port is not open.
2025-11-15 18:25:25.550 [main] ERROR com.otabi.jcodroneedu.SerialPortManager - Cannot write, serial port is not open.
2025-11-15 18:25:25.610 [main] ERROR com.otabi.jcodroneedu.SerialPortManager - Cannot write, serial port is not open.
2025-11-15 18:25:25.667 [main] ERROR com.otabi.jcodroneedu.SerialPortManager - Cannot write, serial port is not open.
2025-11-15 18:25:25.729 [main] ERROR com.otabi.jcodroneedu.SerialPortManager - Cannot write, serial port is not open.
2025-11-15 18:25:25.790 [main] ERROR com.otabi.jcodroneedu.SerialPortManager - Cannot write, serial port is not open.
2025-11-15 18:25:25.847 [main] ERROR com.otabi.jcodroneedu.SerialPortManager - Cannot write, serial port is not open.
2025-11-15 18:25:25.911 [main] ERROR com.otabi.jcodroneedu.SerialPortManager - Cannot write, serial port is not open.
2025-11-15 18:25:25.968 [main] ERROR com.otabi.jcodroneedu.SerialPortManager - Cannot write, serial port is not open.
2025-11-15 18:25:26.031 [main] ERROR com.otabi.jcodroneedu.SerialPortManager - Cannot write, serial port is not open.
2025-11-15 18:25:26.090 [main] ERROR com.otabi.jcodroneedu.SerialPortManager - Cannot write, serial port is not open.
2025-11-15 18:25:26.151 [main] ERROR com.otabi.jcodroneedu.SerialPortManager - Cannot write, serial port is not open.
2025-11-15 18:25:26.207 [main] ERROR com.otabi.jcodroneedu.SerialPortManager - Cannot write, serial port is not open.
2025-11-15 18:25:26.270 [main] ERROR com.otabi.jcodroneedu.SerialPortManager - Cannot write, serial port is not open.
2025-11-15 18:25:26.330 [main] ERROR com.otabi.jcodroneedu.SerialPortManager - Cannot write, serial port is not open.
2025-11-15 18:25:26.386 [main] ERROR com.otabi.jcodroneedu.SerialPortManager - Cannot write, serial port is not open.
2025-11-15 18:25:26.449 [main] ERROR com.otabi.jcodroneedu.SerialPortManager - Cannot write, serial port is not open.
2025-11-15 18:25:26.508 [main] ERROR com.otabi.jcodroneedu.SerialPortManager - Cannot write, serial port is not open.
2025-11-15 18:25:26.570 [main] ERROR com.otabi.jcodroneedu.SerialPortManager - Cannot write, serial port is not open.
2025-11-15 18:25:26.631 [main] ERROR com.otabi.jcodroneedu.SerialPortManager - Cannot write, serial port is not open.
2025-11-15 18:25:26.691 [main] ERROR com.otabi.jcodroneedu.SerialPortManager - Cannot write, serial port is not open.
2025-11-15 18:25:26.747 [main] ERROR com.otabi.jcodroneedu.SerialPortManager - Cannot write, serial port is not open.
2025-11-15 18:25:26.808 [main] ERROR com.otabi.jcodroneedu.SerialPortManager - Cannot write, serial port is not open.
2025-11-15 18:25:26.870 [main] ERROR com.otabi.jcodroneedu.SerialPortManager - Cannot write, serial port is not open.
2025-11-15 18:25:26.929 [main] ERROR com.otabi.jcodroneedu.SerialPortManager - Cannot write, serial port is not open.
2025-11-15 18:25:26.986 [main] ERROR com.otabi.jcodroneedu.SerialPortManager - Cannot write, serial port is not open.
2025-11-15 18:25:27.050 [main] ERROR com.otabi.jcodroneedu.SerialPortManager - Cannot write, serial port is not open.
2025-11-15 18:25:27.111 [main] ERROR com.otabi.jcodroneedu.SerialPortManager - Cannot write, serial port is not open.
2025-11-15 18:25:27.170 [main] ERROR com.otabi.jcodroneedu.SerialPortManager - Cannot write, serial port is not open.
2025-11-15 18:25:27.231 [main] ERROR com.otabi.jcodroneedu.SerialPortManager - Cannot write, serial port is not open.
2025-11-15 18:25:27.289 [main] ERROR com.otabi.jcodroneedu.SerialPortManager - Cannot write, serial port is not open.
2025-11-15 18:25:27.351 [main] ERROR com.otabi.jcodroneedu.SerialPortManager - Cannot write, serial port is not open.
2025-11-15 18:25:27.409 [main] ERROR com.otabi.jcodroneedu.SerialPortManager - Cannot write, serial port is not open.
2025-11-15 18:25:27.469 [main] ERROR com.otabi.jcodroneedu.SerialPortManager - Cannot write, serial port is not open.
2025-11-15 18:25:27.529 [main] ERROR com.otabi.jcodroneedu.SerialPortManager - Cannot write, serial port is not open.
2025-11-15 18:25:27.590 [main] ERROR com.otabi.jcodroneedu.SerialPortManager - Cannot write, serial port is not open.
2025-11-15 18:25:27.647 [main] ERROR com.otabi.jcodroneedu.SerialPortManager - Cannot write, serial port is not open.
2025-11-15 18:25:27.711 [main] ERROR com.otabi.jcodroneedu.SerialPortManager - Cannot write, serial port is not open.
2025-11-15 18:25:27.769 [main] ERROR com.otabi.jcodroneedu.SerialPortManager - Cannot write, serial port is not open.
2025-11-15 18:25:27.831 [main] ERROR com.otabi.jcodroneedu.SerialPortManager - Cannot write, serial port is not open.
2025-11-15 18:25:27.889 [main] ERROR com.otabi.jcodroneedu.SerialPortManager - Cannot write, serial port is not open.
2025-11-15 18:25:27.951 [main] ERROR com.otabi.jcodroneedu.SerialPortManager - Cannot write, serial port is not open.
2025-11-15 18:25:28.011 [main] ERROR com.otabi.jcodroneedu.SerialPortManager - Cannot write, serial port is not open.
2025-11-15 18:25:28.068 [main] ERROR com.otabi.jcodroneedu.SerialPortManager - Cannot write, serial port is not open.
2025-11-15 18:25:28.131 [main] ERROR com.otabi.jcodroneedu.SerialPortManager - Cannot write, serial port is not open.
2025-11-15 18:25:28.187 [main] ERROR com.otabi.jcodroneedu.SerialPortManager - Cannot write, serial port is not open.
2025-11-15 18:25:28.251 [main] ERROR com.otabi.jcodroneedu.SerialPortManager - Cannot write, serial port is not open.
2025-11-15 18:25:28.310 [main] ERROR com.otabi.jcodroneedu.SerialPortManager - Cannot write, serial port is not open.
2025-11-15 18:25:28.371 [main] ERROR com.otabi.jcodroneedu.SerialPortManager - Cannot write, serial port is not open.
2025-11-15 18:25:28.429 [main] ERROR com.otabi.jcodroneedu.SerialPortManager - Cannot write, serial port is not open.
2025-11-15 18:25:28.489 [main] ERROR com.otabi.jcodroneedu.SerialPortManager - Cannot write, serial port is not open.
2025-11-15 18:25:28.550 [main] ERROR com.otabi.jcodroneedu.SerialPortManager - Cannot write, serial port is not open.
2025-11-15 18:25:28.611 [main] ERROR com.otabi.jcodroneedu.SerialPortManager - Cannot write, serial port is not open.
2025-11-15 18:25:28.668 [main] ERROR com.otabi.jcodroneedu.SerialPortManager - Cannot write, serial port is not open.
2025-11-15 18:25:28.728 [main] ERROR com.otabi.jcodroneedu.SerialPortManager - Cannot write, serial port is not open.
2025-11-15 18:25:28.791 [main] ERROR com.otabi.jcodroneedu.SerialPortManager - Cannot write, serial port is not open.
2025-11-15 18:25:28.851 [main] ERROR com.otabi.jcodroneedu.SerialPortManager - Cannot write, serial port is not open.
2025-11-15 18:25:28.907 [main] ERROR com.otabi.jcodroneedu.SerialPortManager - Cannot write, serial port is not open.
2025-11-15 18:25:28.968 [main] ERROR com.otabi.jcodroneedu.SerialPortManager - Cannot write, serial port is not open.
2025-11-15 18:25:29.031 [main] ERROR com.otabi.jcodroneedu.SerialPortManager - Cannot write, serial port is not open.
2025-11-15 18:25:29.089 [main] ERROR com.otabi.jcodroneedu.SerialPortManager - Cannot write, serial port is not open.
2025-11-15 18:25:29.148 [main] ERROR com.otabi.jcodroneedu.SerialPortManager - Cannot write, serial port is not open.
2025-11-15 18:25:29.207 [main] ERROR com.otabi.jcodroneedu.SerialPortManager - Cannot write, serial port is not open.
2025-11-15 18:25:29.269 [main] ERROR com.otabi.jcodroneedu.SerialPortManager - Cannot write, serial port is not open.
2025-11-15 18:25:29.330 [main] ERROR com.otabi.jcodroneedu.SerialPortManager - Cannot write, serial port is not open.
2025-11-15 18:25:29.389 [main] ERROR com.otabi.jcodroneedu.SerialPortManager - Cannot write, serial port is not open.
2025-11-15 18:25:29.451 [main] ERROR com.otabi.jcodroneedu.SerialPortManager - Cannot write, serial port is not open.
2025-11-15 18:25:29.506 [main] ERROR com.otabi.jcodroneedu.SerialPortManager - Cannot write, serial port is not open.
2025-11-15 18:25:29.567 [main] ERROR com.otabi.jcodroneedu.SerialPortManager - Cannot write, serial port is not open.
2025-11-15 18:25:29.631 [main] ERROR com.otabi.jcodroneedu.SerialPortManager - Cannot write, serial port is not open.
2025-11-15 18:25:29.687 [main] ERROR com.otabi.jcodroneedu.SerialPortManager - Cannot write, serial port is not open.
2025-11-15 18:25:29.750 [main] ERROR com.otabi.jcodroneedu.SerialPortManager - Cannot write, serial port is not open.
2025-11-15 18:25:29.811 [main] ERROR com.otabi.jcodroneedu.SerialPortManager - Cannot write, serial port is not open.
2025-11-15 18:25:29.870 [main] ERROR com.otabi.jcodroneedu.SerialPortManager - Cannot write, serial port is not open.
2025-11-15 18:25:29.929 [main] ERROR com.otabi.jcodroneedu.SerialPortManager - Cannot write, serial port is not open.
2025-11-15 18:25:29.987 [main] ERROR com.otabi.jcodroneedu.SerialPortManager - Cannot write, serial port is not open.
2025-11-15 18:25:30.048 [main] ERROR com.otabi.jcodroneedu.SerialPortManager - Cannot write, serial port is not open.
2025-11-15 18:25:30.111 [main] ERROR com.otabi.jcodroneedu.SerialPortManager - Cannot write, serial port is not open.
2025-11-15 18:25:30.167 [main] ERROR com.otabi.jcodroneedu.SerialPortManager - Cannot write, serial port is not open.
2025-11-15 18:25:30.229 [main] ERROR com.otabi.jcodroneedu.SerialPortManager - Cannot write, serial port is not open.
2025-11-15 18:25:30.289 [main] ERROR com.otabi.jcodroneedu.SerialPortManager - Cannot write, serial port is not open.
2025-11-15 18:25:30.350 [main] ERROR com.otabi.jcodroneedu.SerialPortManager - Cannot write, serial port is not open.
2025-11-15 18:25:30.407 [main] ERROR com.otabi.jcodroneedu.SerialPortManager - Cannot write, serial port is not open.
2025-11-15 18:25:30.471 [main] ERROR com.otabi.jcodroneedu.SerialPortManager - Cannot write, serial port is not open.
2025-11-15 18:25:30.530 [main] ERROR com.otabi.jcodroneedu.SerialPortManager - Cannot write, serial port is not open.
2025-11-15 18:25:30.589 [main] ERROR com.otabi.jcodroneedu.SerialPortManager - Cannot write, serial port is not open.
2025-11-15 18:25:30.647 [main] ERROR com.otabi.jcodroneedu.SerialPortManager - Cannot write, serial port is not open.
2025-11-15 18:25:30.711 [main] ERROR com.otabi.jcodroneedu.SerialPortManager - Cannot write, serial port is not open.
2025-11-15 18:25:30.770 [main] ERROR com.otabi.jcodroneedu.SerialPortManager - Cannot write, serial port is not open.
2025-11-15 18:25:30.829 [main] ERROR com.otabi.jcodroneedu.SerialPortManager - Cannot write, serial port is not open.
2025-11-15 18:25:30.887 [main] ERROR com.otabi.jcodroneedu.SerialPortManager - Cannot write, serial port is not open.
2025-11-15 18:25:30.951 [main] ERROR com.otabi.jcodroneedu.SerialPortManager - Cannot write, serial port is not open.
2025-11-15 18:25:31.007 [main] ERROR com.otabi.jcodroneedu.SerialPortManager - Cannot write, serial port is not open.
2025-11-15 18:25:31.070 [main] ERROR com.otabi.jcodroneedu.SerialPortManager - Cannot write, serial port is not open.
2025-11-15 18:25:31.130 [main] ERROR com.otabi.jcodroneedu.SerialPortManager - Cannot write, serial port is not open.
2025-11-15 18:25:31.190 [main] ERROR com.otabi.jcodroneedu.SerialPortManager - Cannot write, serial port is not open.
2025-11-15 18:25:31.251 [main] ERROR com.otabi.jcodroneedu.SerialPortManager - Cannot write, serial port is not open.
2025-11-15 18:25:31.311 [main] ERROR com.otabi.jcodroneedu.SerialPortManager - Cannot write, serial port is not open.
2025-11-15 18:25:31.368 [main] ERROR com.otabi.jcodroneedu.SerialPortManager - Cannot write, serial port is not open.
2025-11-15 18:25:31.426 [main] ERROR com.otabi.jcodroneedu.SerialPortManager - Cannot write, serial port is not open.
2025-11-15 18:25:31.489 [main] ERROR com.otabi.jcodroneedu.SerialPortManager - Cannot write, serial port is not open.
2025-11-15 18:25:31.547 [main] ERROR com.otabi.jcodroneedu.SerialPortManager - Cannot write, serial port is not open.
2025-11-15 18:25:31.608 [main] ERROR com.otabi.jcodroneedu.SerialPortManager - Cannot write, serial port is not open.
2025-11-15 18:25:31.668 [main] ERROR com.otabi.jcodroneedu.SerialPortManager - Cannot write, serial port is not open.
2025-11-15 18:25:31.728 [main] ERROR com.otabi.jcodroneedu.SerialPortManager - Cannot write, serial port is not open.
2025-11-15 18:25:31.787 [main] ERROR com.otabi.jcodroneedu.SerialPortManager - Cannot write, serial port is not open.
2025-11-15 18:25:31.847 [main] ERROR com.otabi.jcodroneedu.SerialPortManager - Cannot write, serial port is not open.
2025-11-15 18:25:31.911 [main] ERROR com.otabi.jcodroneedu.SerialPortManager - Cannot write, serial port is not open.
2025-11-15 18:25:31.969 [main] ERROR com.otabi.jcodroneedu.SerialPortManager - Cannot write, serial port is not open.
2025-11-15 18:25:32.029 [main] ERROR com.otabi.jcodroneedu.SerialPortManager - Cannot write, serial port is not open.
2025-11-15 18:25:32.089 [main] ERROR com.otabi.jcodroneedu.SerialPortManager - Cannot write, serial port is not open.
2025-11-15 18:25:32.150 [main] ERROR com.otabi.jcodroneedu.SerialPortManager - Cannot write, serial port is not open.
2025-11-15 18:25:32.207 [main] ERROR com.otabi.jcodroneedu.SerialPortManager - Cannot write, serial port is not open.
2025-11-15 18:25:32.271 [main] ERROR com.otabi.jcodroneedu.SerialPortManager - Cannot write, serial port is not open.
2025-11-15 18:25:32.329 [main] ERROR com.otabi.jcodroneedu.SerialPortManager - Cannot write, serial port is not open.
2025-11-15 18:25:32.389 [main] ERROR com.otabi.jcodroneedu.SerialPortManager - Cannot write, serial port is not open.
2025-11-15 18:25:32.450 [main] ERROR com.otabi.jcodroneedu.SerialPortManager - Cannot write, serial port is not open.
2025-11-15 18:25:32.511 [main] ERROR com.otabi.jcodroneedu.SerialPortManager - Cannot write, serial port is not open.
2025-11-15 18:25:32.567 [main] ERROR com.otabi.jcodroneedu.SerialPortManager - Cannot write, serial port is not open.
2025-11-15 18:25:32.630 [main] ERROR com.otabi.jcodroneedu.SerialPortManager - Cannot write, serial port is not open.
2025-11-15 18:25:32.688 [main] ERROR com.otabi.jcodroneedu.SerialPortManager - Cannot write, serial port is not open.
2025-11-15 18:25:32.748 [main] ERROR com.otabi.jcodroneedu.SerialPortManager - Cannot write, serial port is not open.
2025-11-15 18:25:32.811 [main] ERROR com.otabi.jcodroneedu.SerialPortManager - Cannot write, serial port is not open.
2025-11-15 18:25:32.871 [main] ERROR com.otabi.jcodroneedu.SerialPortManager - Cannot write, serial port is not open.
2025-11-15 18:25:32.929 [main] ERROR com.otabi.jcodroneedu.SerialPortManager - Cannot write, serial port is not open.
2025-11-15 18:25:32.991 [main] ERROR com.otabi.jcodroneedu.SerialPortManager - Cannot write, serial port is not open.
2025-11-15 18:25:33.049 [main] ERROR com.otabi.jcodroneedu.SerialPortManager - Cannot write, serial port is not open.
2025-11-15 18:25:33.111 [main] ERROR com.otabi.jcodroneedu.SerialPortManager - Cannot write, serial port is not open.
2025-11-15 18:25:33.171 [main] ERROR com.otabi.jcodroneedu.SerialPortManager - Cannot write, serial port is not open.
2025-11-15 18:25:33.227 [main] ERROR com.otabi.jcodroneedu.SerialPortManager - Cannot write, serial port is not open.
2025-11-15 18:25:33.289 [main] ERROR com.otabi.jcodroneedu.SerialPortManager - Cannot write, serial port is not open.
2025-11-15 18:25:33.350 [main] ERROR com.otabi.jcodroneedu.SerialPortManager - Cannot write, serial port is not open.
2025-11-15 18:25:33.410 [main] ERROR com.otabi.jcodroneedu.SerialPortManager - Cannot write, serial port is not open.
2025-11-15 18:25:33.467 [main] ERROR com.otabi.jcodroneedu.SerialPortManager - Cannot write, serial port is not open.
2025-11-15 18:25:33.529 [main] ERROR com.otabi.jcodroneedu.SerialPortManager - Cannot write, serial port is not open.
2025-11-15 18:25:33.591 [main] ERROR com.otabi.jcodroneedu.SerialPortManager - Cannot write, serial port is not open.
2025-11-15 18:25:33.647 [main] ERROR com.otabi.jcodroneedu.SerialPortManager - Cannot write, serial port is not open.
2025-11-15 18:25:33.711 [main] ERROR com.otabi.jcodroneedu.SerialPortManager - Cannot write, serial port is not open.
2025-11-15 18:25:33.767 [main] ERROR com.otabi.jcodroneedu.SerialPortManager - Cannot write, serial port is not open.
2025-11-15 18:25:33.829 [main] ERROR com.otabi.jcodroneedu.SerialPortManager - Cannot write, serial port is not open.
2025-11-15 18:25:33.886 [main] ERROR com.otabi.jcodroneedu.SerialPortManager - Cannot write, serial port is not open.
2025-11-15 18:25:33.951 [main] ERROR com.otabi.jcodroneedu.SerialPortManager - Cannot write, serial port is not open.
2025-11-15 18:25:34.007 [main] ERROR com.otabi.jcodroneedu.SerialPortManager - Cannot write, serial port is not open.
2025-11-15 18:25:34.072 [main] ERROR com.otabi.jcodroneedu.SerialPortManager - Cannot write, serial port is not open.
2025-11-15 18:25:34.128 [main] ERROR com.otabi.jcodroneedu.SerialPortManager - Cannot write, serial port is not open.
2025-11-15 18:25:34.191 [main] ERROR com.otabi.jcodroneedu.SerialPortManager - Cannot write, serial port is not open.
2025-11-15 18:25:34.249 [main] ERROR com.otabi.jcodroneedu.SerialPortManager - Cannot write, serial port is not open.
2025-11-15 18:26:08.989 [main] INFO  com.otabi.jcodroneedu.Drone - Drone instance created and ready for connection.
2025-11-15 18:26:09.000 [main] INFO  com.otabi.jcodroneedu.SerialPortManager - Detected CoDrone EDU controller at port cu.usbmodem3973337534311
2025-11-15 18:26:09.038 [main] INFO  com.otabi.jcodroneedu.SerialPortManager - Connected to cu.usbmodem3973337534311
2025-11-15 18:26:09.248 [main] INFO  com.otabi.jcodroneedu.Drone - Connection established - Model: DRONE_8_DRONE_P1, Firmware: 25.2.1, Battery: 28%
2025-11-15 18:29:34.614 [main] INFO  com.otabi.jcodroneedu.Drone - Drone instance created and ready for connection.
2025-11-15 18:29:34.627 [main] INFO  com.otabi.jcodroneedu.SerialPortManager - Detected CoDrone EDU controller at port cu.usbmodem3973337534311
2025-11-15 18:29:34.667 [main] INFO  com.otabi.jcodroneedu.SerialPortManager - Connected to cu.usbmodem3973337534311
2025-11-15 18:29:34.878 [main] INFO  com.otabi.jcodroneedu.Drone - Connection established - Model: DRONE_8_DRONE_P1, Firmware: 25.2.1, Battery: 100%
2025-11-15 18:33:40.814 [main] INFO  com.otabi.jcodroneedu.SerialPortManager - Serial port disconnected.
2025-11-15 18:35:04.471 [main] INFO  com.otabi.jcodroneedu.Drone - Drone instance created and ready for connection.
2025-11-15 18:35:04.482 [main] INFO  com.otabi.jcodroneedu.SerialPortManager - Detected CoDrone EDU controller at port cu.usbmodem3973337534311
2025-11-15 18:35:04.521 [main] INFO  com.otabi.jcodroneedu.SerialPortManager - Connected to cu.usbmodem3973337534311
2025-11-15 18:35:04.734 [main] INFO  com.otabi.jcodroneedu.Drone - Connection established - Model: DRONE_8_DRONE_P1, Firmware: 25.2.1, Battery: 100%
2025-11-15 18:39:10.664 [main] INFO  com.otabi.jcodroneedu.SerialPortManager - Serial port disconnected.
2025-11-15 18:39:56.207 [main] INFO  com.otabi.jcodroneedu.Drone - Drone instance created and ready for connection.
2025-11-15 18:39:56.219 [main] INFO  com.otabi.jcodroneedu.SerialPortManager - Detected CoDrone EDU controller at port cu.usbmodem3973337534311
2025-11-15 18:39:56.256 [main] INFO  com.otabi.jcodroneedu.SerialPortManager - Connected to cu.usbmodem3973337534311
2025-11-15 18:39:56.465 [main] INFO  com.otabi.jcodroneedu.Drone - Connection established - Model: DRONE_8_DRONE_P1, Firmware: 25.2.1, Battery: 100%
2025-11-15 18:39:59.050 [Thread-1] WARN  com.otabi.jcodroneedu.receiver.Receiver - Invalid start sequence. Expected 0x55, got 0x00
2025-11-15 18:40:09.854 [Thread-1] WARN  com.otabi.jcodroneedu.receiver.Receiver - Invalid start sequence. Expected 0x55, got 0x00
2025-11-15 18:40:13.454 [Thread-1] WARN  com.otabi.jcodroneedu.receiver.Receiver - Invalid start sequence. Expected 0x55, got 0x00
2025-11-15 18:40:17.056 [Thread-1] WARN  com.otabi.jcodroneedu.receiver.Receiver - Invalid start sequence. Expected 0x55, got 0x00
2025-11-15 18:40:17.058 [Thread-1] WARN  com.otabi.jcodroneedu.receiver.Receiver - Invalid start sequence. Expected 0x55, got 0x78
2025-11-15 18:40:20.657 [Thread-1] WARN  com.otabi.jcodroneedu.receiver.Receiver - Invalid start sequence. Expected 0x55, got 0x00
2025-11-15 18:40:24.258 [Thread-1] WARN  com.otabi.jcodroneedu.receiver.Receiver - Invalid start sequence. Expected 0x55, got 0x00
2025-11-15 18:40:31.304 [main] INFO  com.otabi.jcodroneedu.SerialPortManager - Serial port disconnected.
2025-11-15 18:41:35.699 [main] INFO  com.otabi.jcodroneedu.Drone - Drone instance created and ready for connection.
2025-11-15 18:41:35.712 [main] INFO  com.otabi.jcodroneedu.SerialPortManager - Detected CoDrone EDU controller at port cu.usbmodem3973337534311
2025-11-15 18:41:35.751 [main] INFO  com.otabi.jcodroneedu.SerialPortManager - Connected to cu.usbmodem3973337534311
2025-11-15 18:41:35.959 [main] INFO  com.otabi.jcodroneedu.Drone - Connection established - Model: DRONE_8_DRONE_P1, Firmware: 25.2.1, Battery: 100%
2025-11-15 18:42:59.112 [Thread-1] WARN  com.otabi.jcodroneedu.receiver.Receiver - Invalid start sequence. Expected 0x55, got 0x50
2025-11-15 18:43:04.679 [main] INFO  com.otabi.jcodroneedu.SerialPortManager - Serial port disconnected.
2025-11-15 18:47:07.357 [main] INFO  com.otabi.jcodroneedu.Drone - Drone instance created and ready for connection.
2025-11-15 18:47:07.369 [main] INFO  com.otabi.jcodroneedu.SerialPortManager - Detected CoDrone EDU controller at port cu.usbmodem3973337534311
2025-11-15 18:47:07.409 [main] INFO  com.otabi.jcodroneedu.SerialPortManager - Connected to cu.usbmodem3973337534311
2025-11-15 18:47:07.621 [main] INFO  com.otabi.jcodroneedu.Drone - Connection established - Model: DRONE_8_DRONE_P1, Firmware: 25.2.1, Battery: 0%
2025-11-15 18:47:10.242 [main] INFO  com.otabi.jcodroneedu.SerialPortManager - Serial port disconnected.
2025-11-15 18:48:48.209 [main] INFO  com.otabi.jcodroneedu.Drone - Drone instance created and ready for connection.
2025-11-15 18:48:48.230 [main] INFO  com.otabi.jcodroneedu.SerialPortManager - Detected CoDrone EDU controller at port cu.usbmodem3973337534311
2025-11-15 18:48:48.274 [main] INFO  com.otabi.jcodroneedu.SerialPortManager - Connected to cu.usbmodem3973337534311
2025-11-15 18:48:48.493 [main] ERROR com.otabi.jcodroneedu.Drone - Connection verification failed - State ready: false, Info available: false
2025-11-15 18:48:48.526 [main] INFO  com.otabi.jcodroneedu.SerialPortManager - Serial port disconnected.
2025-11-15 18:48:48.527 [main] ERROR com.otabi.jcodroneedu.SerialPortManager - Cannot write, serial port is not open.
2025-11-15 18:49:08.554 [main] ERROR com.otabi.jcodroneedu.SerialPortManager - Cannot write, serial port is not open.
2025-11-15 18:49:20.599 [main] ERROR com.otabi.jcodroneedu.SerialPortManager - Cannot write, serial port is not open.
2025-11-15 18:49:32.640 [main] ERROR com.otabi.jcodroneedu.SerialPortManager - Cannot write, serial port is not open.
2025-11-15 18:50:27.450 [main] INFO  com.otabi.jcodroneedu.Drone - Drone instance created and ready for connection.
2025-11-15 18:50:27.461 [main] INFO  com.otabi.jcodroneedu.SerialPortManager - Detected CoDrone EDU controller at port cu.usbmodem3973337534311
2025-11-15 18:50:27.500 [main] INFO  com.otabi.jcodroneedu.SerialPortManager - Connected to cu.usbmodem3973337534311
2025-11-15 18:50:27.707 [main] INFO  com.otabi.jcodroneedu.Drone - Connection established - Model: DRONE_8_DRONE_P1, Firmware: 25.2.1, Battery: 100%
2025-11-15 18:51:01.679 [Thread-1] WARN  com.otabi.jcodroneedu.receiver.Receiver - Invalid start sequence. Expected 0x55, got 0x0A
2025-11-15 18:51:39.261 [main] INFO  com.otabi.jcodroneedu.SerialPortManager - Serial port disconnected.
2025-11-15 18:52:29.385 [main] INFO  com.otabi.jcodroneedu.Drone - Drone instance created and ready for connection.
2025-11-15 18:52:29.396 [main] INFO  com.otabi.jcodroneedu.SerialPortManager - Detected CoDrone EDU controller at port cu.usbmodem3973337534311
2025-11-15 18:52:29.434 [main] INFO  com.otabi.jcodroneedu.SerialPortManager - Connected to cu.usbmodem3973337534311
2025-11-15 18:52:29.643 [main] INFO  com.otabi.jcodroneedu.Drone - Connection established - Model: DRONE_8_DRONE_P1, Firmware: 25.2.1, Battery: 100%
2025-11-15 18:53:08.180 [main] INFO  com.otabi.jcodroneedu.SerialPortManager - Serial port disconnected.
2025-11-15 18:54:17.131 [main] INFO  com.otabi.jcodroneedu.Drone - Drone instance created and ready for connection.
2025-11-15 18:54:17.142 [main] INFO  com.otabi.jcodroneedu.SerialPortManager - Detected CoDrone EDU controller at port cu.usbmodem3973337534311
2025-11-15 18:54:17.180 [main] INFO  com.otabi.jcodroneedu.SerialPortManager - Connected to cu.usbmodem3973337534311
2025-11-15 18:54:17.388 [main] INFO  com.otabi.jcodroneedu.Drone - Connection established - Model: DRONE_8_DRONE_P1, Firmware: 25.2.1, Battery: 100%
2025-11-15 18:54:37.769 [Thread-1] WARN  com.otabi.jcodroneedu.receiver.Receiver - Invalid start sequence. Expected 0x55, got 0x0A
2025-11-15 18:54:48.538 [Thread-1] WARN  com.otabi.jcodroneedu.receiver.Receiver - Invalid start sequence. Expected 0x55, got 0x38
2025-11-15 18:54:51.825 [main] INFO  com.otabi.jcodroneedu.SerialPortManager - Serial port disconnected.
2025-11-15 18:56:08.088 [main] INFO  com.otabi.jcodroneedu.Drone - Drone instance created and ready for connection.
2025-11-15 18:56:08.099 [main] INFO  com.otabi.jcodroneedu.SerialPortManager - Detected CoDrone EDU controller at port cu.usbmodem3973337534311
2025-11-15 18:56:08.138 [main] INFO  com.otabi.jcodroneedu.SerialPortManager - Connected to cu.usbmodem3973337534311
2025-11-15 18:56:08.350 [main] INFO  com.otabi.jcodroneedu.Drone - Connection established - Model: DRONE_8_DRONE_P1, Firmware: 25.2.1, Battery: 100%
2025-11-15 18:56:36.822 [main] INFO  com.otabi.jcodroneedu.SerialPortManager - Serial port disconnected.
2025-11-15 18:59:25.031 [main] INFO  com.otabi.jcodroneedu.Drone - Drone instance created and ready for connection.
2025-11-15 18:59:25.047 [main] INFO  com.otabi.jcodroneedu.SerialPortManager - Detected CoDrone EDU controller at port cu.usbmodem3973337534311
2025-11-15 18:59:25.086 [main] INFO  com.otabi.jcodroneedu.SerialPortManager - Connected to cu.usbmodem3973337534311
2025-11-15 18:59:25.297 [main] INFO  com.otabi.jcodroneedu.Drone - Connection established - Model: DRONE_8_DRONE_P1, Firmware: 25.2.1, Battery: 100%
2025-11-15 19:00:14.823 [main] INFO  com.otabi.jcodroneedu.SerialPortManager - Serial port disconnected.
2025-11-15 19:00:59.536 [main] INFO  com.otabi.jcodroneedu.Drone - Drone instance created and ready for connection.
2025-11-15 19:00:59.547 [main] INFO  com.otabi.jcodroneedu.SerialPortManager - Detected CoDrone EDU controller at port cu.usbmodem3973337534311
2025-11-15 19:00:59.586 [main] INFO  com.otabi.jcodroneedu.SerialPortManager - Connected to cu.usbmodem3973337534311
2025-11-15 19:00:59.796 [main] INFO  com.otabi.jcodroneedu.Drone - Connection established - Model: DRONE_8_DRONE_P1, Firmware: 25.2.1, Battery: 100%
2025-11-15 19:01:50.985 [main] INFO  com.otabi.jcodroneedu.SerialPortManager - Serial port disconnected.
2025-11-15 19:03:43.554 [main] INFO  com.otabi.jcodroneedu.Drone - Drone instance created and ready for connection.
2025-11-15 19:03:43.573 [main] INFO  com.otabi.jcodroneedu.SerialPortManager - Detected CoDrone EDU controller at port cu.usbmodem3973337534311
2025-11-15 19:03:43.612 [main] INFO  com.otabi.jcodroneedu.SerialPortManager - Connected to cu.usbmodem3973337534311
2025-11-15 19:03:43.822 [main] INFO  com.otabi.jcodroneedu.Drone - Connection established - Model: DRONE_8_DRONE_P1, Firmware: 25.2.1, Battery: 100%
2025-11-15 19:04:14.190 [main] INFO  com.otabi.jcodroneedu.SerialPortManager - Serial port disconnected.
2025-11-15 19:04:43.684 [main] INFO  com.otabi.jcodroneedu.Drone - Drone instance created and ready for connection.
2025-11-15 19:04:43.695 [main] INFO  com.otabi.jcodroneedu.SerialPortManager - Detected CoDrone EDU controller at port cu.usbmodem3973337534311
2025-11-15 19:04:43.734 [main] INFO  com.otabi.jcodroneedu.SerialPortManager - Connected to cu.usbmodem3973337534311
2025-11-15 19:04:43.945 [main] INFO  com.otabi.jcodroneedu.Drone - Connection established - Model: DRONE_8_DRONE_P1, Firmware: 25.2.1, Battery: 100%
2025-11-15 19:06:16.635 [main] INFO  com.otabi.jcodroneedu.SerialPortManager - Serial port disconnected.
2025-11-15 19:07:00.145 [main] INFO  com.otabi.jcodroneedu.Drone - Drone instance created and ready for connection.
2025-11-15 19:07:00.157 [main] INFO  com.otabi.jcodroneedu.SerialPortManager - Detected CoDrone EDU controller at port cu.usbmodem3973337534311
2025-11-15 19:07:00.196 [main] INFO  com.otabi.jcodroneedu.SerialPortManager - Connected to cu.usbmodem3973337534311
2025-11-15 19:07:00.409 [main] INFO  com.otabi.jcodroneedu.Drone - Connection established - Model: DRONE_8_DRONE_P1, Firmware: 25.2.1, Battery: 100%
2025-11-15 19:07:01.013 [Thread-1] WARN  com.otabi.jcodroneedu.receiver.Receiver - Invalid start sequence. Expected 0x55, got 0x00
2025-11-15 19:07:04.615 [Thread-1] WARN  com.otabi.jcodroneedu.receiver.Receiver - Invalid start sequence. Expected 0x55, got 0x00
2025-11-15 19:07:08.216 [Thread-1] WARN  com.otabi.jcodroneedu.receiver.Receiver - Invalid start sequence. Expected 0x55, got 0x00
2025-11-15 19:07:11.817 [Thread-1] WARN  com.otabi.jcodroneedu.receiver.Receiver - Invalid start sequence. Expected 0x55, got 0x00
2025-11-15 19:07:15.417 [Thread-1] WARN  com.otabi.jcodroneedu.receiver.Receiver - Invalid start sequence. Expected 0x55, got 0x00
2025-11-15 19:07:19.020 [Thread-1] WARN  com.otabi.jcodroneedu.receiver.Receiver - Invalid start sequence. Expected 0x55, got 0x00
2025-11-15 19:07:22.620 [Thread-1] WARN  com.otabi.jcodroneedu.receiver.Receiver - Invalid start sequence. Expected 0x55, got 0x00
2025-11-15 19:07:24.317 [main] INFO  com.otabi.jcodroneedu.SerialPortManager - Serial port disconnected.
2025-11-15 19:08:17.020 [main] INFO  com.otabi.jcodroneedu.Drone - Drone instance created and ready for connection.
2025-11-15 19:08:17.035 [main] INFO  com.otabi.jcodroneedu.SerialPortManager - Detected CoDrone EDU controller at port cu.usbmodem3973337534311
2025-11-15 19:08:17.074 [main] INFO  com.otabi.jcodroneedu.SerialPortManager - Connected to cu.usbmodem3973337534311
2025-11-15 19:08:17.284 [main] INFO  com.otabi.jcodroneedu.Drone - Connection established - Model: DRONE_8_DRONE_P1, Firmware: 25.2.1, Battery: 99%
2025-11-15 19:08:42.761 [main] INFO  com.otabi.jcodroneedu.SerialPortManager - Serial port disconnected.
2025-11-15 19:09:15.050 [main] INFO  com.otabi.jcodroneedu.Drone - Drone instance created and ready for connection.
2025-11-15 19:09:15.061 [main] INFO  com.otabi.jcodroneedu.SerialPortManager - Detected CoDrone EDU controller at port cu.usbmodem3973337534311
2025-11-15 19:09:15.100 [main] INFO  com.otabi.jcodroneedu.SerialPortManager - Connected to cu.usbmodem3973337534311
2025-11-15 19:09:15.312 [main] INFO  com.otabi.jcodroneedu.Drone - Connection established - Model: DRONE_8_DRONE_P1, Firmware: 25.2.1, Battery: 99%
2025-11-15 19:09:29.121 [main] INFO  com.otabi.jcodroneedu.SerialPortManager - Serial port disconnected.
2025-11-15 19:10:10.188 [main] INFO  com.otabi.jcodroneedu.Drone - Drone instance created and ready for connection.
2025-11-15 19:10:10.201 [main] INFO  com.otabi.jcodroneedu.SerialPortManager - Detected CoDrone EDU controller at port cu.usbmodem3973337534311
2025-11-15 19:10:10.240 [main] INFO  com.otabi.jcodroneedu.SerialPortManager - Connected to cu.usbmodem3973337534311
2025-11-15 19:10:10.448 [main] INFO  com.otabi.jcodroneedu.Drone - Connection established - Model: DRONE_8_DRONE_P1, Firmware: 25.2.1, Battery: 99%
2025-11-15 19:10:24.282 [main] INFO  com.otabi.jcodroneedu.SerialPortManager - Serial port disconnected.
2025-11-15 19:13:14.708 [main] INFO  com.otabi.jcodroneedu.Drone - Drone instance created and ready for connection.
2025-11-15 19:13:14.719 [main] INFO  com.otabi.jcodroneedu.SerialPortManager - Detected CoDrone EDU controller at port cu.usbmodem3973337534311
2025-11-15 19:13:14.765 [main] INFO  com.otabi.jcodroneedu.SerialPortManager - Connected to cu.usbmodem3973337534311
2025-11-15 19:13:15.032 [main] INFO  com.otabi.jcodroneedu.Drone - Connection established - Model: DRONE_8_DRONE_P1, Firmware: 25.2.1, Battery: 98%
2025-11-15 19:13:29.236 [main] INFO  com.otabi.jcodroneedu.SerialPortManager - Serial port disconnected.
2025-11-15 19:15:04.886 [main] INFO  com.otabi.jcodroneedu.Drone - Drone instance created and ready for connection.
2025-11-15 19:15:04.897 [main] INFO  com.otabi.jcodroneedu.SerialPortManager - Detected CoDrone EDU controller at port cu.usbmodem3973337534311
2025-11-15 19:15:04.936 [main] INFO  com.otabi.jcodroneedu.SerialPortManager - Connected to cu.usbmodem3973337534311
2025-11-15 19:15:05.145 [main] INFO  com.otabi.jcodroneedu.Drone - Connection established - Model: DRONE_8_DRONE_P1, Firmware: 25.2.1, Battery: 97%
2025-11-15 19:16:33.596 [main] INFO  com.otabi.jcodroneedu.SerialPortManager - Serial port disconnected.
2025-11-15 19:17:41.570 [main] INFO  com.otabi.jcodroneedu.Drone - Drone instance created and ready for connection.
2025-11-15 19:17:41.581 [main] INFO  com.otabi.jcodroneedu.SerialPortManager - Detected CoDrone EDU controller at port cu.usbmodem3973337534311
2025-11-15 19:17:41.620 [main] INFO  com.otabi.jcodroneedu.SerialPortManager - Connected to cu.usbmodem3973337534311
2025-11-15 19:17:41.828 [main] INFO  com.otabi.jcodroneedu.Drone - Connection established - Model: DRONE_8_DRONE_P1, Firmware: 25.2.1, Battery: 96%
2025-11-15 19:18:42.368 [main] INFO  com.otabi.jcodroneedu.SerialPortManager - Serial port disconnected.
2025-11-15 19:19:44.064 [main] INFO  com.otabi.jcodroneedu.Drone - Drone instance created and ready for connection.
2025-11-15 19:19:44.078 [main] INFO  com.otabi.jcodroneedu.SerialPortManager - Detected CoDrone EDU controller at port cu.usbmodem3973337534311
2025-11-15 19:19:44.118 [main] INFO  com.otabi.jcodroneedu.SerialPortManager - Connected to cu.usbmodem3973337534311
2025-11-15 19:19:44.333 [main] INFO  com.otabi.jcodroneedu.Drone - Connection established - Model: DRONE_8_DRONE_P1, Firmware: 25.2.1, Battery: 95%
2025-11-15 19:20:13.732 [main] INFO  com.otabi.jcodroneedu.SerialPortManager - Serial port disconnected.
2025-11-15 19:21:12.139 [main] INFO  com.otabi.jcodroneedu.Drone - Drone instance created and ready for connection.
2025-11-15 19:21:12.150 [main] INFO  com.otabi.jcodroneedu.SerialPortManager - Detected CoDrone EDU controller at port cu.usbmodem3973337534311
2025-11-15 19:21:12.189 [main] INFO  com.otabi.jcodroneedu.SerialPortManager - Connected to cu.usbmodem3973337534311
2025-11-15 19:21:12.400 [main] INFO  com.otabi.jcodroneedu.Drone - Connection established - Model: DRONE_8_DRONE_P1, Firmware: 25.2.1, Battery: 95%
2025-11-15 19:21:40.896 [main] INFO  com.otabi.jcodroneedu.SerialPortManager - Serial port disconnected.
2025-11-15 19:25:29.167 [main] INFO  com.otabi.jcodroneedu.Drone - Drone instance created and ready for connection.
2025-11-15 19:25:29.178 [main] INFO  com.otabi.jcodroneedu.SerialPortManager - Detected CoDrone EDU controller at port cu.usbmodem3973337534311
2025-11-15 19:25:29.216 [main] INFO  com.otabi.jcodroneedu.SerialPortManager - Connected to cu.usbmodem3973337534311
2025-11-15 19:25:29.427 [main] INFO  com.otabi.jcodroneedu.Drone - Connection established - Model: DRONE_8_DRONE_P1, Firmware: 25.2.1, Battery: 93%
2025-11-15 19:25:34.803 [main] INFO  com.otabi.jcodroneedu.SerialPortManager - Serial port disconnected.
2025-11-15 19:26:49.683 [main] INFO  com.otabi.jcodroneedu.Drone - Drone instance created and ready for connection.
2025-11-15 19:26:49.699 [main] INFO  com.otabi.jcodroneedu.SerialPortManager - Detected CoDrone EDU controller at port cu.usbmodem3973337534311
2025-11-15 19:26:49.737 [main] INFO  com.otabi.jcodroneedu.SerialPortManager - Connected to cu.usbmodem3973337534311
2025-11-15 19:26:49.944 [main] INFO  com.otabi.jcodroneedu.Drone - Connection established - Model: DRONE_8_DRONE_P1, Firmware: 25.2.1, Battery: 0%
2025-11-15 19:27:18.408 [main] INFO  com.otabi.jcodroneedu.SerialPortManager - Serial port disconnected.
2025-11-15 19:29:56.362 [main] INFO  com.otabi.jcodroneedu.Drone - Drone instance created and ready for connection.
2025-11-15 19:29:56.378 [main] INFO  com.otabi.jcodroneedu.SerialPortManager - Detected CoDrone EDU controller at port cu.usbmodem3973337534311
2025-11-15 19:29:56.417 [main] INFO  com.otabi.jcodroneedu.SerialPortManager - Connected to cu.usbmodem3973337534311
2025-11-15 19:29:56.630 [main] INFO  com.otabi.jcodroneedu.Drone - Connection established - Model: DRONE_8_DRONE_P1, Firmware: 25.2.1, Battery: 91%
2025-11-15 19:30:11.491 [main] INFO  com.otabi.jcodroneedu.SerialPortManager - Serial port disconnected.
2025-11-15 19:31:15.764 [main] INFO  com.otabi.jcodroneedu.Drone - Drone instance created and ready for connection.
2025-11-15 19:31:15.782 [main] INFO  com.otabi.jcodroneedu.SerialPortManager - Detected CoDrone EDU controller at port cu.usbmodem3973337534311
2025-11-15 19:31:15.821 [main] INFO  com.otabi.jcodroneedu.SerialPortManager - Connected to cu.usbmodem3973337534311
2025-11-15 19:31:16.031 [main] INFO  com.otabi.jcodroneedu.Drone - Connection established - Model: DRONE_8_DRONE_P1, Firmware: 25.2.1, Battery: 90%
2025-11-15 19:31:19.994 [Thread-1] WARN  com.otabi.jcodroneedu.receiver.Receiver - Invalid start sequence. Expected 0x55, got 0x0A
2025-11-15 19:31:30.571 [main] INFO  com.otabi.jcodroneedu.SerialPortManager - Serial port disconnected.
2025-11-15 19:32:54.936 [main] INFO  com.otabi.jcodroneedu.Drone - Drone instance created and ready for connection.
2025-11-15 19:32:54.947 [main] INFO  com.otabi.jcodroneedu.SerialPortManager - Detected CoDrone EDU controller at port cu.usbmodem3973337534311
2025-11-15 19:32:54.986 [main] INFO  com.otabi.jcodroneedu.SerialPortManager - Connected to cu.usbmodem3973337534311
2025-11-15 19:32:55.192 [main] INFO  com.otabi.jcodroneedu.Drone - Connection established - Model: DRONE_8_DRONE_P1, Firmware: 25.2.1, Battery: 90%
2025-11-15 19:33:12.412 [main] INFO  com.otabi.jcodroneedu.SerialPortManager - Serial port disconnected.
2025-11-15 19:34:16.314 [main] INFO  com.otabi.jcodroneedu.Drone - Drone instance created and ready for connection.
2025-11-15 19:34:16.326 [main] INFO  com.otabi.jcodroneedu.SerialPortManager - Detected CoDrone EDU controller at port cu.usbmodem3973337534311
2025-11-15 19:34:16.365 [main] INFO  com.otabi.jcodroneedu.SerialPortManager - Connected to cu.usbmodem3973337534311
2025-11-15 19:34:16.475 [Thread-1] WARN  com.otabi.jcodroneedu.receiver.Receiver - Invalid start sequence. Expected 0x55, got 0x0A
2025-11-15 19:34:16.573 [main] ERROR com.otabi.jcodroneedu.Drone - Connection verification failed - State ready: true, Info available: false
2025-11-15 19:34:16.614 [main] INFO  com.otabi.jcodroneedu.SerialPortManager - Serial port disconnected.
2025-11-15 19:34:16.977 [main] ERROR com.otabi.jcodroneedu.SerialPortManager - Cannot write, serial port is not open.
2025-11-15 19:34:17.081 [main] ERROR com.otabi.jcodroneedu.SerialPortManager - Cannot write, serial port is not open.
2025-11-15 19:34:17.186 [main] ERROR com.otabi.jcodroneedu.SerialPortManager - Cannot write, serial port is not open.
2025-11-15 19:34:17.291 [main] ERROR com.otabi.jcodroneedu.SerialPortManager - Cannot write, serial port is not open.
2025-11-15 19:34:17.392 [main] ERROR com.otabi.jcodroneedu.SerialPortManager - Cannot write, serial port is not open.
2025-11-15 19:34:17.498 [main] ERROR com.otabi.jcodroneedu.SerialPortManager - Cannot write, serial port is not open.
2025-11-15 19:34:17.601 [main] ERROR com.otabi.jcodroneedu.SerialPortManager - Cannot write, serial port is not open.
2025-11-15 19:34:17.702 [main] ERROR com.otabi.jcodroneedu.SerialPortManager - Cannot write, serial port is not open.
2025-11-15 19:34:17.806 [main] ERROR com.otabi.jcodroneedu.SerialPortManager - Cannot write, serial port is not open.
2025-11-15 19:34:20.910 [main] ERROR com.otabi.jcodroneedu.SerialPortManager - Cannot write, serial port is not open.
2025-11-15 19:34:21.016 [main] ERROR com.otabi.jcodroneedu.SerialPortManager - Cannot write, serial port is not open.
2025-11-15 19:34:21.117 [main] ERROR com.otabi.jcodroneedu.SerialPortManager - Cannot write, serial port is not open.
2025-11-15 19:34:21.221 [main] ERROR com.otabi.jcodroneedu.SerialPortManager - Cannot write, serial port is not open.
2025-11-15 19:34:21.323 [main] ERROR com.otabi.jcodroneedu.SerialPortManager - Cannot write, serial port is not open.
2025-11-15 19:34:21.429 [main] ERROR com.otabi.jcodroneedu.SerialPortManager - Cannot write, serial port is not open.
2025-11-15 19:34:21.530 [main] ERROR com.otabi.jcodroneedu.SerialPortManager - Cannot write, serial port is not open.
2025-11-15 19:34:21.631 [main] ERROR com.otabi.jcodroneedu.SerialPortManager - Cannot write, serial port is not open.
2025-11-15 19:34:21.736 [main] ERROR com.otabi.jcodroneedu.SerialPortManager - Cannot write, serial port is not open.
2025-11-15 19:34:24.843 [main] ERROR com.otabi.jcodroneedu.SerialPortManager - Cannot write, serial port is not open.
2025-11-15 19:34:24.949 [main] ERROR com.otabi.jcodroneedu.SerialPortManager - Cannot write, serial port is not open.
2025-11-15 19:34:25.054 [main] ERROR com.otabi.jcodroneedu.SerialPortManager - Cannot write, serial port is not open.
2025-11-15 19:34:25.157 [main] ERROR com.otabi.jcodroneedu.SerialPortManager - Cannot write, serial port is not open.
2025-11-15 19:34:25.262 [main] ERROR com.otabi.jcodroneedu.SerialPortManager - Cannot write, serial port is not open.
2025-11-15 19:34:25.367 [main] ERROR com.otabi.jcodroneedu.SerialPortManager - Cannot write, serial port is not open.
2025-11-15 19:34:25.473 [main] ERROR com.otabi.jcodroneedu.SerialPortManager - Cannot write, serial port is not open.
2025-11-15 19:34:25.578 [main] ERROR com.otabi.jcodroneedu.SerialPortManager - Cannot write, serial port is not open.
2025-11-15 19:34:25.684 [main] ERROR com.otabi.jcodroneedu.SerialPortManager - Cannot write, serial port is not open.
2025-11-15 19:34:28.796 [main] ERROR com.otabi.jcodroneedu.SerialPortManager - Cannot write, serial port is not open.
2025-11-15 19:34:28.898 [main] ERROR com.otabi.jcodroneedu.SerialPortManager - Cannot write, serial port is not open.
2025-11-15 19:34:29.004 [main] ERROR com.otabi.jcodroneedu.SerialPortManager - Cannot write, serial port is not open.
2025-11-15 19:34:29.106 [main] ERROR com.otabi.jcodroneedu.SerialPortManager - Cannot write, serial port is not open.
2025-11-15 19:34:29.212 [main] ERROR com.otabi.jcodroneedu.SerialPortManager - Cannot write, serial port is not open.
2025-11-15 19:34:29.317 [main] ERROR com.otabi.jcodroneedu.SerialPortManager - Cannot write, serial port is not open.
2025-11-15 19:34:29.422 [main] ERROR com.otabi.jcodroneedu.SerialPortManager - Cannot write, serial port is not open.
2025-11-15 19:34:29.529 [main] ERROR com.otabi.jcodroneedu.SerialPortManager - Cannot write, serial port is not open.
2025-11-15 19:34:29.635 [main] ERROR com.otabi.jcodroneedu.SerialPortManager - Cannot write, serial port is not open.
2025-11-15 19:34:32.746 [main] ERROR com.otabi.jcodroneedu.SerialPortManager - Cannot write, serial port is not open.
2025-11-15 19:34:32.849 [main] ERROR com.otabi.jcodroneedu.SerialPortManager - Cannot write, serial port is not open.
2025-11-15 19:34:32.953 [main] ERROR com.otabi.jcodroneedu.SerialPortManager - Cannot write, serial port is not open.
2025-11-15 19:34:33.059 [main] ERROR com.otabi.jcodroneedu.SerialPortManager - Cannot write, serial port is not open.
2025-11-15 19:34:33.164 [main] ERROR com.otabi.jcodroneedu.SerialPortManager - Cannot write, serial port is not open.
2025-11-15 19:34:33.270 [main] ERROR com.otabi.jcodroneedu.SerialPortManager - Cannot write, serial port is not open.
2025-11-15 19:34:33.373 [main] ERROR com.otabi.jcodroneedu.SerialPortManager - Cannot write, serial port is not open.
2025-11-15 19:34:33.477 [main] ERROR com.otabi.jcodroneedu.SerialPortManager - Cannot write, serial port is not open.
2025-11-15 19:34:33.581 [main] ERROR com.otabi.jcodroneedu.SerialPortManager - Cannot write, serial port is not open.
2025-11-15 19:35:10.303 [main] INFO  com.otabi.jcodroneedu.Drone - Drone instance created and ready for connection.
2025-11-15 19:35:10.315 [main] INFO  com.otabi.jcodroneedu.SerialPortManager - Detected CoDrone EDU controller at port cu.usbmodem3973337534311
2025-11-15 19:35:10.359 [main] INFO  com.otabi.jcodroneedu.SerialPortManager - Connected to cu.usbmodem3973337534311
2025-11-15 19:35:10.568 [main] ERROR com.otabi.jcodroneedu.Drone - Connection verification failed - State ready: true, Info available: false
2025-11-15 19:35:10.616 [main] INFO  com.otabi.jcodroneedu.SerialPortManager - Serial port disconnected.
2025-11-15 19:35:10.915 [main] ERROR com.otabi.jcodroneedu.SerialPortManager - Cannot write, serial port is not open.
2025-11-15 19:35:11.021 [main] ERROR com.otabi.jcodroneedu.SerialPortManager - Cannot write, serial port is not open.
2025-11-15 19:35:11.123 [main] ERROR com.otabi.jcodroneedu.SerialPortManager - Cannot write, serial port is not open.
2025-11-15 19:35:11.229 [main] ERROR com.otabi.jcodroneedu.SerialPortManager - Cannot write, serial port is not open.
2025-11-15 19:35:11.334 [main] ERROR com.otabi.jcodroneedu.SerialPortManager - Cannot write, serial port is not open.
2025-11-15 19:35:11.439 [main] ERROR com.otabi.jcodroneedu.SerialPortManager - Cannot write, serial port is not open.
2025-11-15 19:35:11.545 [main] ERROR com.otabi.jcodroneedu.SerialPortManager - Cannot write, serial port is not open.
2025-11-15 19:35:11.646 [main] ERROR com.otabi.jcodroneedu.SerialPortManager - Cannot write, serial port is not open.
2025-11-15 19:35:11.750 [main] ERROR com.otabi.jcodroneedu.SerialPortManager - Cannot write, serial port is not open.
2025-11-15 19:35:14.859 [main] ERROR com.otabi.jcodroneedu.SerialPortManager - Cannot write, serial port is not open.
2025-11-15 19:35:14.965 [main] ERROR com.otabi.jcodroneedu.SerialPortManager - Cannot write, serial port is not open.
2025-11-15 19:35:15.169 [main] ERROR com.otabi.jcodroneedu.SerialPortManager - Cannot write, serial port is not open.
2025-11-15 19:35:15.273 [main] ERROR com.otabi.jcodroneedu.SerialPortManager - Cannot write, serial port is not open.
2025-11-15 19:35:15.378 [main] ERROR com.otabi.jcodroneedu.SerialPortManager - Cannot write, serial port is not open.
2025-11-15 19:35:15.483 [main] ERROR com.otabi.jcodroneedu.SerialPortManager - Cannot write, serial port is not open.
2025-11-15 19:35:15.589 [main] ERROR com.otabi.jcodroneedu.SerialPortManager - Cannot write, serial port is not open.
2025-11-15 19:35:15.694 [main] ERROR com.otabi.jcodroneedu.SerialPortManager - Cannot write, serial port is not open.
2025-11-15 19:35:15.799 [main] ERROR com.otabi.jcodroneedu.SerialPortManager - Cannot write, serial port is not open.
2025-11-15 19:35:18.909 [main] ERROR com.otabi.jcodroneedu.SerialPortManager - Cannot write, serial port is not open.
2025-11-15 19:35:19.022 [main] ERROR com.otabi.jcodroneedu.SerialPortManager - Cannot write, serial port is not open.
2025-11-15 19:35:19.123 [main] ERROR com.otabi.jcodroneedu.SerialPortManager - Cannot write, serial port is not open.
2025-11-15 19:35:19.228 [main] ERROR com.otabi.jcodroneedu.SerialPortManager - Cannot write, serial port is not open.
2025-11-15 19:35:19.334 [main] ERROR com.otabi.jcodroneedu.SerialPortManager - Cannot write, serial port is not open.
2025-11-15 19:35:19.439 [main] ERROR com.otabi.jcodroneedu.SerialPortManager - Cannot write, serial port is not open.
2025-11-15 19:35:19.540 [main] ERROR com.otabi.jcodroneedu.SerialPortManager - Cannot write, serial port is not open.
2025-11-15 19:35:19.641 [main] ERROR com.otabi.jcodroneedu.SerialPortManager - Cannot write, serial port is not open.
2025-11-15 19:35:19.744 [main] ERROR com.otabi.jcodroneedu.SerialPortManager - Cannot write, serial port is not open.
2025-11-15 19:35:23.010 [main] ERROR com.otabi.jcodroneedu.SerialPortManager - Cannot write, serial port is not open.
2025-11-15 19:35:23.113 [main] ERROR com.otabi.jcodroneedu.SerialPortManager - Cannot write, serial port is not open.
2025-11-15 19:35:23.218 [main] ERROR com.otabi.jcodroneedu.SerialPortManager - Cannot write, serial port is not open.
2025-11-15 19:35:23.324 [main] ERROR com.otabi.jcodroneedu.SerialPortManager - Cannot write, serial port is not open.
2025-11-15 19:35:23.425 [main] ERROR com.otabi.jcodroneedu.SerialPortManager - Cannot write, serial port is not open.
2025-11-15 19:35:23.530 [main] ERROR com.otabi.jcodroneedu.SerialPortManager - Cannot write, serial port is not open.
2025-11-15 19:35:23.632 [main] ERROR com.otabi.jcodroneedu.SerialPortManager - Cannot write, serial port is not open.
2025-11-15 19:35:23.737 [main] ERROR com.otabi.jcodroneedu.SerialPortManager - Cannot write, serial port is not open.
2025-11-15 19:35:23.839 [main] ERROR com.otabi.jcodroneedu.SerialPortManager - Cannot write, serial port is not open.
2025-11-15 19:35:26.953 [main] ERROR com.otabi.jcodroneedu.SerialPortManager - Cannot write, serial port is not open.
2025-11-15 19:35:27.057 [main] ERROR com.otabi.jcodroneedu.SerialPortManager - Cannot write, serial port is not open.
2025-11-15 19:35:27.162 [main] ERROR com.otabi.jcodroneedu.SerialPortManager - Cannot write, serial port is not open.
2025-11-15 19:35:27.268 [main] ERROR com.otabi.jcodroneedu.SerialPortManager - Cannot write, serial port is not open.
2025-11-15 19:35:27.373 [main] ERROR com.otabi.jcodroneedu.SerialPortManager - Cannot write, serial port is not open.
2025-11-15 19:35:27.474 [main] ERROR com.otabi.jcodroneedu.SerialPortManager - Cannot write, serial port is not open.
2025-11-15 19:35:27.575 [main] ERROR com.otabi.jcodroneedu.SerialPortManager - Cannot write, serial port is not open.
2025-11-15 19:35:27.677 [main] ERROR com.otabi.jcodroneedu.SerialPortManager - Cannot write, serial port is not open.
2025-11-15 19:35:27.782 [main] ERROR com.otabi.jcodroneedu.SerialPortManager - Cannot write, serial port is not open.
2025-11-15 19:35:55.698 [main] INFO  com.otabi.jcodroneedu.Drone - Drone instance created and ready for connection.
2025-11-15 19:35:55.710 [main] INFO  com.otabi.jcodroneedu.SerialPortManager - Detected CoDrone EDU controller at port cu.usbmodem3973337534311
2025-11-15 19:35:55.749 [main] INFO  com.otabi.jcodroneedu.SerialPortManager - Connected to cu.usbmodem3973337534311
2025-11-15 19:35:55.957 [main] INFO  com.otabi.jcodroneedu.Drone - Connection established - Model: DRONE_8_DRONE_P1, Firmware: 25.2.1, Battery: 0%
2025-11-15 19:36:03.133 [main] INFO  com.otabi.jcodroneedu.SerialPortManager - Serial port disconnected.
2025-11-15 19:37:23.224 [main] INFO  com.otabi.jcodroneedu.Drone - Drone instance created and ready for connection.
2025-11-15 19:37:23.235 [main] INFO  com.otabi.jcodroneedu.SerialPortManager - Detected CoDrone EDU controller at port cu.usbmodem3973337534311
2025-11-15 19:37:23.274 [main] INFO  com.otabi.jcodroneedu.SerialPortManager - Connected to cu.usbmodem3973337534311
2025-11-15 19:37:23.485 [main] INFO  com.otabi.jcodroneedu.Drone - Connection established - Model: DRONE_8_DRONE_P1, Firmware: 25.2.1, Battery: 89%
2025-11-15 19:37:30.816 [main] INFO  com.otabi.jcodroneedu.SerialPortManager - Serial port disconnected.
2025-11-15 19:40:52.669 [main] INFO  com.otabi.jcodroneedu.Drone - Drone instance created and ready for connection.
2025-11-15 19:40:52.682 [main] INFO  com.otabi.jcodroneedu.SerialPortManager - Detected CoDrone EDU controller at port cu.usbmodem3973337534311
2025-11-15 19:40:52.721 [main] INFO  com.otabi.jcodroneedu.SerialPortManager - Connected to cu.usbmodem3973337534311
2025-11-15 19:40:52.930 [main] INFO  com.otabi.jcodroneedu.Drone - Connection established - Model: DRONE_8_DRONE_P1, Firmware: 25.2.1, Battery: 88%
2025-11-15 19:40:53.101 [main] INFO  com.otabi.jcodroneedu.SerialPortManager - Serial port disconnected.
2025-11-15 19:45:49.529 [main] INFO  com.otabi.jcodroneedu.Drone - Drone instance created and ready for connection.
2025-11-15 19:45:49.540 [main] INFO  com.otabi.jcodroneedu.SerialPortManager - Detected CoDrone EDU controller at port cu.usbmodem3973337534311
2025-11-15 19:45:49.579 [main] INFO  com.otabi.jcodroneedu.SerialPortManager - Connected to cu.usbmodem3973337534311
2025-11-15 19:45:49.791 [main] INFO  com.otabi.jcodroneedu.Drone - Connection established - Model: DRONE_8_DRONE_P1, Firmware: 25.2.1, Battery: 86%
2025-11-15 19:45:49.955 [main] INFO  com.otabi.jcodroneedu.SerialPortManager - Serial port disconnected.
2025-11-15 19:47:32.178 [main] INFO  com.otabi.jcodroneedu.Drone - Drone instance created and ready for connection.
2025-11-15 19:47:32.191 [main] INFO  com.otabi.jcodroneedu.SerialPortManager - Detected CoDrone EDU controller at port cu.usbmodem3973337534311
2025-11-15 19:47:32.230 [main] INFO  com.otabi.jcodroneedu.SerialPortManager - Connected to cu.usbmodem3973337534311
2025-11-15 19:47:32.442 [main] INFO  com.otabi.jcodroneedu.Drone - Connection established - Model: DRONE_8_DRONE_P1, Firmware: 25.2.1, Battery: 85%
2025-11-15 19:47:32.599 [main] INFO  com.otabi.jcodroneedu.SerialPortManager - Serial port disconnected.
2025-11-15 19:48:25.405 [main] INFO  com.otabi.jcodroneedu.Drone - Drone instance created and ready for connection.
2025-11-15 19:48:25.416 [main] INFO  com.otabi.jcodroneedu.SerialPortManager - Detected CoDrone EDU controller at port cu.usbmodem3973337534311
2025-11-15 19:48:25.455 [main] INFO  com.otabi.jcodroneedu.SerialPortManager - Connected to cu.usbmodem3973337534311
2025-11-15 19:48:25.669 [main] INFO  com.otabi.jcodroneedu.Drone - Connection established - Model: DRONE_8_DRONE_P1, Firmware: 25.2.1, Battery: 85%
2025-11-15 19:48:34.726 [main] INFO  com.otabi.jcodroneedu.SerialPortManager - Serial port disconnected.
2025-11-15 19:49:34.416 [main] INFO  com.otabi.jcodroneedu.Drone - Drone instance created and ready for connection.
2025-11-15 19:49:34.427 [main] INFO  com.otabi.jcodroneedu.SerialPortManager - Detected CoDrone EDU controller at port cu.usbmodem3973337534311
2025-11-15 19:49:34.466 [main] INFO  com.otabi.jcodroneedu.SerialPortManager - Connected to cu.usbmodem3973337534311
2025-11-15 19:49:34.679 [main] INFO  com.otabi.jcodroneedu.Drone - Connection established - Model: DRONE_8_DRONE_P1, Firmware: 25.2.1, Battery: 85%
2025-11-15 19:49:42.839 [main] INFO  com.otabi.jcodroneedu.SerialPortManager - Serial port disconnected.
2025-11-15 19:50:44.721 [main] INFO  com.otabi.jcodroneedu.Drone - Drone instance created and ready for connection.
2025-11-15 19:50:44.732 [main] INFO  com.otabi.jcodroneedu.SerialPortManager - Detected CoDrone EDU controller at port cu.usbmodem3973337534311
2025-11-15 19:50:44.771 [main] INFO  com.otabi.jcodroneedu.SerialPortManager - Connected to cu.usbmodem3973337534311
2025-11-15 19:50:44.983 [main] INFO  com.otabi.jcodroneedu.Drone - Connection established - Model: DRONE_8_DRONE_P1, Firmware: 25.2.1, Battery: 85%
2025-11-15 19:50:51.424 [main] INFO  com.otabi.jcodroneedu.SerialPortManager - Serial port disconnected.
2025-11-15 19:52:10.855 [main] INFO  com.otabi.jcodroneedu.Drone - Drone instance created and ready for connection.
2025-11-15 19:52:10.867 [main] INFO  com.otabi.jcodroneedu.SerialPortManager - Detected CoDrone EDU controller at port cu.usbmodem3973337534311
2025-11-15 19:52:10.905 [main] INFO  com.otabi.jcodroneedu.SerialPortManager - Connected to cu.usbmodem3973337534311
2025-11-15 19:52:11.117 [main] ERROR com.otabi.jcodroneedu.Drone - Connection verification failed - State ready: false, Info available: true
2025-11-15 19:52:11.145 [main] INFO  com.otabi.jcodroneedu.SerialPortManager - Serial port disconnected.
2025-11-15 19:52:11.659 [main] ERROR com.otabi.jcodroneedu.SerialPortManager - Cannot write, serial port is not open.
2025-11-15 19:52:11.765 [main] ERROR com.otabi.jcodroneedu.SerialPortManager - Cannot write, serial port is not open.
2025-11-15 19:52:11.870 [main] ERROR com.otabi.jcodroneedu.SerialPortManager - Cannot write, serial port is not open.
2025-11-15 19:52:11.975 [main] ERROR com.otabi.jcodroneedu.SerialPortManager - Cannot write, serial port is not open.
2025-11-15 19:52:12.076 [main] ERROR com.otabi.jcodroneedu.SerialPortManager - Cannot write, serial port is not open.
2025-11-15 19:52:12.180 [main] ERROR com.otabi.jcodroneedu.SerialPortManager - Cannot write, serial port is not open.
2025-11-15 19:52:12.282 [main] ERROR com.otabi.jcodroneedu.SerialPortManager - Cannot write, serial port is not open.
2025-11-15 19:52:12.383 [main] ERROR com.otabi.jcodroneedu.SerialPortManager - Cannot write, serial port is not open.
2025-11-15 19:52:12.489 [main] ERROR com.otabi.jcodroneedu.SerialPortManager - Cannot write, serial port is not open.
2025-11-15 19:52:40.081 [main] INFO  com.otabi.jcodroneedu.Drone - Drone instance created and ready for connection.
2025-11-15 19:52:40.093 [main] INFO  com.otabi.jcodroneedu.SerialPortManager - Detected CoDrone EDU controller at port cu.usbmodem3973337534311
2025-11-15 19:52:40.132 [main] INFO  com.otabi.jcodroneedu.SerialPortManager - Connected to cu.usbmodem3973337534311
2025-11-15 19:52:40.344 [main] INFO  com.otabi.jcodroneedu.Drone - Connection established - Model: DRONE_8_DRONE_P1, Firmware: 25.2.1, Battery: 84%
2025-11-15 19:52:46.627 [main] INFO  com.otabi.jcodroneedu.SerialPortManager - Serial port disconnected.
2025-11-15 19:53:49.708 [main] INFO  com.otabi.jcodroneedu.Drone - Drone instance created and ready for connection.
2025-11-15 19:53:49.720 [main] INFO  com.otabi.jcodroneedu.SerialPortManager - Detected CoDrone EDU controller at port cu.usbmodem3973337534311
2025-11-15 19:53:49.759 [main] INFO  com.otabi.jcodroneedu.SerialPortManager - Connected to cu.usbmodem3973337534311
2025-11-15 19:53:49.966 [main] INFO  com.otabi.jcodroneedu.Drone - Connection established - Model: DRONE_8_DRONE_P1, Firmware: 25.2.1, Battery: 84%
2025-11-15 19:53:56.509 [main] INFO  com.otabi.jcodroneedu.SerialPortManager - Serial port disconnected.
2025-11-15 19:56:00.210 [main] INFO  com.otabi.jcodroneedu.Drone - Drone instance created and ready for connection.
2025-11-15 19:56:00.222 [main] INFO  com.otabi.jcodroneedu.SerialPortManager - Detected CoDrone EDU controller at port cu.usbmodem3973337534311
2025-11-15 19:56:00.260 [main] INFO  com.otabi.jcodroneedu.SerialPortManager - Connected to cu.usbmodem3973337534311
2025-11-15 19:56:00.473 [main] INFO  com.otabi.jcodroneedu.Drone - Connection established - Model: DRONE_8_DRONE_P1, Firmware: 25.2.1, Battery: 83%
2025-11-15 19:56:07.153 [main] INFO  com.otabi.jcodroneedu.SerialPortManager - Serial port disconnected.
2025-11-15 19:59:34.304 [main] INFO  com.otabi.jcodroneedu.Drone - Drone instance created and ready for connection.
2025-11-15 19:59:34.329 [main] INFO  com.otabi.jcodroneedu.SerialPortManager - Detected CoDrone EDU controller at port cu.usbmodem3973337534311
2025-11-15 19:59:34.369 [main] INFO  com.otabi.jcodroneedu.SerialPortManager - Connected to cu.usbmodem3973337534311
2025-11-15 19:59:34.583 [main] ERROR com.otabi.jcodroneedu.Drone - Connection verification failed - State ready: true, Info available: false
2025-11-15 19:59:34.639 [main] INFO  com.otabi.jcodroneedu.SerialPortManager - Serial port disconnected.
2025-11-15 19:59:36.009 [main] ERROR com.otabi.jcodroneedu.SerialPortManager - Cannot write, serial port is not open.
2025-11-15 19:59:36.162 [main] ERROR com.otabi.jcodroneedu.SerialPortManager - Cannot write, serial port is not open.
2025-11-15 19:59:36.318 [main] ERROR com.otabi.jcodroneedu.SerialPortManager - Cannot write, serial port is not open.
2025-11-15 19:59:36.605 [main] ERROR com.otabi.jcodroneedu.SerialPortManager - Cannot write, serial port is not open.
2025-11-15 19:59:36.794 [main] ERROR com.otabi.jcodroneedu.SerialPortManager - Cannot write, serial port is not open.
2025-11-15 19:59:36.955 [main] ERROR com.otabi.jcodroneedu.SerialPortManager - Cannot write, serial port is not open.
2025-11-15 19:59:37.108 [main] ERROR com.otabi.jcodroneedu.SerialPortManager - Cannot write, serial port is not open.
2025-11-15 19:59:37.263 [main] ERROR com.otabi.jcodroneedu.SerialPortManager - Cannot write, serial port is not open.
2025-11-15 19:59:37.418 [main] ERROR com.otabi.jcodroneedu.SerialPortManager - Cannot write, serial port is not open.
2025-11-15 19:59:53.311 [main] INFO  com.otabi.jcodroneedu.Drone - Drone instance created and ready for connection.
2025-11-15 19:59:53.323 [main] INFO  com.otabi.jcodroneedu.SerialPortManager - Detected CoDrone EDU controller at port cu.usbmodem3973337534311
2025-11-15 19:59:53.362 [main] INFO  com.otabi.jcodroneedu.SerialPortManager - Connected to cu.usbmodem3973337534311
2025-11-15 19:59:53.572 [main] INFO  com.otabi.jcodroneedu.Drone - Connection established - Model: DRONE_8_DRONE_P1, Firmware: 25.2.1, Battery: 82%
2025-11-15 20:00:00.316 [main] INFO  com.otabi.jcodroneedu.SerialPortManager - Serial port disconnected.
2025-11-15 20:00:24.325 [main] INFO  com.otabi.jcodroneedu.Drone - Drone instance created and ready for connection.
2025-11-15 20:00:24.336 [main] INFO  com.otabi.jcodroneedu.SerialPortManager - Detected CoDrone EDU controller at port cu.usbmodem3973337534311
2025-11-15 20:00:24.376 [main] INFO  com.otabi.jcodroneedu.SerialPortManager - Connected to cu.usbmodem3973337534311
2025-11-15 20:00:24.588 [main] INFO  com.otabi.jcodroneedu.Drone - Connection established - Model: DRONE_8_DRONE_P1, Firmware: 25.2.1, Battery: 82%
2025-11-15 20:00:31.357 [main] INFO  com.otabi.jcodroneedu.SerialPortManager - Serial port disconnected.
2025-11-15 20:00:51.466 [main] INFO  com.otabi.jcodroneedu.Drone - Drone instance created and ready for connection.
2025-11-15 20:00:51.479 [main] INFO  com.otabi.jcodroneedu.SerialPortManager - Detected CoDrone EDU controller at port cu.usbmodem3973337534311
2025-11-15 20:00:51.518 [main] INFO  com.otabi.jcodroneedu.SerialPortManager - Connected to cu.usbmodem3973337534311
2025-11-15 20:00:51.726 [main] INFO  com.otabi.jcodroneedu.Drone - Connection established - Model: DRONE_8_DRONE_P1, Firmware: 25.2.1, Battery: 82%
2025-11-15 20:00:58.637 [main] INFO  com.otabi.jcodroneedu.SerialPortManager - Serial port disconnected.
2025-11-15 20:01:04.888 [main] INFO  com.otabi.jcodroneedu.Drone - Drone instance created and ready for connection.
2025-11-15 20:01:04.906 [main] INFO  com.otabi.jcodroneedu.SerialPortManager - Detected CoDrone EDU controller at port cu.usbmodem3973337534311
2025-11-15 20:01:04.949 [main] INFO  com.otabi.jcodroneedu.SerialPortManager - Connected to cu.usbmodem3973337534311
2025-11-15 20:01:05.156 [main] INFO  com.otabi.jcodroneedu.Drone - Connection established - Model: DRONE_8_DRONE_P1, Firmware: 25.2.1, Battery: 82%
2025-11-15 20:01:12.228 [main] INFO  com.otabi.jcodroneedu.SerialPortManager - Serial port disconnected.
2025-11-15 20:03:27.618 [main] INFO  com.otabi.jcodroneedu.Drone - Drone instance created and ready for connection.
2025-11-15 20:03:27.633 [main] INFO  com.otabi.jcodroneedu.SerialPortManager - Detected CoDrone EDU controller at port cu.usbmodem3973337534311
2025-11-15 20:03:27.674 [main] INFO  com.otabi.jcodroneedu.SerialPortManager - Connected to cu.usbmodem3973337534311
2025-11-15 20:03:27.887 [main] INFO  com.otabi.jcodroneedu.Drone - Connection established - Model: DRONE_8_DRONE_P1, Firmware: 25.2.1, Battery: 81%
2025-11-15 20:03:28.364 [main] ERROR com.otabi.jcodroneedu.Drone - Failed to send DisplayClear to controller: Failed to get ACK for null
2025-11-15 20:03:28.515 [main] ERROR com.otabi.jcodroneedu.Drone - Failed to send DisplayDrawImage to controller: Failed to get ACK for null
2025-11-15 20:03:28.670 [main] ERROR com.otabi.jcodroneedu.Drone - Failed to send DisplayDrawImage to controller: Failed to get ACK for null
2025-11-15 20:03:28.825 [main] ERROR com.otabi.jcodroneedu.Drone - Failed to send DisplayDrawImage to controller: Failed to get ACK for null
2025-11-15 20:03:28.977 [main] ERROR com.otabi.jcodroneedu.Drone - Failed to send DisplayDrawImage to controller: Failed to get ACK for null
2025-11-15 20:03:29.132 [main] ERROR com.otabi.jcodroneedu.Drone - Failed to send DisplayDrawImage to controller: Failed to get ACK for null
2025-11-15 20:03:29.287 [main] ERROR com.otabi.jcodroneedu.Drone - Failed to send DisplayDrawImage to controller: Failed to get ACK for null
2025-11-15 20:03:29.438 [main] ERROR com.otabi.jcodroneedu.Drone - Failed to send DisplayDrawImage to controller: Failed to get ACK for null
2025-11-15 20:03:29.594 [main] ERROR com.otabi.jcodroneedu.Drone - Failed to send DisplayDrawImage to controller: Failed to get ACK for null
2025-11-15 20:03:34.760 [main] INFO  com.otabi.jcodroneedu.SerialPortManager - Serial port disconnected.
2025-11-15 20:04:17.190 [main] INFO  com.otabi.jcodroneedu.Drone - Drone instance created and ready for connection.
2025-11-15 20:04:17.204 [main] INFO  com.otabi.jcodroneedu.SerialPortManager - Detected CoDrone EDU controller at port cu.usbmodem3973337534311
2025-11-15 20:04:17.244 [main] INFO  com.otabi.jcodroneedu.SerialPortManager - Connected to cu.usbmodem3973337534311
2025-11-15 20:04:17.452 [main] ERROR com.otabi.jcodroneedu.Drone - Connection verification failed - State ready: true, Info available: false
2025-11-15 20:04:17.480 [main] INFO  com.otabi.jcodroneedu.SerialPortManager - Serial port disconnected.
2025-11-15 20:04:17.915 [main] ERROR com.otabi.jcodroneedu.SerialPortManager - Cannot write, serial port is not open.
2025-11-15 20:04:18.117 [main] ERROR com.otabi.jcodroneedu.SerialPortManager - Cannot write, serial port is not open.
2025-11-15 20:04:18.317 [main] ERROR com.otabi.jcodroneedu.SerialPortManager - Cannot write, serial port is not open.
2025-11-15 20:04:18.519 [main] ERROR com.otabi.jcodroneedu.SerialPortManager - Cannot write, serial port is not open.
2025-11-15 20:04:18.721 [main] ERROR com.otabi.jcodroneedu.SerialPortManager - Cannot write, serial port is not open.
2025-11-15 20:04:18.922 [main] ERROR com.otabi.jcodroneedu.SerialPortManager - Cannot write, serial port is not open.
2025-11-15 20:04:19.124 [main] ERROR com.otabi.jcodroneedu.SerialPortManager - Cannot write, serial port is not open.
2025-11-15 20:04:19.332 [main] ERROR com.otabi.jcodroneedu.SerialPortManager - Cannot write, serial port is not open.
2025-11-15 20:04:19.535 [main] ERROR com.otabi.jcodroneedu.SerialPortManager - Cannot write, serial port is not open.
2025-11-15 20:04:42.544 [main] INFO  com.otabi.jcodroneedu.Drone - Drone instance created and ready for connection.
2025-11-15 20:04:42.556 [main] INFO  com.otabi.jcodroneedu.SerialPortManager - Detected CoDrone EDU controller at port cu.usbmodem3973337534311
2025-11-15 20:04:42.595 [main] INFO  com.otabi.jcodroneedu.SerialPortManager - Connected to cu.usbmodem3973337534311
2025-11-15 20:04:42.805 [main] INFO  com.otabi.jcodroneedu.Drone - Connection established - Model: DRONE_8_DRONE_P1, Firmware: 25.2.1, Battery: 80%
2025-11-15 20:04:49.970 [main] INFO  com.otabi.jcodroneedu.SerialPortManager - Serial port disconnected.
2025-11-15 20:06:50.847 [main] INFO  com.otabi.jcodroneedu.Drone - Drone instance created and ready for connection.
2025-11-15 20:06:50.859 [main] INFO  com.otabi.jcodroneedu.SerialPortManager - Detected CoDrone EDU controller at port cu.usbmodem3973337534311
2025-11-15 20:06:50.898 [main] INFO  com.otabi.jcodroneedu.SerialPortManager - Connected to cu.usbmodem3973337534311
2025-11-15 20:06:51.103 [main] INFO  com.otabi.jcodroneedu.Drone - Connection established - Model: DRONE_8_DRONE_P1, Firmware: 25.2.1, Battery: 80%
2025-11-15 20:06:58.412 [main] INFO  com.otabi.jcodroneedu.SerialPortManager - Serial port disconnected.
2025-11-15 20:07:41.872 [main] INFO  com.otabi.jcodroneedu.Drone - Drone instance created and ready for connection.
2025-11-15 20:07:41.883 [main] INFO  com.otabi.jcodroneedu.SerialPortManager - Detected CoDrone EDU controller at port cu.usbmodem3973337534311
2025-11-15 20:07:41.922 [main] INFO  com.otabi.jcodroneedu.SerialPortManager - Connected to cu.usbmodem3973337534311
2025-11-15 20:07:42.132 [main] INFO  com.otabi.jcodroneedu.Drone - Connection established - Model: DRONE_8_DRONE_P1, Firmware: 25.2.1, Battery: 80%
2025-11-15 20:07:49.334 [main] INFO  com.otabi.jcodroneedu.SerialPortManager - Serial port disconnected.
2025-11-15 20:09:54.850 [main] INFO  com.otabi.jcodroneedu.Drone - Drone instance created and ready for connection.
2025-11-15 20:09:54.861 [main] INFO  com.otabi.jcodroneedu.SerialPortManager - Detected CoDrone EDU controller at port cu.usbmodem3973337534311
2025-11-15 20:09:54.899 [main] INFO  com.otabi.jcodroneedu.SerialPortManager - Connected to cu.usbmodem3973337534311
2025-11-15 20:09:55.110 [main] INFO  com.otabi.jcodroneedu.Drone - Connection established - Model: DRONE_8_DRONE_P1, Firmware: 25.2.1, Battery: 79%
2025-11-15 20:10:04.386 [main] INFO  com.otabi.jcodroneedu.SerialPortManager - Serial port disconnected.
2025-11-15 20:11:15.307 [main] INFO  com.otabi.jcodroneedu.Drone - Drone instance created and ready for connection.
2025-11-15 20:11:15.391 [main] INFO  com.otabi.jcodroneedu.SerialPortManager - Detected CoDrone EDU controller at port cu.usbmodem3973337534311
2025-11-15 20:11:15.430 [main] INFO  com.otabi.jcodroneedu.SerialPortManager - Connected to cu.usbmodem3973337534311
2025-11-15 20:11:15.642 [main] INFO  com.otabi.jcodroneedu.Drone - Connection established - Model: DRONE_8_DRONE_P1, Firmware: 25.2.1, Battery: 79%
2025-11-15 20:12:36.997 [main] INFO  com.otabi.jcodroneedu.SerialPortManager - Serial port disconnected.
2025-11-15 20:15:09.303 [main] INFO  com.otabi.jcodroneedu.Drone - Drone instance created and ready for connection.
2025-11-15 20:15:09.314 [main] INFO  com.otabi.jcodroneedu.SerialPortManager - Detected CoDrone EDU controller at port cu.usbmodem3973337534311
2025-11-15 20:15:09.352 [main] INFO  com.otabi.jcodroneedu.SerialPortManager - Connected to cu.usbmodem3973337534311
2025-11-15 20:15:09.560 [main] INFO  com.otabi.jcodroneedu.Drone - Connection established - Model: DRONE_8_DRONE_P1, Firmware: 25.2.1, Battery: 78%
2025-11-15 20:15:34.446 [Thread-1] WARN  com.otabi.jcodroneedu.receiver.Receiver - Invalid start sequence. Expected 0x55, got 0x00
2025-11-15 20:15:38.044 [Thread-1] WARN  com.otabi.jcodroneedu.receiver.Receiver - Invalid start sequence. Expected 0x55, got 0x00
2025-11-15 20:15:41.645 [Thread-1] WARN  com.otabi.jcodroneedu.receiver.Receiver - Invalid start sequence. Expected 0x55, got 0x00
2025-11-15 20:15:45.246 [Thread-1] WARN  com.otabi.jcodroneedu.receiver.Receiver - Invalid start sequence. Expected 0x55, got 0x00
2025-11-15 20:15:48.848 [Thread-1] WARN  com.otabi.jcodroneedu.receiver.Receiver - Invalid start sequence. Expected 0x55, got 0x00
2025-11-15 20:15:52.450 [Thread-1] WARN  com.otabi.jcodroneedu.receiver.Receiver - Invalid start sequence. Expected 0x55, got 0x00
2025-11-15 20:15:56.050 [Thread-1] WARN  com.otabi.jcodroneedu.receiver.Receiver - Invalid start sequence. Expected 0x55, got 0x00
2025-11-15 20:15:59.651 [Thread-1] WARN  com.otabi.jcodroneedu.receiver.Receiver - Invalid start sequence. Expected 0x55, got 0x00
2025-11-15 20:16:00.748 [main] INFO  com.otabi.jcodroneedu.SerialPortManager - Serial port disconnected.
2025-11-15 20:21:43.166 [main] INFO  com.otabi.jcodroneedu.Drone - Drone instance created and ready for connection.
2025-11-15 20:21:43.184 [main] INFO  com.otabi.jcodroneedu.SerialPortManager - Detected CoDrone EDU controller at port cu.usbmodem3973337534311
2025-11-15 20:21:43.223 [main] INFO  com.otabi.jcodroneedu.SerialPortManager - Connected to cu.usbmodem3973337534311
2025-11-15 20:21:43.434 [main] INFO  com.otabi.jcodroneedu.Drone - Connection established - Model: DRONE_8_DRONE_P1, Firmware: 25.2.1, Battery: 77%
2025-11-15 20:22:35.778 [Thread-1] WARN  com.otabi.jcodroneedu.receiver.Receiver - Invalid start sequence. Expected 0x55, got 0x89
2025-11-15 20:22:37.934 [main] INFO  com.otabi.jcodroneedu.SerialPortManager - Serial port disconnected.
2025-11-15 20:23:48.051 [main] INFO  com.otabi.jcodroneedu.Drone - Drone instance created and ready for connection.
2025-11-15 20:23:48.062 [main] INFO  com.otabi.jcodroneedu.SerialPortManager - Detected CoDrone EDU controller at port cu.usbmodem3973337534311
2025-11-15 20:23:48.101 [main] INFO  com.otabi.jcodroneedu.SerialPortManager - Connected to cu.usbmodem3973337534311
2025-11-15 20:23:48.312 [main] INFO  com.otabi.jcodroneedu.Drone - Connection established - Model: DRONE_8_DRONE_P1, Firmware: 25.2.1, Battery: 77%
2025-11-15 20:24:42.770 [main] INFO  com.otabi.jcodroneedu.SerialPortManager - Serial port disconnected.
2025-11-15 20:25:44.032 [main] INFO  com.otabi.jcodroneedu.Drone - Drone instance created and ready for connection.
2025-11-15 20:25:44.042 [main] INFO  com.otabi.jcodroneedu.SerialPortManager - Detected CoDrone EDU controller at port cu.usbmodem3973337534311
2025-11-15 20:25:44.081 [main] INFO  com.otabi.jcodroneedu.SerialPortManager - Connected to cu.usbmodem3973337534311
2025-11-15 20:25:44.288 [main] ERROR com.otabi.jcodroneedu.Drone - Connection verification failed - State ready: true, Info available: false
2025-11-15 20:25:44.331 [main] INFO  com.otabi.jcodroneedu.SerialPortManager - Serial port disconnected.
2025-11-15 20:25:44.670 [main] ERROR com.otabi.jcodroneedu.SerialPortManager - Cannot write, serial port is not open.
2025-11-15 20:25:44.726 [main] ERROR com.otabi.jcodroneedu.SerialPortManager - Cannot write, serial port is not open.
2025-11-15 20:25:44.759 [main] ERROR com.otabi.jcodroneedu.SerialPortManager - Cannot write, serial port is not open.
2025-11-15 20:25:44.793 [main] ERROR com.otabi.jcodroneedu.SerialPortManager - Cannot write, serial port is not open.
2025-11-15 20:25:44.828 [main] ERROR com.otabi.jcodroneedu.SerialPortManager - Cannot write, serial port is not open.
2025-11-15 20:25:44.863 [main] ERROR com.otabi.jcodroneedu.SerialPortManager - Cannot write, serial port is not open.
2025-11-15 20:25:44.897 [main] ERROR com.otabi.jcodroneedu.SerialPortManager - Cannot write, serial port is not open.
2025-11-15 20:25:44.930 [main] ERROR com.otabi.jcodroneedu.SerialPortManager - Cannot write, serial port is not open.
2025-11-15 20:25:44.965 [main] ERROR com.otabi.jcodroneedu.SerialPortManager - Cannot write, serial port is not open.
2025-11-15 20:25:44.996 [main] ERROR com.otabi.jcodroneedu.SerialPortManager - Cannot write, serial port is not open.
2025-11-15 20:25:45.030 [main] ERROR com.otabi.jcodroneedu.SerialPortManager - Cannot write, serial port is not open.
2025-11-15 20:25:45.066 [main] ERROR com.otabi.jcodroneedu.SerialPortManager - Cannot write, serial port is not open.
2025-11-15 20:25:45.098 [main] ERROR com.otabi.jcodroneedu.SerialPortManager - Cannot write, serial port is not open.
2025-11-15 20:25:45.134 [main] ERROR com.otabi.jcodroneedu.SerialPortManager - Cannot write, serial port is not open.
2025-11-15 20:25:45.165 [main] ERROR com.otabi.jcodroneedu.SerialPortManager - Cannot write, serial port is not open.
2025-11-15 20:25:45.198 [main] ERROR com.otabi.jcodroneedu.SerialPortManager - Cannot write, serial port is not open.
2025-11-15 20:25:45.230 [main] ERROR com.otabi.jcodroneedu.SerialPortManager - Cannot write, serial port is not open.
2025-11-15 20:25:45.266 [main] ERROR com.otabi.jcodroneedu.SerialPortManager - Cannot write, serial port is not open.
2025-11-15 20:25:45.297 [main] ERROR com.otabi.jcodroneedu.SerialPortManager - Cannot write, serial port is not open.
2025-11-15 20:25:45.328 [main] ERROR com.otabi.jcodroneedu.SerialPortManager - Cannot write, serial port is not open.
2025-11-15 20:25:45.358 [main] ERROR com.otabi.jcodroneedu.SerialPortManager - Cannot write, serial port is not open.
2025-11-15 20:25:45.415 [main] ERROR com.otabi.jcodroneedu.SerialPortManager - Cannot write, serial port is not open.
2025-11-15 20:25:45.470 [main] ERROR com.otabi.jcodroneedu.SerialPortManager - Cannot write, serial port is not open.
2025-11-15 20:25:45.533 [main] ERROR com.otabi.jcodroneedu.SerialPortManager - Cannot write, serial port is not open.
2025-11-15 20:25:45.593 [main] ERROR com.otabi.jcodroneedu.SerialPortManager - Cannot write, serial port is not open.
2025-11-15 20:25:50.644 [main] ERROR com.otabi.jcodroneedu.SerialPortManager - Cannot write, serial port is not open.
2025-11-15 20:25:50.698 [main] ERROR com.otabi.jcodroneedu.SerialPortManager - Cannot write, serial port is not open.
2025-11-15 20:25:50.734 [main] ERROR com.otabi.jcodroneedu.SerialPortManager - Cannot write, serial port is not open.
2025-11-15 20:25:50.768 [main] ERROR com.otabi.jcodroneedu.SerialPortManager - Cannot write, serial port is not open.
2025-11-15 20:25:50.799 [main] ERROR com.otabi.jcodroneedu.SerialPortManager - Cannot write, serial port is not open.
2025-11-15 20:25:50.833 [main] ERROR com.otabi.jcodroneedu.SerialPortManager - Cannot write, serial port is not open.
2025-11-15 20:25:50.866 [main] ERROR com.otabi.jcodroneedu.SerialPortManager - Cannot write, serial port is not open.
2025-11-15 20:25:50.899 [main] ERROR com.otabi.jcodroneedu.SerialPortManager - Cannot write, serial port is not open.
2025-11-15 20:25:50.930 [main] ERROR com.otabi.jcodroneedu.SerialPortManager - Cannot write, serial port is not open.
2025-11-15 20:25:50.964 [main] ERROR com.otabi.jcodroneedu.SerialPortManager - Cannot write, serial port is not open.
2025-11-15 20:25:50.998 [main] ERROR com.otabi.jcodroneedu.SerialPortManager - Cannot write, serial port is not open.
2025-11-15 20:25:51.029 [main] ERROR com.otabi.jcodroneedu.SerialPortManager - Cannot write, serial port is not open.
2025-11-15 20:25:51.064 [main] ERROR com.otabi.jcodroneedu.SerialPortManager - Cannot write, serial port is not open.
2025-11-15 20:25:51.096 [main] ERROR com.otabi.jcodroneedu.SerialPortManager - Cannot write, serial port is not open.
2025-11-15 20:25:51.131 [main] ERROR com.otabi.jcodroneedu.SerialPortManager - Cannot write, serial port is not open.
2025-11-15 20:25:51.165 [main] ERROR com.otabi.jcodroneedu.SerialPortManager - Cannot write, serial port is not open.
2025-11-15 20:25:51.199 [main] ERROR com.otabi.jcodroneedu.SerialPortManager - Cannot write, serial port is not open.
2025-11-15 20:25:51.232 [main] ERROR com.otabi.jcodroneedu.SerialPortManager - Cannot write, serial port is not open.
2025-11-15 20:25:51.264 [main] ERROR com.otabi.jcodroneedu.SerialPortManager - Cannot write, serial port is not open.
2025-11-15 20:25:51.300 [main] ERROR com.otabi.jcodroneedu.SerialPortManager - Cannot write, serial port is not open.
2025-11-15 20:25:51.336 [main] ERROR com.otabi.jcodroneedu.SerialPortManager - Cannot write, serial port is not open.
2025-11-15 20:25:51.367 [main] ERROR com.otabi.jcodroneedu.SerialPortManager - Cannot write, serial port is not open.
2025-11-15 20:25:51.398 [main] ERROR com.otabi.jcodroneedu.SerialPortManager - Cannot write, serial port is not open.
2025-11-15 20:25:51.431 [main] ERROR com.otabi.jcodroneedu.SerialPortManager - Cannot write, serial port is not open.
2025-11-15 20:25:51.464 [main] ERROR com.otabi.jcodroneedu.SerialPortManager - Cannot write, serial port is not open.
2025-11-15 20:25:56.532 [main] ERROR com.otabi.jcodroneedu.SerialPortManager - Cannot write, serial port is not open.
2025-11-15 20:25:56.582 [main] ERROR com.otabi.jcodroneedu.SerialPortManager - Cannot write, serial port is not open.
2025-11-15 20:25:56.613 [main] ERROR com.otabi.jcodroneedu.SerialPortManager - Cannot write, serial port is not open.
2025-11-15 20:25:56.648 [main] ERROR com.otabi.jcodroneedu.SerialPortManager - Cannot write, serial port is not open.
2025-11-15 20:25:56.684 [main] ERROR com.otabi.jcodroneedu.SerialPortManager - Cannot write, serial port is not open.
2025-11-15 20:25:56.715 [main] ERROR com.otabi.jcodroneedu.SerialPortManager - Cannot write, serial port is not open.
2025-11-15 20:25:56.749 [main] ERROR com.otabi.jcodroneedu.SerialPortManager - Cannot write, serial port is not open.
2025-11-15 20:25:56.785 [main] ERROR com.otabi.jcodroneedu.SerialPortManager - Cannot write, serial port is not open.
2025-11-15 20:25:56.820 [main] ERROR com.otabi.jcodroneedu.SerialPortManager - Cannot write, serial port is not open.
2025-11-15 20:25:56.852 [main] ERROR com.otabi.jcodroneedu.SerialPortManager - Cannot write, serial port is not open.
2025-11-15 20:25:56.885 [main] ERROR com.otabi.jcodroneedu.SerialPortManager - Cannot write, serial port is not open.
2025-11-15 20:25:56.917 [main] ERROR com.otabi.jcodroneedu.SerialPortManager - Cannot write, serial port is not open.
2025-11-15 20:25:56.953 [main] ERROR com.otabi.jcodroneedu.SerialPortManager - Cannot write, serial port is not open.
2025-11-15 20:25:56.984 [main] ERROR com.otabi.jcodroneedu.SerialPortManager - Cannot write, serial port is not open.
2025-11-15 20:25:57.017 [main] ERROR com.otabi.jcodroneedu.SerialPortManager - Cannot write, serial port is not open.
2025-11-15 20:25:57.051 [main] ERROR com.otabi.jcodroneedu.SerialPortManager - Cannot write, serial port is not open.
2025-11-15 20:25:57.083 [main] ERROR com.otabi.jcodroneedu.SerialPortManager - Cannot write, serial port is not open.
2025-11-15 20:25:57.118 [main] ERROR com.otabi.jcodroneedu.SerialPortManager - Cannot write, serial port is not open.
2025-11-15 20:25:57.150 [main] ERROR com.otabi.jcodroneedu.SerialPortManager - Cannot write, serial port is not open.
2025-11-15 20:25:57.183 [main] ERROR com.otabi.jcodroneedu.SerialPortManager - Cannot write, serial port is not open.
2025-11-15 20:25:57.231 [main] ERROR com.otabi.jcodroneedu.SerialPortManager - Cannot write, serial port is not open.
2025-11-15 20:25:57.263 [main] ERROR com.otabi.jcodroneedu.SerialPortManager - Cannot write, serial port is not open.
2025-11-15 20:25:57.299 [main] ERROR com.otabi.jcodroneedu.SerialPortManager - Cannot write, serial port is not open.
2025-11-15 20:25:57.332 [main] ERROR com.otabi.jcodroneedu.SerialPortManager - Cannot write, serial port is not open.
2025-11-15 20:25:57.363 [main] ERROR com.otabi.jcodroneedu.SerialPortManager - Cannot write, serial port is not open.
2025-11-15 20:26:02.405 [main] ERROR com.otabi.jcodroneedu.SerialPortManager - Cannot write, serial port is not open.
2025-11-15 20:26:02.458 [main] ERROR com.otabi.jcodroneedu.SerialPortManager - Cannot write, serial port is not open.
2025-11-15 20:26:02.493 [main] ERROR com.otabi.jcodroneedu.SerialPortManager - Cannot write, serial port is not open.
2025-11-15 20:26:02.526 [main] ERROR com.otabi.jcodroneedu.SerialPortManager - Cannot write, serial port is not open.
2025-11-15 20:26:02.560 [main] ERROR com.otabi.jcodroneedu.SerialPortManager - Cannot write, serial port is not open.
2025-11-15 20:26:02.594 [main] ERROR com.otabi.jcodroneedu.SerialPortManager - Cannot write, serial port is not open.
2025-11-15 20:26:02.627 [main] ERROR com.otabi.jcodroneedu.SerialPortManager - Cannot write, serial port is not open.
2025-11-15 20:26:02.659 [main] ERROR com.otabi.jcodroneedu.SerialPortManager - Cannot write, serial port is not open.
2025-11-15 20:26:02.694 [main] ERROR com.otabi.jcodroneedu.SerialPortManager - Cannot write, serial port is not open.
2025-11-15 20:26:02.726 [main] ERROR com.otabi.jcodroneedu.SerialPortManager - Cannot write, serial port is not open.
2025-11-15 20:26:02.759 [main] ERROR com.otabi.jcodroneedu.SerialPortManager - Cannot write, serial port is not open.
2025-11-15 20:26:02.790 [main] ERROR com.otabi.jcodroneedu.SerialPortManager - Cannot write, serial port is not open.
2025-11-15 20:26:02.822 [main] ERROR com.otabi.jcodroneedu.SerialPortManager - Cannot write, serial port is not open.
2025-11-15 20:26:02.858 [main] ERROR com.otabi.jcodroneedu.SerialPortManager - Cannot write, serial port is not open.
2025-11-15 20:26:02.889 [main] ERROR com.otabi.jcodroneedu.SerialPortManager - Cannot write, serial port is not open.
2025-11-15 20:26:02.924 [main] ERROR com.otabi.jcodroneedu.SerialPortManager - Cannot write, serial port is not open.
2025-11-15 20:26:02.955 [main] ERROR com.otabi.jcodroneedu.SerialPortManager - Cannot write, serial port is not open.
2025-11-15 20:26:02.991 [main] ERROR com.otabi.jcodroneedu.SerialPortManager - Cannot write, serial port is not open.
2025-11-15 20:26:03.024 [main] ERROR com.otabi.jcodroneedu.SerialPortManager - Cannot write, serial port is not open.
2025-11-15 20:26:03.059 [main] ERROR com.otabi.jcodroneedu.SerialPortManager - Cannot write, serial port is not open.
2025-11-15 20:26:03.092 [main] ERROR com.otabi.jcodroneedu.SerialPortManager - Cannot write, serial port is not open.
2025-11-15 20:26:03.125 [main] ERROR com.otabi.jcodroneedu.SerialPortManager - Cannot write, serial port is not open.
2025-11-15 20:26:03.160 [main] ERROR com.otabi.jcodroneedu.SerialPortManager - Cannot write, serial port is not open.
2025-11-15 20:26:03.195 [main] ERROR com.otabi.jcodroneedu.SerialPortManager - Cannot write, serial port is not open.
2025-11-15 20:26:03.230 [main] ERROR com.otabi.jcodroneedu.SerialPortManager - Cannot write, serial port is not open.
2025-11-15 20:26:08.270 [main] ERROR com.otabi.jcodroneedu.SerialPortManager - Cannot write, serial port is not open.
2025-11-15 20:26:08.326 [main] ERROR com.otabi.jcodroneedu.SerialPortManager - Cannot write, serial port is not open.
2025-11-15 20:26:08.357 [main] ERROR com.otabi.jcodroneedu.SerialPortManager - Cannot write, serial port is not open.
2025-11-15 20:26:08.392 [main] ERROR com.otabi.jcodroneedu.SerialPortManager - Cannot write, serial port is not open.
2025-11-15 20:26:08.423 [main] ERROR com.otabi.jcodroneedu.SerialPortManager - Cannot write, serial port is not open.
2025-11-15 20:26:08.459 [main] ERROR com.otabi.jcodroneedu.SerialPortManager - Cannot write, serial port is not open.
2025-11-15 20:26:08.491 [main] ERROR com.otabi.jcodroneedu.SerialPortManager - Cannot write, serial port is not open.
2025-11-15 20:26:08.527 [main] ERROR com.otabi.jcodroneedu.SerialPortManager - Cannot write, serial port is not open.
2025-11-15 20:26:08.559 [main] ERROR com.otabi.jcodroneedu.SerialPortManager - Cannot write, serial port is not open.
2025-11-15 20:26:08.592 [main] ERROR com.otabi.jcodroneedu.SerialPortManager - Cannot write, serial port is not open.
2025-11-15 20:26:08.625 [main] ERROR com.otabi.jcodroneedu.SerialPortManager - Cannot write, serial port is not open.
2025-11-15 20:26:08.657 [main] ERROR com.otabi.jcodroneedu.SerialPortManager - Cannot write, serial port is not open.
2025-11-15 20:26:08.689 [main] ERROR com.otabi.jcodroneedu.SerialPortManager - Cannot write, serial port is not open.
2025-11-15 20:26:08.724 [main] ERROR com.otabi.jcodroneedu.SerialPortManager - Cannot write, serial port is not open.
2025-11-15 20:26:08.756 [main] ERROR com.otabi.jcodroneedu.SerialPortManager - Cannot write, serial port is not open.
2025-11-15 20:26:08.788 [main] ERROR com.otabi.jcodroneedu.SerialPortManager - Cannot write, serial port is not open.
2025-11-15 20:26:08.825 [main] ERROR com.otabi.jcodroneedu.SerialPortManager - Cannot write, serial port is not open.
2025-11-15 20:26:08.860 [main] ERROR com.otabi.jcodroneedu.SerialPortManager - Cannot write, serial port is not open.
2025-11-15 20:26:08.894 [main] ERROR com.otabi.jcodroneedu.SerialPortManager - Cannot write, serial port is not open.
2025-11-15 20:26:08.929 [main] ERROR com.otabi.jcodroneedu.SerialPortManager - Cannot write, serial port is not open.
2025-11-15 20:26:08.964 [main] ERROR com.otabi.jcodroneedu.SerialPortManager - Cannot write, serial port is not open.
2025-11-15 20:26:09.000 [main] ERROR com.otabi.jcodroneedu.SerialPortManager - Cannot write, serial port is not open.
2025-11-15 20:26:09.033 [main] ERROR com.otabi.jcodroneedu.SerialPortManager - Cannot write, serial port is not open.
2025-11-15 20:26:09.068 [main] ERROR com.otabi.jcodroneedu.SerialPortManager - Cannot write, serial port is not open.
2025-11-15 20:26:09.104 [main] ERROR com.otabi.jcodroneedu.SerialPortManager - Cannot write, serial port is not open.
2025-11-15 20:26:14.147 [main] ERROR com.otabi.jcodroneedu.SerialPortManager - Cannot write, serial port is not open.
2025-11-15 20:26:14.202 [main] ERROR com.otabi.jcodroneedu.SerialPortManager - Cannot write, serial port is not open.
2025-11-15 20:26:14.232 [main] ERROR com.otabi.jcodroneedu.SerialPortManager - Cannot write, serial port is not open.
2025-11-15 20:26:14.267 [main] ERROR com.otabi.jcodroneedu.SerialPortManager - Cannot write, serial port is not open.
2025-11-15 20:26:14.303 [main] ERROR com.otabi.jcodroneedu.SerialPortManager - Cannot write, serial port is not open.
2025-11-15 20:26:14.334 [main] ERROR com.otabi.jcodroneedu.SerialPortManager - Cannot write, serial port is not open.
2025-11-15 20:26:14.366 [main] ERROR com.otabi.jcodroneedu.SerialPortManager - Cannot write, serial port is not open.
2025-11-15 20:26:14.399 [main] ERROR com.otabi.jcodroneedu.SerialPortManager - Cannot write, serial port is not open.
2025-11-15 20:26:14.430 [main] ERROR com.otabi.jcodroneedu.SerialPortManager - Cannot write, serial port is not open.
2025-11-15 20:26:14.463 [main] ERROR com.otabi.jcodroneedu.SerialPortManager - Cannot write, serial port is not open.
2025-11-15 20:26:14.498 [main] ERROR com.otabi.jcodroneedu.SerialPortManager - Cannot write, serial port is not open.
2025-11-15 20:26:14.533 [main] ERROR com.otabi.jcodroneedu.SerialPortManager - Cannot write, serial port is not open.
2025-11-15 20:26:14.566 [main] ERROR com.otabi.jcodroneedu.SerialPortManager - Cannot write, serial port is not open.
2025-11-15 20:26:14.598 [main] ERROR com.otabi.jcodroneedu.SerialPortManager - Cannot write, serial port is not open.
2025-11-15 20:26:14.631 [main] ERROR com.otabi.jcodroneedu.SerialPortManager - Cannot write, serial port is not open.
2025-11-15 20:26:14.664 [main] ERROR com.otabi.jcodroneedu.SerialPortManager - Cannot write, serial port is not open.
2025-11-15 20:26:14.701 [main] ERROR com.otabi.jcodroneedu.SerialPortManager - Cannot write, serial port is not open.
2025-11-15 20:26:14.732 [main] ERROR com.otabi.jcodroneedu.SerialPortManager - Cannot write, serial port is not open.
2025-11-15 20:26:14.764 [main] ERROR com.otabi.jcodroneedu.SerialPortManager - Cannot write, serial port is not open.
2025-11-15 20:26:14.798 [main] ERROR com.otabi.jcodroneedu.SerialPortManager - Cannot write, serial port is not open.
2025-11-15 20:26:14.831 [main] ERROR com.otabi.jcodroneedu.SerialPortManager - Cannot write, serial port is not open.
2025-11-15 20:26:14.865 [main] ERROR com.otabi.jcodroneedu.SerialPortManager - Cannot write, serial port is not open.
2025-11-15 20:26:14.899 [main] ERROR com.otabi.jcodroneedu.SerialPortManager - Cannot write, serial port is not open.
2025-11-15 20:26:14.931 [main] ERROR com.otabi.jcodroneedu.SerialPortManager - Cannot write, serial port is not open.
2025-11-15 20:26:14.963 [main] ERROR com.otabi.jcodroneedu.SerialPortManager - Cannot write, serial port is not open.
2025-11-15 20:26:20.004 [main] ERROR com.otabi.jcodroneedu.SerialPortManager - Cannot write, serial port is not open.
2025-11-15 20:26:20.060 [main] ERROR com.otabi.jcodroneedu.SerialPortManager - Cannot write, serial port is not open.
2025-11-15 20:26:20.094 [main] ERROR com.otabi.jcodroneedu.SerialPortManager - Cannot write, serial port is not open.
2025-11-15 20:26:20.125 [main] ERROR com.otabi.jcodroneedu.SerialPortManager - Cannot write, serial port is not open.
2025-11-15 20:26:20.161 [main] ERROR com.otabi.jcodroneedu.SerialPortManager - Cannot write, serial port is not open.
2025-11-15 20:26:20.194 [main] ERROR com.otabi.jcodroneedu.SerialPortManager - Cannot write, serial port is not open.
2025-11-15 20:26:20.226 [main] ERROR com.otabi.jcodroneedu.SerialPortManager - Cannot write, serial port is not open.
2025-11-15 20:26:20.259 [main] ERROR com.otabi.jcodroneedu.SerialPortManager - Cannot write, serial port is not open.
2025-11-15 20:26:20.292 [main] ERROR com.otabi.jcodroneedu.SerialPortManager - Cannot write, serial port is not open.
2025-11-15 20:26:20.328 [main] ERROR com.otabi.jcodroneedu.SerialPortManager - Cannot write, serial port is not open.
2025-11-15 20:26:20.364 [main] ERROR com.otabi.jcodroneedu.SerialPortManager - Cannot write, serial port is not open.
2025-11-15 20:26:20.399 [main] ERROR com.otabi.jcodroneedu.SerialPortManager - Cannot write, serial port is not open.
2025-11-15 20:26:20.431 [main] ERROR com.otabi.jcodroneedu.SerialPortManager - Cannot write, serial port is not open.
2025-11-15 20:26:20.463 [main] ERROR com.otabi.jcodroneedu.SerialPortManager - Cannot write, serial port is not open.
2025-11-15 20:26:20.498 [main] ERROR com.otabi.jcodroneedu.SerialPortManager - Cannot write, serial port is not open.
2025-11-15 20:26:20.531 [main] ERROR com.otabi.jcodroneedu.SerialPortManager - Cannot write, serial port is not open.
2025-11-15 20:26:20.563 [main] ERROR com.otabi.jcodroneedu.SerialPortManager - Cannot write, serial port is not open.
2025-11-15 20:26:20.598 [main] ERROR com.otabi.jcodroneedu.SerialPortManager - Cannot write, serial port is not open.
2025-11-15 20:26:20.631 [main] ERROR com.otabi.jcodroneedu.SerialPortManager - Cannot write, serial port is not open.
2025-11-15 20:26:20.666 [main] ERROR com.otabi.jcodroneedu.SerialPortManager - Cannot write, serial port is not open.
2025-11-15 20:26:20.699 [main] ERROR com.otabi.jcodroneedu.SerialPortManager - Cannot write, serial port is not open.
2025-11-15 20:26:20.733 [main] ERROR com.otabi.jcodroneedu.SerialPortManager - Cannot write, serial port is not open.
2025-11-15 20:26:20.766 [main] ERROR com.otabi.jcodroneedu.SerialPortManager - Cannot write, serial port is not open.
2025-11-15 20:26:20.798 [main] ERROR com.otabi.jcodroneedu.SerialPortManager - Cannot write, serial port is not open.
2025-11-15 20:26:20.832 [main] ERROR com.otabi.jcodroneedu.SerialPortManager - Cannot write, serial port is not open.
2025-11-15 20:26:25.867 [main] ERROR com.otabi.jcodroneedu.SerialPortManager - Cannot write, serial port is not open.
2025-11-15 20:26:25.919 [main] ERROR com.otabi.jcodroneedu.SerialPortManager - Cannot write, serial port is not open.
2025-11-15 20:26:25.953 [main] ERROR com.otabi.jcodroneedu.SerialPortManager - Cannot write, serial port is not open.
2025-11-15 20:26:25.988 [main] ERROR com.otabi.jcodroneedu.SerialPortManager - Cannot write, serial port is not open.
2025-11-15 20:26:26.019 [main] ERROR com.otabi.jcodroneedu.SerialPortManager - Cannot write, serial port is not open.
2025-11-15 20:26:26.053 [main] ERROR com.otabi.jcodroneedu.SerialPortManager - Cannot write, serial port is not open.
2025-11-15 20:26:26.089 [main] ERROR com.otabi.jcodroneedu.SerialPortManager - Cannot write, serial port is not open.
2025-11-15 20:26:26.122 [main] ERROR com.otabi.jcodroneedu.SerialPortManager - Cannot write, serial port is not open.
2025-11-15 20:26:26.158 [main] ERROR com.otabi.jcodroneedu.SerialPortManager - Cannot write, serial port is not open.
2025-11-15 20:26:26.191 [main] ERROR com.otabi.jcodroneedu.SerialPortManager - Cannot write, serial port is not open.
2025-11-15 20:26:26.227 [main] ERROR com.otabi.jcodroneedu.SerialPortManager - Cannot write, serial port is not open.
2025-11-15 20:26:26.258 [main] ERROR com.otabi.jcodroneedu.SerialPortManager - Cannot write, serial port is not open.
2025-11-15 20:26:26.294 [main] ERROR com.otabi.jcodroneedu.SerialPortManager - Cannot write, serial port is not open.
2025-11-15 20:26:26.330 [main] ERROR com.otabi.jcodroneedu.SerialPortManager - Cannot write, serial port is not open.
2025-11-15 20:26:26.365 [main] ERROR com.otabi.jcodroneedu.SerialPortManager - Cannot write, serial port is not open.
2025-11-15 20:26:26.398 [main] ERROR com.otabi.jcodroneedu.SerialPortManager - Cannot write, serial port is not open.
2025-11-15 20:26:26.432 [main] ERROR com.otabi.jcodroneedu.SerialPortManager - Cannot write, serial port is not open.
2025-11-15 20:26:26.465 [main] ERROR com.otabi.jcodroneedu.SerialPortManager - Cannot write, serial port is not open.
2025-11-15 20:26:26.499 [main] ERROR com.otabi.jcodroneedu.SerialPortManager - Cannot write, serial port is not open.
2025-11-15 20:26:26.530 [main] ERROR com.otabi.jcodroneedu.SerialPortManager - Cannot write, serial port is not open.
2025-11-15 20:26:26.565 [main] ERROR com.otabi.jcodroneedu.SerialPortManager - Cannot write, serial port is not open.
2025-11-15 20:26:26.601 [main] ERROR com.otabi.jcodroneedu.SerialPortManager - Cannot write, serial port is not open.
2025-11-15 20:26:26.633 [main] ERROR com.otabi.jcodroneedu.SerialPortManager - Cannot write, serial port is not open.
2025-11-15 20:26:26.665 [main] ERROR com.otabi.jcodroneedu.SerialPortManager - Cannot write, serial port is not open.
2025-11-15 20:26:26.700 [main] ERROR com.otabi.jcodroneedu.SerialPortManager - Cannot write, serial port is not open.
2025-11-15 20:26:31.736 [main] ERROR com.otabi.jcodroneedu.SerialPortManager - Cannot write, serial port is not open.
2025-11-15 20:26:31.788 [main] ERROR com.otabi.jcodroneedu.SerialPortManager - Cannot write, serial port is not open.
2025-11-15 20:26:31.824 [main] ERROR com.otabi.jcodroneedu.SerialPortManager - Cannot write, serial port is not open.
2025-11-15 20:26:31.859 [main] ERROR com.otabi.jcodroneedu.SerialPortManager - Cannot write, serial port is not open.
2025-11-15 20:26:31.891 [main] ERROR com.otabi.jcodroneedu.SerialPortManager - Cannot write, serial port is not open.
2025-11-15 20:26:31.923 [main] ERROR com.otabi.jcodroneedu.SerialPortManager - Cannot write, serial port is not open.
2025-11-15 20:26:31.959 [main] ERROR com.otabi.jcodroneedu.SerialPortManager - Cannot write, serial port is not open.
2025-11-15 20:26:31.992 [main] ERROR com.otabi.jcodroneedu.SerialPortManager - Cannot write, serial port is not open.
2025-11-15 20:26:32.028 [main] ERROR com.otabi.jcodroneedu.SerialPortManager - Cannot write, serial port is not open.
2025-11-15 20:26:32.062 [main] ERROR com.otabi.jcodroneedu.SerialPortManager - Cannot write, serial port is not open.
2025-11-15 20:26:32.097 [main] ERROR com.otabi.jcodroneedu.SerialPortManager - Cannot write, serial port is not open.
2025-11-15 20:26:32.132 [main] ERROR com.otabi.jcodroneedu.SerialPortManager - Cannot write, serial port is not open.
2025-11-15 20:26:32.165 [main] ERROR com.otabi.jcodroneedu.SerialPortManager - Cannot write, serial port is not open.
2025-11-15 20:26:32.200 [main] ERROR com.otabi.jcodroneedu.SerialPortManager - Cannot write, serial port is not open.
2025-11-15 20:26:32.233 [main] ERROR com.otabi.jcodroneedu.SerialPortManager - Cannot write, serial port is not open.
2025-11-15 20:26:32.266 [main] ERROR com.otabi.jcodroneedu.SerialPortManager - Cannot write, serial port is not open.
2025-11-15 20:26:32.299 [main] ERROR com.otabi.jcodroneedu.SerialPortManager - Cannot write, serial port is not open.
2025-11-15 20:26:32.335 [main] ERROR com.otabi.jcodroneedu.SerialPortManager - Cannot write, serial port is not open.
2025-11-15 20:26:32.368 [main] ERROR com.otabi.jcodroneedu.SerialPortManager - Cannot write, serial port is not open.
2025-11-15 20:26:32.399 [main] ERROR com.otabi.jcodroneedu.SerialPortManager - Cannot write, serial port is not open.
2025-11-15 20:26:32.435 [main] ERROR com.otabi.jcodroneedu.SerialPortManager - Cannot write, serial port is not open.
2025-11-15 20:26:32.466 [main] ERROR com.otabi.jcodroneedu.SerialPortManager - Cannot write, serial port is not open.
2025-11-15 20:26:32.501 [main] ERROR com.otabi.jcodroneedu.SerialPortManager - Cannot write, serial port is not open.
2025-11-15 20:26:32.536 [main] ERROR com.otabi.jcodroneedu.SerialPortManager - Cannot write, serial port is not open.
2025-11-15 20:26:32.572 [main] ERROR com.otabi.jcodroneedu.SerialPortManager - Cannot write, serial port is not open.
2025-11-15 20:26:37.612 [main] ERROR com.otabi.jcodroneedu.SerialPortManager - Cannot write, serial port is not open.
2025-11-15 20:26:37.669 [main] ERROR com.otabi.jcodroneedu.SerialPortManager - Cannot write, serial port is not open.
2025-11-15 20:26:37.704 [main] ERROR com.otabi.jcodroneedu.SerialPortManager - Cannot write, serial port is not open.
2025-11-15 20:26:37.738 [main] ERROR com.otabi.jcodroneedu.SerialPortManager - Cannot write, serial port is not open.
2025-11-15 20:26:37.772 [main] ERROR com.otabi.jcodroneedu.SerialPortManager - Cannot write, serial port is not open.
2025-11-15 20:26:37.807 [main] ERROR com.otabi.jcodroneedu.SerialPortManager - Cannot write, serial port is not open.
2025-11-15 20:26:37.842 [main] ERROR com.otabi.jcodroneedu.SerialPortManager - Cannot write, serial port is not open.
2025-11-15 20:26:37.882 [main] ERROR com.otabi.jcodroneedu.SerialPortManager - Cannot write, serial port is not open.
2025-11-15 20:26:37.922 [main] ERROR com.otabi.jcodroneedu.SerialPortManager - Cannot write, serial port is not open.
2025-11-15 20:26:37.959 [main] ERROR com.otabi.jcodroneedu.SerialPortManager - Cannot write, serial port is not open.
2025-11-15 20:26:37.994 [main] ERROR com.otabi.jcodroneedu.SerialPortManager - Cannot write, serial port is not open.
2025-11-15 20:26:38.032 [main] ERROR com.otabi.jcodroneedu.SerialPortManager - Cannot write, serial port is not open.
2025-11-15 20:26:38.068 [main] ERROR com.otabi.jcodroneedu.SerialPortManager - Cannot write, serial port is not open.
2025-11-15 20:26:38.103 [main] ERROR com.otabi.jcodroneedu.SerialPortManager - Cannot write, serial port is not open.
2025-11-15 20:26:38.135 [main] ERROR com.otabi.jcodroneedu.SerialPortManager - Cannot write, serial port is not open.
2025-11-15 20:26:38.171 [main] ERROR com.otabi.jcodroneedu.SerialPortManager - Cannot write, serial port is not open.
2025-11-15 20:26:38.206 [main] ERROR com.otabi.jcodroneedu.SerialPortManager - Cannot write, serial port is not open.
2025-11-15 20:26:38.241 [main] ERROR com.otabi.jcodroneedu.SerialPortManager - Cannot write, serial port is not open.
2025-11-15 20:26:38.273 [main] ERROR com.otabi.jcodroneedu.SerialPortManager - Cannot write, serial port is not open.
2025-11-15 20:26:38.308 [main] ERROR com.otabi.jcodroneedu.SerialPortManager - Cannot write, serial port is not open.
2025-11-15 20:26:38.340 [main] ERROR com.otabi.jcodroneedu.SerialPortManager - Cannot write, serial port is not open.
2025-11-15 20:26:38.375 [main] ERROR com.otabi.jcodroneedu.SerialPortManager - Cannot write, serial port is not open.
2025-11-15 20:26:38.407 [main] ERROR com.otabi.jcodroneedu.SerialPortManager - Cannot write, serial port is not open.
2025-11-15 20:26:38.438 [main] ERROR com.otabi.jcodroneedu.SerialPortManager - Cannot write, serial port is not open.
2025-11-15 20:26:38.472 [main] ERROR com.otabi.jcodroneedu.SerialPortManager - Cannot write, serial port is not open.
2025-11-15 20:26:52.832 [main] INFO  com.otabi.jcodroneedu.Drone - Drone instance created and ready for connection.
2025-11-15 20:26:52.844 [main] INFO  com.otabi.jcodroneedu.SerialPortManager - Detected CoDrone EDU controller at port cu.usbmodem3973337534311
2025-11-15 20:26:52.883 [main] INFO  com.otabi.jcodroneedu.SerialPortManager - Connected to cu.usbmodem3973337534311
2025-11-15 20:26:53.092 [main] INFO  com.otabi.jcodroneedu.Drone - Connection established - Model: DRONE_8_DRONE_P1, Firmware: 25.2.1, Battery: 76%
2025-11-15 20:27:16.681 [Thread-1] WARN  com.otabi.jcodroneedu.receiver.Receiver - Invalid start sequence. Expected 0x55, got 0x0A
2025-11-15 20:27:47.538 [main] INFO  com.otabi.jcodroneedu.SerialPortManager - Serial port disconnected.
2025-11-15 20:32:21.074 [main] INFO  com.otabi.jcodroneedu.Drone - Drone instance created and ready for connection.
2025-11-15 20:32:21.087 [main] INFO  com.otabi.jcodroneedu.SerialPortManager - Detected CoDrone EDU controller at port cu.usbmodem3973337534311
2025-11-15 20:32:21.127 [main] INFO  com.otabi.jcodroneedu.SerialPortManager - Connected to cu.usbmodem3973337534311
2025-11-15 20:32:21.339 [main] INFO  com.otabi.jcodroneedu.Drone - Connection established - Model: DRONE_8_DRONE_P1, Firmware: 25.2.1, Battery: 75%
2025-11-15 20:32:31.470 [main] INFO  com.otabi.jcodroneedu.SerialPortManager - Serial port disconnected.
2025-11-15 20:33:31.819 [main] INFO  com.otabi.jcodroneedu.Drone - Drone instance created and ready for connection.
2025-11-15 20:33:31.831 [main] INFO  com.otabi.jcodroneedu.SerialPortManager - Detected CoDrone EDU controller at port cu.usbmodem3973337534311
2025-11-15 20:33:31.870 [main] INFO  com.otabi.jcodroneedu.SerialPortManager - Connected to cu.usbmodem3973337534311
2025-11-15 20:33:32.082 [main] INFO  com.otabi.jcodroneedu.Drone - Connection established - Model: DRONE_8_DRONE_P1, Firmware: 25.2.1, Battery: 74%
2025-11-15 20:33:33.871 [main] INFO  com.otabi.jcodroneedu.SerialPortManager - Serial port disconnected.
2025-11-15 20:33:48.792 [main] INFO  com.otabi.jcodroneedu.Drone - Drone instance created and ready for connection.
2025-11-15 20:33:48.802 [main] INFO  com.otabi.jcodroneedu.SerialPortManager - Detected CoDrone EDU controller at port cu.usbmodem3973337534311
2025-11-15 20:33:48.841 [main] INFO  com.otabi.jcodroneedu.SerialPortManager - Connected to cu.usbmodem3973337534311
2025-11-15 20:33:49.052 [main] ERROR com.otabi.jcodroneedu.Drone - Connection verification failed - State ready: false, Info available: true
2025-11-15 20:33:49.072 [main] INFO  com.otabi.jcodroneedu.SerialPortManager - Serial port disconnected.
2025-11-15 20:33:49.074 [main] ERROR com.otabi.jcodroneedu.SerialPortManager - Cannot write, serial port is not open.
2025-11-15 20:33:49.580 [main] ERROR com.otabi.jcodroneedu.SerialPortManager - Cannot write, serial port is not open.
2025-11-15 20:33:50.085 [main] ERROR com.otabi.jcodroneedu.SerialPortManager - Cannot write, serial port is not open.
2025-11-15 20:33:50.141 [main] ERROR com.otabi.jcodroneedu.SerialPortManager - Cannot write, serial port is not open.
2025-11-15 20:33:50.197 [main] ERROR com.otabi.jcodroneedu.SerialPortManager - Cannot write, serial port is not open.
2025-11-15 20:33:59.737 [main] INFO  com.otabi.jcodroneedu.Drone - Drone instance created and ready for connection.
2025-11-15 20:33:59.749 [main] INFO  com.otabi.jcodroneedu.SerialPortManager - Detected CoDrone EDU controller at port cu.usbmodem3973337534311
2025-11-15 20:33:59.788 [main] INFO  com.otabi.jcodroneedu.SerialPortManager - Connected to cu.usbmodem3973337534311
2025-11-15 20:34:00.003 [main] INFO  com.otabi.jcodroneedu.Drone - Connection established - Model: DRONE_8_DRONE_P1, Firmware: 25.2.1, Battery: 0%
2025-11-15 20:34:01.792 [main] INFO  com.otabi.jcodroneedu.SerialPortManager - Serial port disconnected.
2025-11-15 20:34:44.188 [main] INFO  com.otabi.jcodroneedu.Drone - Drone instance created and ready for connection.
2025-11-15 20:34:44.199 [main] INFO  com.otabi.jcodroneedu.SerialPortManager - Detected CoDrone EDU controller at port cu.usbmodem3973337534311
2025-11-15 20:34:44.239 [main] INFO  com.otabi.jcodroneedu.SerialPortManager - Connected to cu.usbmodem3973337534311
2025-11-15 20:34:44.451 [main] INFO  com.otabi.jcodroneedu.Drone - Connection established - Model: DRONE_8_DRONE_P1, Firmware: 25.2.1, Battery: 74%
2025-11-15 20:34:46.234 [main] INFO  com.otabi.jcodroneedu.SerialPortManager - Serial port disconnected.
2025-11-15 20:36:31.437 [main] INFO  com.otabi.jcodroneedu.Drone - Drone instance created and ready for connection.
2025-11-15 20:36:31.449 [main] INFO  com.otabi.jcodroneedu.SerialPortManager - Detected CoDrone EDU controller at port cu.usbmodem3973337534311
2025-11-15 20:36:31.488 [main] INFO  com.otabi.jcodroneedu.SerialPortManager - Connected to cu.usbmodem3973337534311
2025-11-15 20:36:31.704 [main] INFO  com.otabi.jcodroneedu.Drone - Connection established - Model: DRONE_8_DRONE_P1, Firmware: 25.2.1, Battery: 74%
2025-11-15 20:36:33.278 [main] INFO  com.otabi.jcodroneedu.SerialPortManager - Serial port disconnected.
2025-11-15 20:36:53.116 [main] INFO  com.otabi.jcodroneedu.Drone - Drone instance created and ready for connection.
2025-11-15 20:36:53.129 [main] INFO  com.otabi.jcodroneedu.SerialPortManager - Detected CoDrone EDU controller at port cu.usbmodem3973337534311
2025-11-15 20:36:53.168 [main] INFO  com.otabi.jcodroneedu.SerialPortManager - Connected to cu.usbmodem3973337534311
2025-11-15 20:36:53.380 [main] INFO  com.otabi.jcodroneedu.Drone - Connection established - Model: DRONE_8_DRONE_P1, Firmware: 25.2.1, Battery: 74%
2025-11-15 20:36:54.959 [main] INFO  com.otabi.jcodroneedu.SerialPortManager - Serial port disconnected.
2025-11-15 20:41:17.792 [main] INFO  com.otabi.jcodroneedu.Drone - Drone instance created and ready for connection.
2025-11-15 20:41:17.803 [main] INFO  com.otabi.jcodroneedu.SerialPortManager - Detected CoDrone EDU controller at port cu.usbmodem3973337534311
2025-11-15 20:41:17.842 [main] INFO  com.otabi.jcodroneedu.SerialPortManager - Connected to cu.usbmodem3973337534311
2025-11-15 20:41:18.052 [main] INFO  com.otabi.jcodroneedu.Drone - Connection established - Model: DRONE_8_DRONE_P1, Firmware: 25.2.1, Battery: 73%
2025-11-15 20:41:19.448 [main] INFO  com.otabi.jcodroneedu.SerialPortManager - Serial port disconnected.
2025-11-15 20:41:46.577 [main] INFO  com.otabi.jcodroneedu.Drone - Drone instance created and ready for connection.
2025-11-15 20:41:46.587 [main] INFO  com.otabi.jcodroneedu.SerialPortManager - Detected CoDrone EDU controller at port cu.usbmodem3973337534311
2025-11-15 20:41:46.626 [main] INFO  com.otabi.jcodroneedu.SerialPortManager - Connected to cu.usbmodem3973337534311
2025-11-15 20:41:46.841 [main] INFO  com.otabi.jcodroneedu.Drone - Connection established - Model: DRONE_8_DRONE_P1, Firmware: 25.2.1, Battery: 73%
2025-11-15 20:41:48.568 [main] INFO  com.otabi.jcodroneedu.SerialPortManager - Serial port disconnected.
2025-11-15 20:42:13.866 [main] INFO  com.otabi.jcodroneedu.Drone - Drone instance created and ready for connection.
2025-11-15 20:42:13.877 [main] INFO  com.otabi.jcodroneedu.SerialPortManager - Detected CoDrone EDU controller at port cu.usbmodem3973337534311
2025-11-15 20:42:13.916 [main] INFO  com.otabi.jcodroneedu.SerialPortManager - Connected to cu.usbmodem3973337534311
2025-11-15 20:42:14.124 [main] INFO  com.otabi.jcodroneedu.Drone - Connection established - Model: DRONE_8_DRONE_P1, Firmware: 25.2.1, Battery: 73%
2025-11-15 20:42:15.927 [main] INFO  com.otabi.jcodroneedu.SerialPortManager - Serial port disconnected.
2025-11-15 20:42:38.357 [main] INFO  com.otabi.jcodroneedu.Drone - Drone instance created and ready for connection.
2025-11-15 20:42:38.371 [main] INFO  com.otabi.jcodroneedu.SerialPortManager - Detected CoDrone EDU controller at port cu.usbmodem3973337534311
2025-11-15 20:42:38.411 [main] INFO  com.otabi.jcodroneedu.SerialPortManager - Connected to cu.usbmodem3973337534311
2025-11-15 20:42:38.627 [main] INFO  com.otabi.jcodroneedu.Drone - Connection established - Model: DRONE_8_DRONE_P1, Firmware: 25.2.1, Battery: 0%
2025-11-15 20:42:40.329 [main] INFO  com.otabi.jcodroneedu.SerialPortManager - Serial port disconnected.
2025-11-15 20:43:05.890 [main] INFO  com.otabi.jcodroneedu.Drone - Drone instance created and ready for connection.
2025-11-15 20:43:05.908 [main] INFO  com.otabi.jcodroneedu.SerialPortManager - Detected CoDrone EDU controller at port cu.usbmodem3973337534311
2025-11-15 20:43:05.947 [main] INFO  com.otabi.jcodroneedu.SerialPortManager - Connected to cu.usbmodem3973337534311
2025-11-15 20:43:06.162 [main] INFO  com.otabi.jcodroneedu.Drone - Connection established - Model: DRONE_8_DRONE_P1, Firmware: 25.2.1, Battery: 73%
2025-11-15 20:43:07.008 [main] INFO  com.otabi.jcodroneedu.SerialPortManager - Serial port disconnected.
2025-11-15 20:44:52.143 [main] INFO  com.otabi.jcodroneedu.Drone - Drone instance created and ready for connection.
2025-11-15 20:44:52.155 [main] INFO  com.otabi.jcodroneedu.SerialPortManager - Detected CoDrone EDU controller at port cu.usbmodem3973337534311
2025-11-15 20:44:52.194 [main] INFO  com.otabi.jcodroneedu.SerialPortManager - Connected to cu.usbmodem3973337534311
2025-11-15 20:44:52.410 [main] ERROR com.otabi.jcodroneedu.Drone - Connection verification failed - State ready: false, Info available: true
2025-11-15 20:44:52.451 [main] INFO  com.otabi.jcodroneedu.SerialPortManager - Serial port disconnected.
2025-11-15 20:44:52.454 [main] ERROR com.otabi.jcodroneedu.SerialPortManager - Cannot write, serial port is not open.
2025-11-15 20:44:52.761 [main] ERROR com.otabi.jcodroneedu.SerialPortManager - Cannot write, serial port is not open.
2025-11-15 20:44:52.969 [main] ERROR com.otabi.jcodroneedu.SerialPortManager - Cannot write, serial port is not open.
2025-11-15 20:45:07.019 [main] INFO  com.otabi.jcodroneedu.Drone - Drone instance created and ready for connection.
2025-11-15 20:45:07.031 [main] INFO  com.otabi.jcodroneedu.SerialPortManager - Detected CoDrone EDU controller at port cu.usbmodem3973337534311
2025-11-15 20:45:07.070 [main] INFO  com.otabi.jcodroneedu.SerialPortManager - Connected to cu.usbmodem3973337534311
2025-11-15 20:45:07.281 [main] INFO  com.otabi.jcodroneedu.Drone - Connection established - Model: DRONE_8_DRONE_P1, Firmware: 25.2.1, Battery: 73%
2025-11-15 20:45:08.132 [main] INFO  com.otabi.jcodroneedu.SerialPortManager - Serial port disconnected.
2025-11-15 20:48:11.638 [main] INFO  com.otabi.jcodroneedu.Drone - Drone instance created and ready for connection.
2025-11-15 20:48:11.649 [main] INFO  com.otabi.jcodroneedu.SerialPortManager - Detected CoDrone EDU controller at port cu.usbmodem3973337534311
2025-11-15 20:48:11.688 [main] INFO  com.otabi.jcodroneedu.SerialPortManager - Connected to cu.usbmodem3973337534311
2025-11-15 20:48:11.903 [main] INFO  com.otabi.jcodroneedu.Drone - Connection established - Model: DRONE_8_DRONE_P1, Firmware: 25.2.1, Battery: 72%
2025-11-15 20:49:07.062 [main] INFO  com.otabi.jcodroneedu.SerialPortManager - Serial port disconnected.
2025-11-15 20:49:21.478 [main] INFO  com.otabi.jcodroneedu.Drone - Drone instance created and ready for connection.
2025-11-15 20:49:21.489 [main] INFO  com.otabi.jcodroneedu.SerialPortManager - Detected CoDrone EDU controller at port cu.usbmodem3973337534311
2025-11-15 20:49:21.528 [main] INFO  com.otabi.jcodroneedu.SerialPortManager - Connected to cu.usbmodem3973337534311
2025-11-15 20:49:21.743 [main] INFO  com.otabi.jcodroneedu.Drone - Connection established - Model: DRONE_8_DRONE_P1, Firmware: 25.2.1, Battery: 72%
2025-11-15 20:49:40.429 [Thread-1] WARN  com.otabi.jcodroneedu.SerialPortManager - Error reading from serial port: The read operation timed out before any data was returned.
2025-11-15 20:49:40.532 [Thread-1] WARN  com.otabi.jcodroneedu.SerialPortManager - Error reading from serial port: The read operation timed out before any data was returned.
2025-11-15 20:50:16.289 [main] INFO  com.otabi.jcodroneedu.SerialPortManager - Serial port disconnected.
2025-11-15 20:50:25.688 [main] INFO  com.otabi.jcodroneedu.Drone - Drone instance created and ready for connection.
2025-11-15 20:50:25.700 [main] INFO  com.otabi.jcodroneedu.SerialPortManager - Detected CoDrone EDU controller at port cu.usbmodem3973337534311
2025-11-15 20:50:25.739 [main] INFO  com.otabi.jcodroneedu.SerialPortManager - Connected to cu.usbmodem3973337534311
2025-11-15 20:50:25.950 [main] INFO  com.otabi.jcodroneedu.Drone - Connection established - Model: DRONE_8_DRONE_P1, Firmware: 25.2.1, Battery: 72%
2025-11-15 20:51:06.541 [Thread-1] WARN  com.otabi.jcodroneedu.receiver.Receiver - Invalid start sequence. Expected 0x55, got 0x88
2025-11-15 20:51:20.332 [main] INFO  com.otabi.jcodroneedu.SerialPortManager - Serial port disconnected.
2025-11-15 20:55:22.474 [main] INFO  com.otabi.jcodroneedu.Drone - Drone instance created and ready for connection.
2025-11-15 20:55:22.485 [main] INFO  com.otabi.jcodroneedu.SerialPortManager - Detected CoDrone EDU controller at port cu.usbmodem3973337534311
2025-11-15 20:55:22.523 [main] INFO  com.otabi.jcodroneedu.SerialPortManager - Connected to cu.usbmodem3973337534311
2025-11-15 20:55:22.741 [main] INFO  com.otabi.jcodroneedu.Drone - Connection established - Model: DRONE_8_DRONE_P1, Firmware: 25.2.1, Battery: 71%
2025-11-15 20:56:21.065 [main] INFO  com.otabi.jcodroneedu.SerialPortManager - Serial port disconnected.
2025-11-15 20:57:44.838 [main] INFO  com.otabi.jcodroneedu.Drone - Drone instance created and ready for connection.
2025-11-15 20:57:44.849 [main] INFO  com.otabi.jcodroneedu.SerialPortManager - Detected CoDrone EDU controller at port cu.usbmodem3973337534311
2025-11-15 20:57:44.888 [main] INFO  com.otabi.jcodroneedu.SerialPortManager - Connected to cu.usbmodem3973337534311
2025-11-15 20:57:45.101 [main] INFO  com.otabi.jcodroneedu.Drone - Connection established - Model: DRONE_8_DRONE_P1, Firmware: 25.2.1, Battery: 71%
2025-11-15 20:58:43.474 [main] INFO  com.otabi.jcodroneedu.SerialPortManager - Serial port disconnected.
2025-11-15 21:00:18.233 [main] INFO  com.otabi.jcodroneedu.Drone - Drone instance created and ready for connection.
2025-11-15 21:00:18.244 [main] INFO  com.otabi.jcodroneedu.SerialPortManager - Detected CoDrone EDU controller at port cu.usbmodem3973337534311
2025-11-15 21:00:18.282 [main] INFO  com.otabi.jcodroneedu.SerialPortManager - Connected to cu.usbmodem3973337534311
2025-11-15 21:00:18.498 [main] INFO  com.otabi.jcodroneedu.Drone - Connection established - Model: DRONE_8_DRONE_P1, Firmware: 25.2.1, Battery: 70%
2025-11-15 21:01:16.802 [main] INFO  com.otabi.jcodroneedu.SerialPortManager - Serial port disconnected.
2025-11-15 21:05:37.943 [main] INFO  com.otabi.jcodroneedu.Drone - Drone instance created and ready for connection.
2025-11-15 21:05:37.955 [main] INFO  com.otabi.jcodroneedu.SerialPortManager - Detected CoDrone EDU controller at port cu.usbmodem3973337534311
2025-11-15 21:05:37.993 [main] INFO  com.otabi.jcodroneedu.SerialPortManager - Connected to cu.usbmodem3973337534311
2025-11-15 21:05:38.210 [main] INFO  com.otabi.jcodroneedu.Drone - Connection established - Model: DRONE_8_DRONE_P1, Firmware: 25.2.1, Battery: 69%
2025-11-15 21:06:28.397 [Thread-1] WARN  com.otabi.jcodroneedu.receiver.Receiver - Invalid start sequence. Expected 0x55, got 0x99
2025-11-15 21:06:32.693 [main] INFO  com.otabi.jcodroneedu.SerialPortManager - Serial port disconnected.
2025-11-15 21:12:58.285 [main] INFO  com.otabi.jcodroneedu.Drone - Drone instance created and ready for connection.
2025-11-15 21:12:58.296 [main] INFO  com.otabi.jcodroneedu.SerialPortManager - Detected CoDrone EDU controller at port cu.usbmodem3973337534311
2025-11-15 21:12:58.334 [main] INFO  com.otabi.jcodroneedu.SerialPortManager - Connected to cu.usbmodem3973337534311
2025-11-15 21:12:58.546 [main] INFO  com.otabi.jcodroneedu.Drone - Connection established - Model: DRONE_8_DRONE_P1, Firmware: 25.2.1, Battery: 68%
2025-11-15 21:13:02.308 [main] INFO  com.otabi.jcodroneedu.SerialPortManager - Serial port disconnected.
2025-11-15 21:14:18.621 [main] INFO  com.otabi.jcodroneedu.Drone - Drone instance created and ready for connection.
2025-11-15 21:14:18.632 [main] INFO  com.otabi.jcodroneedu.SerialPortManager - Detected CoDrone EDU controller at port cu.usbmodem3973337534311
2025-11-15 21:14:18.673 [main] INFO  com.otabi.jcodroneedu.SerialPortManager - Connected to cu.usbmodem3973337534311
2025-11-15 21:14:18.883 [main] INFO  com.otabi.jcodroneedu.Drone - Connection established - Model: DRONE_8_DRONE_P1, Firmware: 25.2.1, Battery: 68%
2025-11-15 21:14:23.109 [main] INFO  com.otabi.jcodroneedu.SerialPortManager - Serial port disconnected.
2025-11-15 21:15:03.640 [main] INFO  com.otabi.jcodroneedu.Drone - Drone instance created and ready for connection.
2025-11-15 21:15:03.651 [main] INFO  com.otabi.jcodroneedu.SerialPortManager - Detected CoDrone EDU controller at port cu.usbmodem3973337534311
2025-11-15 21:15:03.690 [main] INFO  com.otabi.jcodroneedu.SerialPortManager - Connected to cu.usbmodem3973337534311
2025-11-15 21:15:03.899 [main] INFO  com.otabi.jcodroneedu.Drone - Connection established - Model: DRONE_8_DRONE_P1, Firmware: 25.2.1, Battery: 68%
2025-11-15 21:15:07.589 [main] INFO  com.otabi.jcodroneedu.SerialPortManager - Serial port disconnected.
2025-11-15 21:15:36.468 [main] INFO  com.otabi.jcodroneedu.Drone - Drone instance created and ready for connection.
2025-11-15 21:15:36.479 [main] INFO  com.otabi.jcodroneedu.SerialPortManager - Detected CoDrone EDU controller at port cu.usbmodem3973337534311
2025-11-15 21:15:36.518 [main] INFO  com.otabi.jcodroneedu.SerialPortManager - Connected to cu.usbmodem3973337534311
2025-11-15 21:15:36.731 [main] INFO  com.otabi.jcodroneedu.Drone - Connection established - Model: DRONE_8_DRONE_P1, Firmware: 25.2.1, Battery: 68%
2025-11-15 21:16:51.903 [main] INFO  com.otabi.jcodroneedu.Drone - Drone instance created and ready for connection.
2025-11-15 21:16:51.913 [main] INFO  com.otabi.jcodroneedu.SerialPortManager - Detected CoDrone EDU controller at port cu.usbmodem3973337534311
2025-11-15 21:16:51.952 [main] INFO  com.otabi.jcodroneedu.SerialPortManager - Connected to cu.usbmodem3973337534311
2025-11-15 21:16:52.161 [main] INFO  com.otabi.jcodroneedu.Drone - Connection established - Model: DRONE_8_DRONE_P1, Firmware: 25.2.1, Battery: 68%
2025-11-15 21:18:17.595 [main] INFO  com.otabi.jcodroneedu.SerialPortManager - Serial port disconnected.
